experiment_name,run_id,sample_id,model_name,model_family,backend,quant_bits,method,method_family,budget,benchmark,context_length,needle_depth,ppl,mean_nll,contains_ground_truth,exact_match,answer_f1,correct,official_score,official_correct,official_metric_name,official_metric_implementation,dataset_official,primary_metric,primary_score,evidence_recall,evidence_precision,max_kv_len,final_kv_len,avg_kv_len,total_time_s,prefill_time_s,decode_time_s,eviction_time_s,score_time_s,topk_time_s,cache_rebuild_time_s,tokens_per_second,avg_ms_per_token,score_update_count,eviction_count,skipped,skipped_reason,unsupported_reason,oracle
ruler_vt_diag_qwen25_7b_8methods,20260615_223853,0,mlx-community/Qwen2.5-7B-Instruct-4bit,qwen,mlx,4,full,recency,256,ruler,16349,,1.0,0.0,True,False,0.1,True,100.0,True,string_match_all,ruler_public_string_match,True,string_match_all,100.0,0.0,0.0,16364,16364,16349.5,178.314011875,85.682457834,2.6935352060000497,0.0,0.0,0.0,0.0,11.137779054520161,89.78450686666832,0,16109,False,,,False
ruler_vt_diag_qwen25_7b_8methods,20260615_223853,1,mlx-community/Qwen2.5-7B-Instruct-4bit,qwen,mlx,4,full,recency,256,ruler,16346,,1.016806330386261,0.016666666666666666,True,False,0.11764705882352941,True,100.0,True,string_match_all,ruler_public_string_match,True,string_match_all,100.0,0.0,0.0,16360,16360,16345.5,182.72079808299995,88.184796667,3.063383958000145,0.0,0.0,0.0,0.0,9.793091695754901,102.11279860000482,0,16105,False,,,False
ruler_vt_diag_qwen25_7b_8methods,20260615_223853,2,mlx-community/Qwen2.5-7B-Instruct-4bit,qwen,mlx,4,full,recency,256,ruler,16355,,1.006859355852471,0.0068359375,True,False,0.14285714285714288,True,100.0,True,string_match_all,ruler_public_string_match,True,string_match_all,100.0,0.0,0.0,16368,16368,16353.5,181.91924629099998,89.72582629200002,2.6160171250000417,0.0,0.0,0.0,0.0,11.467814837029984,87.20057083333472,0,16113,False,,,False
ruler_vt_diag_qwen25_7b_8methods,20260615_223853,3,mlx-community/Qwen2.5-7B-Instruct-4bit,qwen,mlx,4,full,recency,256,ruler,16354,,1.2699411848232303,0.23897058823529413,True,False,0.14285714285714288,False,80.0,False,string_match_all,ruler_public_string_match,True,string_match_all,80.0,0.0,0.0,16366,16366,16351.5,181.063398334,88.25432587500006,3.059886210999821,0.0,0.0,0.0,0.0,9.804286150300168,101.99620703332737,0,16111,False,,,False
ruler_vt_diag_qwen25_7b_8methods,20260615_223853,4,mlx-community/Qwen2.5-7B-Instruct-4bit,qwen,mlx,4,full,recency,256,ruler,16349,,1.0058765747144782,0.005859375,True,False,0.125,True,100.0,True,string_match_all,ruler_public_string_match,True,string_match_all,100.0,0.0,0.0,16362,16362,16347.5,182.32126799999992,88.52308049999999,2.853443587000129,0.0,0.0,0.0,0.0,10.513612442410148,95.11478623333764,0,16107,False,,,False
ruler_vt_diag_qwen25_7b_8methods,20260615_223853,5,mlx-community/Qwen2.5-7B-Instruct-4bit,qwen,mlx,4,full,recency,256,ruler,16359,,1.1390656639536885,0.13020833333333334,True,False,0.125,True,100.0,True,string_match_all,ruler_public_string_match,True,string_match_all,100.0,0.0,0.0,16370,16370,16355.5,186.9982447499999,87.78511804100003,2.5987641249996614,0.0,0.0,0.0,0.0,11.543948799125396,86.62547083332204,0,16115,False,,,False
ruler_vt_diag_qwen25_7b_8methods,20260615_223853,6,mlx-community/Qwen2.5-7B-Instruct-4bit,qwen,mlx,4,full,recency,256,ruler,16352,,1.025715712478906,0.025390625,True,False,0.125,True,100.0,True,string_match_all,ruler_public_string_match,True,string_match_all,100.0,0.0,0.0,16365,16365,16350.5,187.64511370800005,95.11804045899999,2.6479684579996956,0.0,0.0,0.0,0.0,11.329440088067487,88.26561526665652,0,16110,False,,,False
ruler_vt_diag_qwen25_7b_8methods,20260615_223853,7,mlx-community/Qwen2.5-7B-Instruct-4bit,qwen,mlx,4,full,recency,256,ruler,16352,,1.0052219202795956,0.005208333333333333,True,False,0.11764705882352941,True,100.0,True,string_match_all,ruler_public_string_match,True,string_match_all,100.0,0.0,0.0,16366,16366,16351.5,181.1313749159999,88.3701410000001,3.03453108600047,0.0,0.0,0.0,0.0,9.886206187968295,101.15103620001567,0,16111,False,,,False
ruler_vt_diag_qwen25_7b_8methods,20260615_223853,8,mlx-community/Qwen2.5-7B-Instruct-4bit,qwen,mlx,4,full,recency,256,ruler,16343,,1.0621210051443315,0.060267857142857144,True,False,0.1111111111111111,True,100.0,True,string_match_all,ruler_public_string_match,True,string_match_all,100.0,0.0,0.0,16358,16358,16343.5,180.65212216700002,88.48894045899988,2.61377766600026,0.0,0.0,0.0,0.0,11.477640348005412,87.12592220000867,0,16103,False,,,False
ruler_vt_diag_qwen25_7b_8methods,20260615_223853,9,mlx-community/Qwen2.5-7B-Instruct-4bit,qwen,mlx,4,full,recency,256,ruler,16357,,1.1383679208429225,0.12959558823529413,True,False,0.11764705882352941,True,100.0,True,string_match_all,ruler_public_string_match,True,string_match_all,100.0,0.0,0.0,16369,16369,16354.5,182.80601683300006,89.12749958299992,2.8970962900002633,0.0,0.0,0.0,0.0,10.355196029745105,96.56987633334211,0,16114,False,,,False
ruler_vt_diag_qwen25_7b_8methods,20260615_223853,0,mlx-community/Qwen2.5-7B-Instruct-4bit,qwen,mlx,4,attention,attention,256,ruler,16349,,2.2535347872132085,0.8125,True,False,0.16666666666666669,False,60.0,False,string_match_all,ruler_public_string_match,True,string_match_all,60.0,0.0,0.0,256,256,256.0,237.02398845799985,89.49336912500007,3.9775841700002275,0.7486662930002694,0.004109819996983788,0.010383639006249723,1.0705710800020825,7.542266541149847,132.58613900000756,868,868,False,,,False
ruler_vt_diag_qwen25_7b_8methods,20260615_223853,1,mlx-community/Qwen2.5-7B-Instruct-4bit,qwen,mlx,4,attention,attention,256,ruler,16346,,3.9100167843733487,1.3635416666666667,True,False,0.10526315789473684,False,60.0,False,string_match_all,ruler_public_string_match,True,string_match_all,60.0,0.0,0.0,256,256,256.0,240.26777291700046,88.30256229199995,5.813722923000114,0.7146288310000273,0.0025722000023051805,0.006960722002077091,1.010396210995168,5.160204639494377,193.7907641000038,868,868,False,,,False
ruler_vt_diag_qwen25_7b_8methods,20260615_223853,2,mlx-community/Qwen2.5-7B-Instruct-4bit,qwen,mlx,4,attention,attention,256,ruler,16355,,1.9617327228939123,0.673828125,True,False,0.18181818181818182,False,60.0,False,string_match_all,ruler_public_string_match,True,string_match_all,60.0,0.0,0.0,256,256,256.0,246.18603845900043,88.76196454199999,6.633894875000351,0.7147258779987169,0.002597585996682028,0.007059550004214543,0.9799575569932131,4.522230238084442,221.12982916667838,868,868,False,,,False
ruler_vt_diag_qwen25_7b_8methods,20260615_223853,3,mlx-community/Qwen2.5-7B-Instruct-4bit,qwen,mlx,4,attention,attention,256,ruler,16354,,7.204632808364923,1.9747242647058822,True,False,0.1,False,60.0,False,string_match_all,ruler_public_string_match,True,string_match_all,60.0,0.0,0.0,256,256,256.0,249.23724637399982,92.0010682080001,6.228674168001362,0.7481548360001398,0.0034866749997490842,0.011469661999853997,1.0793964249974124,4.816434315045622,207.62247226671207,868,868,False,,,False
ruler_vt_diag_qwen25_7b_8methods,20260615_223853,4,mlx-community/Qwen2.5-7B-Instruct-4bit,qwen,mlx,4,attention,attention,256,ruler,16349,,7.743664305075443,2.046875,True,False,0.11764705882352941,False,40.0,False,string_match_all,ruler_public_string_match,True,string_match_all,40.0,0.0,0.0,256,256,256.0,239.50439212499987,87.10741033300019,5.9814099190007255,0.6861586260006334,0.002984887996717589,0.006964019996757997,1.02300166000623,5.015539882110588,199.38033063335752,868,868,False,,,False
ruler_vt_diag_qwen25_7b_8methods,20260615_223853,5,mlx-community/Qwen2.5-7B-Instruct-4bit,qwen,mlx,4,attention,attention,256,ruler,16359,,9.463060334456232,2.2473958333333335,False,False,0.0,False,0.0,False,string_match_all,ruler_public_string_match,True,string_match_all,0.0,0.0,0.0,256,256,256.0,238.7905464999999,87.02448816699962,6.30671541700076,0.7001201639982355,0.002376700010700006,0.006511720000617061,1.0394346219964063,4.756834265762207,210.22384723335867,868,868,False,,,False
ruler_vt_diag_qwen25_7b_8methods,20260615_223853,6,mlx-community/Qwen2.5-7B-Instruct-4bit,qwen,mlx,4,attention,attention,256,ruler,16352,,2.926275543134164,1.07373046875,True,False,0.1111111111111111,False,60.0,False,string_match_all,ruler_public_string_match,True,string_match_all,60.0,0.0,0.0,256,256,256.0,239.788506375,88.30590366700017,5.780397627999264,0.71376278900334,0.002604432992029615,0.025164294995192904,1.0105095140061167,5.189954382149265,192.6799209333088,868,868,False,,,False
ruler_vt_diag_qwen25_7b_8methods,20260615_223853,7,mlx-community/Qwen2.5-7B-Instruct-4bit,qwen,mlx,4,attention,attention,256,ruler,16352,,5.745618130328692,1.7484375,True,False,0.08695652173913045,False,60.0,False,string_match_all,ruler_public_string_match,True,string_match_all,60.0,0.0,0.0,256,256,256.0,239.660615709,88.82258366699989,5.575654245998976,0.7211496680001801,0.002619148997382581,0.006853729998056224,1.0004324469969106,5.380534494499484,185.85514153329922,868,868,False,,,False
ruler_vt_diag_qwen25_7b_8methods,20260615_223853,8,mlx-community/Qwen2.5-7B-Instruct-4bit,qwen,mlx,4,attention,attention,256,ruler,16343,,1.2075772400677063,0.18861607142857142,True,False,0.11764705882352941,True,100.0,True,string_match_all,ruler_public_string_match,True,string_match_all,100.0,0.0,0.0,256,256,256.0,240.039661625,88.8649233330002,5.7290914159998465,0.7236957889986115,0.002630331996442692,0.007093620000432566,0.9903474860052484,5.2364324151326835,190.96971386666155,868,868,False,,,False
ruler_vt_diag_qwen25_7b_8methods,20260615_223853,9,mlx-community/Qwen2.5-7B-Instruct-4bit,qwen,mlx,4,attention,attention,256,ruler,16357,,13.099974637252643,2.572610294117647,True,False,0.1111111111111111,False,60.0,False,string_match_all,ruler_public_string_match,True,string_match_all,60.0,0.0,0.0,256,256,256.0,239.76187116699884,88.77602812500027,6.875992834000499,0.7230818709986124,0.002598733010017895,0.007073366991789953,0.9797184029966957,4.363006292219446,229.19976113334997,868,868,False,,,False
ruler_vt_diag_qwen25_7b_8methods,20260615_223853,0,mlx-community/Qwen2.5-7B-Instruct-4bit,qwen,mlx,4,snapkv,attention,256,ruler,16349,,3.88074360371381,1.3560267857142858,True,False,0.1111111111111111,False,60.0,False,string_match_all,ruler_public_string_match,True,string_match_all,60.0,0.0,0.0,286,286,271.5,308.61689195799954,114.6254732490006,5.480591165998703,0.0,25.77529858899834,0.003419379003389622,0.05296520900083124,5.473862050889402,182.6863721999568,28,28,False,,,False
ruler_vt_diag_qwen25_7b_8methods,20260615_223853,1,mlx-community/Qwen2.5-7B-Instruct-4bit,qwen,mlx,4,snapkv,attention,256,ruler,16346,,4.285376159309816,1.4552083333333334,True,False,0.13333333333333333,False,40.0,False,string_match_all,ruler_public_string_match,True,string_match_all,40.0,0.0,0.0,286,286,271.5,315.0939670830003,115.60688074999962,9.181145625998397,0.0,26.82855712899709,0.0032425810013592127,0.034743665002679336,3.267566077489123,306.0381875332799,28,28,False,,,False
ruler_vt_diag_qwen25_7b_8methods,20260615_223853,2,mlx-community/Qwen2.5-7B-Instruct-4bit,qwen,mlx,4,snapkv,attention,256,ruler,16355,,2.4762325727570556,0.90673828125,True,False,0.125,False,40.0,False,string_match_all,ruler_public_string_match,True,string_match_all,40.0,0.0,0.0,286,286,271.5,313.34190804099944,115.32439837399943,6.139202458999534,0.0,26.130704166002033,0.003232497004319157,0.037933998003609304,4.886628222534447,204.64008196665114,28,28,False,,,False
ruler_vt_diag_qwen25_7b_8methods,20260615_223853,3,mlx-community/Qwen2.5-7B-Instruct-4bit,qwen,mlx,4,snapkv,attention,256,ruler,16354,,3.3736412378180454,1.2159926470588236,True,False,0.125,False,40.0,False,string_match_all,ruler_public_string_match,True,string_match_all,40.0,0.0,0.0,286,286,271.5,313.7940667919993,115.7836093750002,6.1110267120047865,0.0,26.632785375998537,0.0032665420012563118,0.036953414998606604,4.909158708317638,203.70089040015955,28,28,False,,,False
ruler_vt_diag_qwen25_7b_8methods,20260615_223853,4,mlx-community/Qwen2.5-7B-Instruct-4bit,qwen,mlx,4,snapkv,attention,256,ruler,16349,,9.798473051840089,2.2822265625,False,False,0.0,False,20.0,False,string_match_all,ruler_public_string_match,True,string_match_all,20.0,0.0,0.0,286,286,271.5,315.9698244580004,115.43400195899994,8.16473774699898,0.0,26.283048125002097,0.0032592900006420678,0.034407206998366746,3.67433724506666,272.157924899966,28,28,False,,,False
ruler_vt_diag_qwen25_7b_8methods,20260615_223853,5,mlx-community/Qwen2.5-7B-Instruct-4bit,qwen,mlx,4,snapkv,attention,256,ruler,16359,,4.059426334327711,1.4010416666666667,True,False,0.1111111111111111,False,40.0,False,string_match_all,ruler_public_string_match,True,string_match_all,40.0,0.0,0.0,286,286,271.5,331.3421753750008,124.74722770800054,8.18852699800027,0.0,32.43895079000231,0.0030620819989053416,0.056264084002577874,3.6636625863633756,272.9508999333424,28,28,False,,,False
ruler_vt_diag_qwen25_7b_8methods,20260615_223853,6,mlx-community/Qwen2.5-7B-Instruct-4bit,qwen,mlx,4,snapkv,attention,256,ruler,16352,,46.49549697933449,3.83935546875,False,False,0.0,False,0.0,False,string_match_all,ruler_public_string_match,True,string_match_all,0.0,0.0,0.0,286,286,271.5,316.38106225000047,116.18602887499947,7.419499292997898,0.0,27.43090708199543,0.0029766210027446505,0.030883249998623796,4.043399536180601,247.31664309992993,28,28,False,,,False
ruler_vt_diag_qwen25_7b_8methods,20260615_223853,7,mlx-community/Qwen2.5-7B-Instruct-4bit,qwen,mlx,4,snapkv,attention,256,ruler,16352,,18.878445722970337,2.9380208333333333,True,False,0.125,False,40.0,False,string_match_all,ruler_public_string_match,True,string_match_all,40.0,0.0,0.0,286,286,271.5,310.2408347090004,115.64055054200071,6.2327654539985815,0.0,26.550295586001084,0.0029691650024687988,0.03387691500120127,4.813272731248652,207.75884846661938,28,28,False,,,False
ruler_vt_diag_qwen25_7b_8methods,20260615_223853,8,mlx-community/Qwen2.5-7B-Instruct-4bit,qwen,mlx,4,snapkv,attention,256,ruler,16343,,1.9168239868283936,0.6506696428571429,False,False,0.0,False,60.0,False,string_match_all,ruler_public_string_match,True,string_match_all,60.0,0.0,0.0,286,286,271.5,307.2411739569998,113.8172223749998,5.68065224899874,0.0,26.824644045998866,0.0030052869997234666,0.03873033299987583,5.281083700430305,189.35507496662467,28,28,False,,,False
ruler_vt_diag_qwen25_7b_8methods,20260615_223853,9,mlx-community/Qwen2.5-7B-Instruct-4bit,qwen,mlx,4,snapkv,attention,256,ruler,16357,,13.540680563603262,2.6056985294117645,True,False,0.13333333333333333,False,40.0,False,string_match_all,ruler_public_string_match,True,string_match_all,40.0,0.0,0.0,286,286,271.5,310.8251719580003,113.0234736249995,5.728479372999573,0.0,25.933104913000534,0.0029061649984214455,0.038519996000104584,5.236991886782558,190.94931243331908,28,28,False,,,False
ruler_vt_diag_qwen25_7b_8methods,20260615_223853,0,mlx-community/Qwen2.5-7B-Instruct-4bit,qwen,mlx,4,compactor,hybrid,256,ruler,16349,,14.876410726845135,2.6997767857142856,True,False,0.2222222222222222,False,20.0,False,string_match_all,ruler_public_string_match,True,string_match_all,20.0,0.0,0.0,680,680,665.5,274.3140332490002,93.92853999999988,1.6448499180060026,0.0,6.96633670600113,0.0037812110003869748,0.033492502997432894,18.238746083513817,54.82833060020008,28,28,False,,,False
ruler_vt_diag_qwen25_7b_8methods,20260615_223853,1,mlx-community/Qwen2.5-7B-Instruct-4bit,qwen,mlx,4,compactor,hybrid,256,ruler,16346,,104.69398503111668,4.651041666666667,False,False,0.0,False,0.0,False,string_match_all,ruler_public_string_match,True,string_match_all,0.0,0.0,0.0,693,693,678.5,279.6608272909998,95.93578920799973,1.7311905440046758,0.0,6.649015538999265,0.00368387399794301,0.02832920700075192,17.329114986154277,57.706351466822525,28,28,False,,,False
ruler_vt_diag_qwen25_7b_8methods,20260615_223853,2,mlx-community/Qwen2.5-7B-Instruct-4bit,qwen,mlx,4,compactor,hybrid,256,ruler,16355,,19.66821549756221,2.97900390625,False,False,0.0,False,0.0,False,string_match_all,ruler_public_string_match,True,string_match_all,0.0,0.0,0.0,677,677,662.5,282.0182949579994,96.16424670800006,1.8631904580024639,0.0,6.977849084001718,0.003717582997524005,0.03269366700442333,16.1014135034607,62.10634860008213,28,28,False,,,False
ruler_vt_diag_qwen25_7b_8methods,20260615_223853,3,mlx-community/Qwen2.5-7B-Instruct-4bit,qwen,mlx,4,compactor,hybrid,256,ruler,16354,,54.573064736074414,3.9995404411764706,False,False,0.0,False,0.0,False,string_match_all,ruler_public_string_match,True,string_match_all,0.0,0.0,0.0,682,682,667.5,284.68359283300015,96.33279508300075,2.140048081999339,0.0,7.200699583996538,0.0037569570031337207,0.03182383399507671,14.018376620759152,71.33493606664463,28,28,False,,,False
ruler_vt_diag_qwen25_7b_8methods,20260615_223853,4,mlx-community/Qwen2.5-7B-Instruct-4bit,qwen,mlx,4,compactor,hybrid,256,ruler,16349,,24.80232751057381,3.2109375,False,False,0.0,False,0.0,False,string_match_all,ruler_public_string_match,True,string_match_all,0.0,0.0,0.0,673,673,658.5,282.1887003339998,96.03743541599943,1.660362955997698,0.0,6.838107125000533,0.003685583995320485,0.030764622000788222,18.068338547081865,55.345431866589934,28,28,False,,,False
ruler_vt_diag_qwen25_7b_8methods,20260615_223853,5,mlx-community/Qwen2.5-7B-Instruct-4bit,qwen,mlx,4,compactor,hybrid,256,ruler,16359,,31.929861422184146,3.4635416666666665,False,False,0.0,False,0.0,False,string_match_all,ruler_public_string_match,True,string_match_all,0.0,0.0,0.0,683,683,668.5,286.59536237499924,96.27876199899947,1.9052748710000742,0.0,6.92131074999088,0.0038059589969634544,0.03165216299930762,15.745759552401525,63.50916236666913,28,28,False,,,False
ruler_vt_diag_qwen25_7b_8methods,20260615_223853,6,mlx-community/Qwen2.5-7B-Instruct-4bit,qwen,mlx,4,compactor,hybrid,256,ruler,16352,,58.48952370588267,4.06884765625,False,False,0.0,False,0.0,False,string_match_all,ruler_public_string_match,True,string_match_all,0.0,0.0,0.0,673,673,658.5,282.81244120799965,96.32843949999915,2.0210921660000167,0.0,7.056380374000582,0.0037432069966598647,0.03179133300000103,14.843459642601847,67.36973886666722,28,28,False,,,False
ruler_vt_diag_qwen25_7b_8methods,20260615_223853,7,mlx-community/Qwen2.5-7B-Instruct-4bit,qwen,mlx,4,compactor,hybrid,256,ruler,16352,,33.88311022114183,3.5229166666666667,False,False,0.0,False,0.0,False,string_match_all,ruler_public_string_match,True,string_match_all,0.0,0.0,0.0,678,678,663.5,281.7577037500014,96.5326166249979,2.2329090390012425,0.0,7.197853415998907,0.003739207009857637,0.029586290003862814,13.435388310048982,74.4303013000414,28,28,False,,,False
ruler_vt_diag_qwen25_7b_8methods,20260615_223853,8,mlx-community/Qwen2.5-7B-Instruct-4bit,qwen,mlx,4,compactor,hybrid,256,ruler,16343,,93.1340803044687,4.534040178571429,False,False,0.0,False,0.0,False,string_match_all,ruler_public_string_match,True,string_match_all,0.0,0.0,0.0,679,679,664.5,279.45868449999944,96.46434758399846,2.1633870020014,0.0,7.18985045899899,0.0037627079964295262,0.032923832992310054,13.867144423187481,72.11290006671334,28,28,False,,,False
ruler_vt_diag_qwen25_7b_8methods,20260615_223853,9,mlx-community/Qwen2.5-7B-Instruct-4bit,qwen,mlx,4,compactor,hybrid,256,ruler,16357,,112.54414990237413,4.723345588235294,False,False,0.0,False,0.0,False,string_match_all,ruler_public_string_match,True,string_match_all,0.0,0.0,0.0,687,687,672.5,284.6081267919981,96.62340516599943,2.0580910389981,0.0,7.176115001000653,0.0037025019937573234,0.029832956000973354,14.576614654813477,68.60303463327,28,28,False,,,False
ruler_vt_diag_qwen25_7b_8methods,20260615_223853,0,mlx-community/Qwen2.5-7B-Instruct-4bit,qwen,mlx,4,l1_prefill_only,geometry,256,ruler,16349,,1.0033538258162868,0.0033482142857142855,True,False,0.11764705882352941,True,100.0,True,string_match_all,ruler_public_string_match,True,string_match_all,100.0,0.0,0.0,256,256,256.0,183.447710542001,89.31503083299867,1.7233040840037575,0.5670872919963585,0.33418086595702334,0.006917954940945492,0.24057226096192608,17.40841925604964,57.44346946679192,868,868,False,,,False
ruler_vt_diag_qwen25_7b_8methods,20260615_223853,1,mlx-community/Qwen2.5-7B-Instruct-4bit,qwen,mlx,4,l1_prefill_only,geometry,256,ruler,16346,,1.0846420231803167,0.08125,True,False,0.125,True,100.0,True,string_match_all,ruler_public_string_match,True,string_match_all,100.0,0.0,0.0,256,256,256.0,183.5553561659981,90.15424533399892,1.7724984979995497,0.5797496239974862,0.3339601079969725,0.0069251820277713705,0.24849128800997278,16.92526116882928,59.08328326665166,868,868,False,,,False
ruler_vt_diag_qwen25_7b_8methods,20260615_223853,2,mlx-community/Qwen2.5-7B-Instruct-4bit,qwen,mlx,4,l1_prefill_only,geometry,256,ruler,16355,,1.0459461421743022,0.044921875,True,False,0.13333333333333333,True,100.0,True,string_match_all,ruler_public_string_match,True,string_match_all,100.0,0.0,0.0,256,256,256.0,183.6853718759994,90.68407929100067,1.551842207007212,0.5535771249997197,0.2700488900154596,0.006743872012521024,0.2353747949582612,19.33186239202513,51.72807356690707,868,868,False,,,False
ruler_vt_diag_qwen25_7b_8methods,20260615_223853,3,mlx-community/Qwen2.5-7B-Instruct-4bit,qwen,mlx,4,l1_prefill_only,geometry,256,ruler,16354,,1.4304603614247842,0.35799632352941174,True,False,0.15384615384615385,False,80.0,False,string_match_all,ruler_public_string_match,True,string_match_all,80.0,0.0,0.0,256,256,256.0,181.74473800000123,89.06405729200014,1.4883276260043203,0.5806864129954192,0.2570673029713362,0.006670140001006075,0.24432825696567306,20.156852211727283,49.61092086681067,868,868,False,,,False
ruler_vt_diag_qwen25_7b_8methods,20260615_223853,4,mlx-community/Qwen2.5-7B-Instruct-4bit,qwen,mlx,4,l1_prefill_only,geometry,256,ruler,16349,,1.3351751743691969,0.2890625,True,False,0.10526315789473684,False,80.0,False,string_match_all,ruler_public_string_match,True,string_match_all,80.0,0.0,0.0,256,256,256.0,181.34572837500127,88.91595454200069,1.3547687499976746,0.5671957920094428,0.238533534013186,0.006724841983668739,0.2429156390062417,22.144000590544692,45.15895833325582,868,868,False,,,False
ruler_vt_diag_qwen25_7b_8methods,20260615_223853,5,mlx-community/Qwen2.5-7B-Instruct-4bit,qwen,mlx,4,l1_prefill_only,geometry,256,ruler,16359,,1.0571277447602365,0.05555555555555555,True,False,0.18181818181818182,True,100.0,True,string_match_all,ruler_public_string_match,True,string_match_all,100.0,0.0,0.0,256,256,256.0,181.24173658400105,88.80510591700113,1.349844910999309,0.5758177919979062,0.2304146670121554,0.006834627994976472,0.2481427409729804,22.224775420896748,44.99483036664363,868,868,False,,,False
ruler_vt_diag_qwen25_7b_8methods,20260615_223853,6,mlx-community/Qwen2.5-7B-Instruct-4bit,qwen,mlx,4,l1_prefill_only,geometry,256,ruler,16352,,2.759740679880975,1.01513671875,False,False,0.0,False,80.0,False,string_match_all,ruler_public_string_match,True,string_match_all,80.0,0.0,0.0,256,256,256.0,181.03335516699917,88.77069241699974,1.3498353729974042,0.5747834619996866,0.23459195400391764,0.006826926013673074,0.24459240299620433,22.224932462232704,44.994512433246804,868,868,False,,,False
ruler_vt_diag_qwen25_7b_8methods,20260615_223853,7,mlx-community/Qwen2.5-7B-Instruct-4bit,qwen,mlx,4,l1_prefill_only,geometry,256,ruler,16352,,1.2853636400337785,0.25104166666666666,True,False,0.11764705882352941,False,80.0,False,string_match_all,ruler_public_string_match,True,string_match_all,80.0,0.0,0.0,256,256,256.0,181.1765787910008,88.83434345800015,1.350681039997653,0.5792669979928178,0.23351557400201273,0.007001089015830075,0.24538220698013902,22.21101733985407,45.0227013332551,868,868,False,,,False
ruler_vt_diag_qwen25_7b_8methods,20260615_223853,8,mlx-community/Qwen2.5-7B-Instruct-4bit,qwen,mlx,4,l1_prefill_only,geometry,256,ruler,16343,,1.4332334358935082,0.3599330357142857,True,False,0.11764705882352941,True,100.0,True,string_match_all,ruler_public_string_match,True,string_match_all,100.0,0.0,0.0,256,256,256.0,181.10851824999918,88.85105791700153,1.3651847540058952,0.600518995001039,0.23653741005000484,0.00674062598409364,0.27336716404897743,21.97504763510599,45.50615846686317,868,868,False,,,False
ruler_vt_diag_qwen25_7b_8methods,20260615_223853,9,mlx-community/Qwen2.5-7B-Instruct-4bit,qwen,mlx,4,l1_prefill_only,geometry,256,ruler,16357,,1.1701934975385415,0.15716911764705882,True,False,0.14285714285714288,True,100.0,True,string_match_all,ruler_public_string_match,True,string_match_all,100.0,0.0,0.0,256,256,256.0,181.42106783300187,88.96626862500125,1.3568119580013445,0.5697558329993626,0.23488429300232383,0.006826030985394027,0.23947953101378516,22.11065418688643,45.227065266711485,868,868,False,,,False
ruler_vt_diag_qwen25_7b_8methods,20260615_223853,0,mlx-community/Qwen2.5-7B-Instruct-4bit,qwen,mlx,4,l2_prefill_only,geometry,256,ruler,16349,,1.0409966498547556,0.04017857142857143,True,False,0.11764705882352941,True,100.0,True,string_match_all,ruler_public_string_match,True,string_match_all,100.0,0.0,0.0,256,256,256.0,182.87002625099922,89.0763103749996,1.5169541239993123,0.5855589550010336,0.01012872999854153,0.007160718983868719,0.26269375800256967,19.776471499947352,50.56513746664374,868,868,False,,,False
ruler_vt_diag_qwen25_7b_8methods,20260615_223853,1,mlx-community/Qwen2.5-7B-Instruct-4bit,qwen,mlx,4,l2_prefill_only,geometry,256,ruler,16346,,1.0073183156003926,0.007291666666666667,True,False,0.125,True,100.0,True,string_match_all,ruler_public_string_match,True,string_match_all,100.0,0.0,0.0,256,256,256.0,182.65206012600174,88.88256141700003,1.3758450390014332,0.5898647110007005,0.008807656000499264,0.007464895943485317,0.26329191503100446,21.804781170540494,45.86150130004777,868,868,False,,,False
ruler_vt_diag_qwen25_7b_8methods,20260615_223853,2,mlx-community/Qwen2.5-7B-Instruct-4bit,qwen,mlx,4,l2_prefill_only,geometry,256,ruler,16355,,1.0048947528552166,0.0048828125,True,False,0.13333333333333333,True,100.0,True,string_match_all,ruler_public_string_match,True,string_match_all,100.0,0.0,0.0,256,256,256.0,182.85755695900116,89.01406804100043,1.3463262900022528,0.5847082120035338,0.008528370975909638,0.007014634020379162,0.2600098410330247,22.282859825867178,44.87754300007509,868,868,False,,,False
ruler_vt_diag_qwen25_7b_8methods,20260615_223853,3,mlx-community/Qwen2.5-7B-Instruct-4bit,qwen,mlx,4,l2_prefill_only,geometry,256,ruler,16354,,1.491550490363733,0.39981617647058826,True,False,0.14285714285714288,True,100.0,True,string_match_all,ruler_public_string_match,True,string_match_all,100.0,0.0,0.0,256,256,256.0,182.50908812499983,88.83898554200096,1.342371289996663,0.5857463280044612,0.008179531012501684,0.006914780002261978,0.2589269570544275,22.348511342249115,44.745709666555435,868,868,False,,,False
ruler_vt_diag_qwen25_7b_8methods,20260615_223853,4,mlx-community/Qwen2.5-7B-Instruct-4bit,qwen,mlx,4,l2_prefill_only,geometry,256,ruler,16349,,1.0277210211516217,0.02734375,True,False,0.13333333333333333,True,100.0,True,string_match_all,ruler_public_string_match,True,string_match_all,100.0,0.0,0.0,256,256,256.0,182.2054700839999,88.70295508299932,1.3454338729989104,0.5834791240067716,0.008318004964166903,0.006871590983791975,0.26248579900493496,22.297639893019326,44.84779576663035,868,868,False,,,False
ruler_vt_diag_qwen25_7b_8methods,20260615_223853,5,mlx-community/Qwen2.5-7B-Instruct-4bit,qwen,mlx,4,l2_prefill_only,geometry,256,ruler,16359,,1.0434522867268534,0.042534722222222224,True,False,0.15384615384615385,True,100.0,True,string_match_all,ruler_public_string_match,True,string_match_all,100.0,0.0,0.0,256,256,256.0,182.35518970900193,88.68337820799934,1.3520425410042662,0.5895230470032402,0.008535017013855395,0.007061754949972965,0.2628342889875057,22.188650941202404,45.06808470014221,868,868,False,,,False
ruler_vt_diag_qwen25_7b_8methods,20260615_223853,6,mlx-community/Qwen2.5-7B-Instruct-4bit,qwen,mlx,4,l2_prefill_only,geometry,256,ruler,16352,,1.640690496209281,0.4951171875,True,False,0.19999999999999998,True,100.0,True,string_match_all,ruler_public_string_match,True,string_match_all,100.0,0.0,0.0,256,256,256.0,182.29900887499934,88.71104187499986,1.3584320849986398,0.5754273740021745,0.008430814999883296,0.00696657897606201,0.2562933670633356,22.084284029576672,45.28106949995466,868,868,False,,,False
ruler_vt_diag_qwen25_7b_8methods,20260615_223853,7,mlx-community/Qwen2.5-7B-Instruct-4bit,qwen,mlx,4,l2_prefill_only,geometry,256,ruler,16352,,1.0221160119833261,0.021875,True,False,0.125,True,100.0,True,string_match_all,ruler_public_string_match,True,string_match_all,100.0,0.0,0.0,256,256,256.0,183.14648108399888,88.93496991599932,1.8136027090022253,0.590830418999758,0.0087303309719573,0.007397625993689871,0.26319828501982556,16.54166033778415,60.45342363340751,868,868,False,,,False
ruler_vt_diag_qwen25_7b_8methods,20260615_223853,8,mlx-community/Qwen2.5-7B-Instruct-4bit,qwen,mlx,4,l2_prefill_only,geometry,256,ruler,16343,,1.774752034482911,0.5736607142857143,True,False,0.11764705882352941,True,100.0,True,string_match_all,ruler_public_string_match,True,string_match_all,100.0,0.0,0.0,256,256,256.0,182.4684746669991,88.94509054199989,1.3364338770006725,0.5798592480041407,0.00841351099552412,0.007097838013578439,0.2548228319938062,22.447799712566628,44.54779590002242,868,868,False,,,False
ruler_vt_diag_qwen25_7b_8methods,20260615_223853,9,mlx-community/Qwen2.5-7B-Instruct-4bit,qwen,mlx,4,l2_prefill_only,geometry,256,ruler,16357,,1.1951943683898245,0.17830882352941177,True,False,0.14285714285714288,True,100.0,True,string_match_all,ruler_public_string_match,True,string_match_all,100.0,0.0,0.0,256,256,256.0,182.6638572920001,88.89046316699933,1.3575135829996725,0.5757523699958256,0.008479380017888616,0.007096337993061752,0.2586617580109305,22.09922639131872,45.25045276665575,868,868,False,,,False
ruler_vt_diag_qwen25_7b_8methods,20260615_223853,0,mlx-community/Qwen2.5-7B-Instruct-4bit,qwen,mlx,4,attention_l1,hybrid,256,ruler,16349,,1.111851657848507,0.10602678571428571,True,False,0.1,True,100.0,True,string_match_all,ruler_public_string_match,True,string_match_all,100.0,0.0,0.0,256,256,256.0,243.9578761260018,89.1047923749993,5.476586211998438,3.256698791996314,27.194584834012858,2.2408751439925254,0.24685041799966712,5.477865012747207,182.55287373328125,868,868,False,,,False
ruler_vt_diag_qwen25_7b_8methods,20260615_223853,1,mlx-community/Qwen2.5-7B-Instruct-4bit,qwen,mlx,4,attention_l1,hybrid,256,ruler,16346,,1.2341921995867098,0.21041666666666667,True,False,0.125,True,100.0,True,string_match_all,ruler_public_string_match,True,string_match_all,100.0,0.0,0.0,256,256,256.0,245.15649116700115,88.02873812500002,5.739829165000629,3.2818756170017878,26.215393895028683,2.2219966289922013,0.2347139550038264,5.226636392408504,191.32763883335429,868,868,False,,,False
ruler_vt_diag_qwen25_7b_8methods,20260615_223853,2,mlx-community/Qwen2.5-7B-Instruct-4bit,qwen,mlx,4,attention_l1,hybrid,256,ruler,16355,,1.5070532437865074,0.41015625,True,False,0.13333333333333333,False,80.0,False,string_match_all,ruler_public_string_match,True,string_match_all,80.0,0.0,0.0,256,256,256.0,244.07576479300042,88.60251954100022,4.82328754199807,3.4121809209973435,26.06697866199829,2.3266995849935483,0.2561101640094421,6.21982408031439,160.7762513999357,868,868,False,,,False
ruler_vt_diag_qwen25_7b_8methods,20260615_223853,3,mlx-community/Qwen2.5-7B-Instruct-4bit,qwen,mlx,4,attention_l1,hybrid,256,ruler,16354,,1.614233601875125,0.4788602941176471,True,False,0.14285714285714288,False,80.0,False,string_match_all,ruler_public_string_match,True,string_match_all,80.0,0.0,0.0,256,256,256.0,245.98656012500032,88.92217341600008,6.6587606689990935,3.3449329209961434,27.103284351987895,2.2565338640197297,0.24500694298330927,4.505342884550531,221.95868896663646,868,868,False,,,False
ruler_vt_diag_qwen25_7b_8methods,20260615_223853,4,mlx-community/Qwen2.5-7B-Instruct-4bit,qwen,mlx,4,attention_l1,hybrid,256,ruler,16349,,1.4851381711919667,0.3955078125,True,False,0.1111111111111111,False,80.0,False,string_match_all,ruler_public_string_match,True,string_match_all,80.0,0.0,0.0,256,256,256.0,245.1724874169995,89.04994233300022,5.349477372998081,3.431851288991311,26.327677705998212,2.321064631003537,0.24573987898293126,5.608024468227013,178.31591243326935,868,868,False,,,False
ruler_vt_diag_qwen25_7b_8methods,20260615_223853,5,mlx-community/Qwen2.5-7B-Instruct-4bit,qwen,mlx,4,attention_l1,hybrid,256,ruler,16359,,1.033536184472391,0.03298611111111111,True,False,0.15384615384615385,True,100.0,True,string_match_all,ruler_public_string_match,True,string_match_all,100.0,0.0,0.0,256,256,256.0,245.7847170840014,88.97050337499968,8.131428622995372,3.2893879970051785,25.537165623021792,2.229671827997663,0.23300349798410025,3.6893885922039744,271.0476207665124,868,868,False,,,False
ruler_vt_diag_qwen25_7b_8methods,20260615_223853,6,mlx-community/Qwen2.5-7B-Instruct-4bit,qwen,mlx,4,attention_l1,hybrid,256,ruler,16352,,1.4564129986914103,0.3759765625,True,False,0.11764705882352941,True,100.0,True,string_match_all,ruler_public_string_match,True,string_match_all,100.0,0.0,0.0,256,256,256.0,246.2869720000017,89.00786541699927,6.234614458999204,3.282067709007606,27.91972125301436,2.2245385790047294,0.2373810049612075,4.811845254793137,207.82048196664013,868,868,False,,,False
ruler_vt_diag_qwen25_7b_8methods,20260615_223853,7,mlx-community/Qwen2.5-7B-Instruct-4bit,qwen,mlx,4,attention_l1,hybrid,256,ruler,16352,,1.728745210222114,0.5473958333333333,True,False,0.13333333333333333,False,60.0,False,string_match_all,ruler_public_string_match,True,string_match_all,60.0,0.0,0.0,256,256,256.0,246.9269180829997,88.98976579199916,6.003975875997639,3.2852485029980016,27.349950210005773,2.248393804020452,0.23721359101546113,4.9966889640466965,200.1325291999213,868,868,False,,,False
ruler_vt_diag_qwen25_7b_8methods,20260615_223853,8,mlx-community/Qwen2.5-7B-Instruct-4bit,qwen,mlx,4,attention_l1,hybrid,256,ruler,16343,,1.9666651394930121,0.6763392857142857,True,False,0.11764705882352941,False,60.0,False,string_match_all,ruler_public_string_match,True,string_match_all,60.0,0.0,0.0,256,256,256.0,245.04677833300047,88.83035000000018,5.664099625990275,3.3595312960042065,26.280873807996613,2.280627794983957,0.24269004897359991,5.296517007282511,188.8033208663425,868,868,False,,,False
ruler_vt_diag_qwen25_7b_8methods,20260615_223853,9,mlx-community/Qwen2.5-7B-Instruct-4bit,qwen,mlx,4,attention_l1,hybrid,256,ruler,16357,,1.0393577155572087,0.03860294117647059,True,False,0.14285714285714288,True,100.0,True,string_match_all,ruler_public_string_match,True,string_match_all,100.0,0.0,0.0,256,256,256.0,247.62712504199953,88.92037895800058,5.43521874900398,3.3557572120062105,27.468504554984975,2.2817684920119063,0.24809880299108045,5.519557056557768,181.17395830013265,868,868,False,,,False
ruler_vt_diag_qwen25_7b_8methods,20260615_223853,0,mlx-community/Qwen2.5-7B-Instruct-4bit,qwen,mlx,4,attention_l2,hybrid,256,ruler,16349,,1.5282253234401804,0.42410714285714285,True,False,0.1111111111111111,False,60.0,False,string_match_all,ruler_public_string_match,True,string_match_all,60.0,0.0,0.0,256,256,256.0,248.56139200000143,88.7983885420017,5.179164956007298,4.071338913003274,29.116518220955186,2.281230974014761,0.2512370159274724,5.792439564065842,172.63883186690995,868,868,False,,,False
ruler_vt_diag_qwen25_7b_8methods,20260615_223853,1,mlx-community/Qwen2.5-7B-Instruct-4bit,qwen,mlx,4,attention_l2,hybrid,256,ruler,16346,,1.4043623176745117,0.33958333333333335,True,False,0.11764705882352941,False,80.0,False,string_match_all,ruler_public_string_match,True,string_match_all,80.0,0.0,0.0,256,256,256.0,250.174667416999,88.79726849999861,7.083020541002043,4.052704290977999,28.52528073594658,2.268816332965798,0.24621074906463036,4.23548115190922,236.1006847000681,868,868,False,,,False
ruler_vt_diag_qwen25_7b_8methods,20260615_223853,2,mlx-community/Qwen2.5-7B-Instruct-4bit,qwen,mlx,4,attention_l2,hybrid,256,ruler,16355,,1.1155806146424807,0.109375,True,False,0.125,False,80.0,False,string_match_all,ruler_public_string_match,True,string_match_all,80.0,0.0,0.0,256,256,256.0,249.2212665420011,88.86674216599931,6.753953454997827,4.069437498004845,27.509244924996892,2.281185828982416,0.25226977701458964,4.441842870237792,225.1317818332609,868,868,False,,,False
ruler_vt_diag_qwen25_7b_8methods,20260615_223853,3,mlx-community/Qwen2.5-7B-Instruct-4bit,qwen,mlx,4,attention_l2,hybrid,256,ruler,16354,,1.2676088784365527,0.23713235294117646,True,False,0.125,False,80.0,False,string_match_all,ruler_public_string_match,True,string_match_all,80.0,0.0,0.0,256,256,256.0,248.508689874001,88.89816362499914,5.990182088000438,4.054544079001062,28.58511766495576,2.2696790879599575,0.244467340016854,5.0081950029693,199.67273626668128,868,868,False,,,False
ruler_vt_diag_qwen25_7b_8methods,20260615_223853,4,mlx-community/Qwen2.5-7B-Instruct-4bit,qwen,mlx,4,attention_l2,hybrid,256,ruler,16349,,1.1134038726710562,0.107421875,True,False,0.125,True,100.0,True,string_match_all,ruler_public_string_match,True,string_match_all,100.0,0.0,0.0,256,256,256.0,250.96915720799734,89.3405394170004,7.12502220900933,4.056764335997286,28.681519424055296,2.2623386459781614,0.24364833700019517,4.210513191392736,237.500740300311,868,868,False,,,False
ruler_vt_diag_qwen25_7b_8methods,20260615_223853,5,mlx-community/Qwen2.5-7B-Instruct-4bit,qwen,mlx,4,attention_l2,hybrid,256,ruler,16359,,1.0407384981760155,0.03993055555555555,True,False,0.15384615384615385,True,100.0,True,string_match_all,ruler_public_string_match,True,string_match_all,100.0,0.0,0.0,256,256,256.0,246.96140733299762,88.90966704099992,5.718304712991085,4.037646913977369,27.512068364936567,2.2478756599703047,0.25140383194593596,5.246310140109313,190.61015709970283,868,868,False,,,False
ruler_vt_diag_qwen25_7b_8methods,20260615_223853,6,mlx-community/Qwen2.5-7B-Instruct-4bit,qwen,mlx,4,attention_l2,hybrid,256,ruler,16352,,1.7809526851443038,0.5771484375,True,False,0.125,False,60.0,False,string_match_all,ruler_public_string_match,True,string_match_all,60.0,0.0,0.0,256,256,256.0,254.9350975840025,88.94861479099927,8.125119625012303,4.047883460025332,30.343455771020672,2.274148321004759,0.25190981903506326,3.69225333097229,270.83732083374343,868,868,False,,,False
ruler_vt_diag_qwen25_7b_8methods,20260615_223853,7,mlx-community/Qwen2.5-7B-Instruct-4bit,qwen,mlx,4,attention_l2,hybrid,256,ruler,16352,,1.1355116398088312,0.12708333333333333,True,False,0.1111111111111111,False,80.0,False,string_match_all,ruler_public_string_match,True,string_match_all,80.0,0.0,0.0,256,256,256.0,249.7175530429995,88.82768841599682,6.092551501009439,4.067505667007936,28.004866441930062,2.6548245740159473,0.24825015702299424,4.9240453683533865,203.08505003364797,868,868,False,,,False
ruler_vt_diag_qwen25_7b_8methods,20260615_223853,8,mlx-community/Qwen2.5-7B-Instruct-4bit,qwen,mlx,4,attention_l2,hybrid,256,ruler,16343,,1.5436531548320644,0.4341517857142857,True,False,0.11764705882352941,False,80.0,False,string_match_all,ruler_public_string_match,True,string_match_all,80.0,0.0,0.0,256,256,256.0,248.13596225100264,88.8770677499997,5.641842295008246,4.026180039996689,29.289145443945017,2.259821281026234,0.2498403489953489,5.317412013898937,188.0614098336082,868,868,False,,,False
ruler_vt_diag_qwen25_7b_8methods,20260615_223853,9,mlx-community/Qwen2.5-7B-Instruct-4bit,qwen,mlx,4,attention_l2,hybrid,256,ruler,16357,,1.3382466594997064,0.2913602941176471,True,False,0.13333333333333333,False,80.0,False,string_match_all,ruler_public_string_match,True,string_match_all,80.0,0.0,0.0,256,256,256.0,244.560061958,88.90479662500002,5.646963416998915,4.095489878007356,26.597199753934547,2.2884426589807845,0.2494444080039102,5.312589755706888,188.23211389996382,868,868,False,,,False
ruler_vt_diag_qwen25_7b_8methods,20260615_223853,0,mlx-community/Qwen2.5-7B-Instruct-4bit,qwen,mlx,4,full,recency,512,ruler,16349,,1.0,0.0,True,False,0.1,True,100.0,True,string_match_all,ruler_public_string_match,True,string_match_all,100.0,0.0,0.0,16364,16364,16349.5,182.9215836239964,88.9441950420005,2.674272915992333,0.0,0.0,0.0,0.0,11.218002403792811,89.14243053307776,0,15853,False,,,False
ruler_vt_diag_qwen25_7b_8methods,20260615_223853,1,mlx-community/Qwen2.5-7B-Instruct-4bit,qwen,mlx,4,full,recency,512,ruler,16346,,1.016806330386261,0.016666666666666666,True,False,0.11764705882352941,True,100.0,True,string_match_all,ruler_public_string_match,True,string_match_all,100.0,0.0,0.0,16360,16360,16345.5,183.355427333001,89.91276704200209,2.648809461003111,0.0,0.0,0.0,0.0,11.32584296517837,88.29364870010372,0,15849,False,,,False
ruler_vt_diag_qwen25_7b_8methods,20260615_223853,2,mlx-community/Qwen2.5-7B-Instruct-4bit,qwen,mlx,4,full,recency,512,ruler,16355,,1.006859355852471,0.0068359375,True,False,0.14285714285714288,True,100.0,True,string_match_all,ruler_public_string_match,True,string_match_all,100.0,0.0,0.0,16368,16368,16353.5,181.949418917,89.04547558299964,2.653681541007245,0.0,0.0,0.0,0.0,11.30504905596662,88.45605136690817,0,15857,False,,,False
ruler_vt_diag_qwen25_7b_8methods,20260615_223853,3,mlx-community/Qwen2.5-7B-Instruct-4bit,qwen,mlx,4,full,recency,512,ruler,16354,,1.2699411848232303,0.23897058823529413,True,False,0.14285714285714288,False,80.0,False,string_match_all,ruler_public_string_match,True,string_match_all,80.0,0.0,0.0,16366,16366,16351.5,181.55555891599943,88.70135308399767,2.6485369179936242,0.0,0.0,0.0,0.0,11.327008431026982,88.28456393312081,0,15855,False,,,False
ruler_vt_diag_qwen25_7b_8methods,20260615_223853,4,mlx-community/Qwen2.5-7B-Instruct-4bit,qwen,mlx,4,full,recency,512,ruler,16349,,1.0058765747144782,0.005859375,True,False,0.125,True,100.0,True,string_match_all,ruler_public_string_match,True,string_match_all,100.0,0.0,0.0,16362,16362,16347.5,181.30275791700114,88.60999687499861,2.6565455850031867,0.0,0.0,0.0,0.0,11.292860988103094,88.55151950010622,0,15851,False,,,False
ruler_vt_diag_qwen25_7b_8methods,20260615_223853,5,mlx-community/Qwen2.5-7B-Instruct-4bit,qwen,mlx,4,full,recency,512,ruler,16359,,1.1390656639536885,0.13020833333333334,True,False,0.125,True,100.0,True,string_match_all,ruler_public_string_match,True,string_match_all,100.0,0.0,0.0,16370,16370,16355.5,181.6011448749996,88.66500325000015,2.6506000830086123,0.0,0.0,0.0,0.0,11.318191752996533,88.35333610028708,0,15859,False,,,False
ruler_vt_diag_qwen25_7b_8methods,20260615_223853,6,mlx-community/Qwen2.5-7B-Instruct-4bit,qwen,mlx,4,full,recency,512,ruler,16352,,1.025715712478906,0.025390625,True,False,0.125,True,100.0,True,string_match_all,ruler_public_string_match,True,string_match_all,100.0,0.0,0.0,16365,16365,16350.5,181.4067065829986,88.65571808399909,2.6473143320108647,0.0,0.0,0.0,0.0,11.332239484085896,88.24381106702882,0,15854,False,,,False
ruler_vt_diag_qwen25_7b_8methods,20260615_223853,7,mlx-community/Qwen2.5-7B-Instruct-4bit,qwen,mlx,4,full,recency,512,ruler,16352,,1.0052219202795956,0.005208333333333333,True,False,0.11764705882352941,True,100.0,True,string_match_all,ruler_public_string_match,True,string_match_all,100.0,0.0,0.0,16366,16366,16351.5,181.9552287080005,88.73999808400185,3.083699168986641,0.0,0.0,0.0,0.0,9.728575440080473,102.78997229955469,0,15855,False,,,False
ruler_vt_diag_qwen25_7b_8methods,20260615_223853,8,mlx-community/Qwen2.5-7B-Instruct-4bit,qwen,mlx,4,full,recency,512,ruler,16343,,1.0621210051443315,0.060267857142857144,True,False,0.1111111111111111,True,100.0,True,string_match_all,ruler_public_string_match,True,string_match_all,100.0,0.0,0.0,16358,16358,16343.5,181.66655266699672,88.95948491700256,2.64894958500372,0.0,0.0,0.0,0.0,11.325243851312432,88.298319500124,0,15847,False,,,False
ruler_vt_diag_qwen25_7b_8methods,20260615_223853,9,mlx-community/Qwen2.5-7B-Instruct-4bit,qwen,mlx,4,full,recency,512,ruler,16357,,1.1383679208429225,0.12959558823529413,True,False,0.11764705882352941,True,100.0,True,string_match_all,ruler_public_string_match,True,string_match_all,100.0,0.0,0.0,16369,16369,16354.5,181.90711404200192,88.85229266700117,2.654956499009131,0.0,0.0,0.0,0.0,11.299620167485395,88.49854996697104,0,15858,False,,,False
ruler_vt_diag_qwen25_7b_8methods,20260615_223853,0,mlx-community/Qwen2.5-7B-Instruct-4bit,qwen,mlx,4,attention,attention,512,ruler,16349,,1.0055959563386407,0.005580357142857143,True,False,0.1,True,100.0,True,string_match_all,ruler_public_string_match,True,string_match_all,100.0,0.0,0.0,512,512,512.0,240.66110270900026,88.94682641599866,5.88115933199515,0.8331484190057381,0.0027131629940413404,0.02170646591548575,1.039365078031551,5.10103506918978,196.03864439983835,868,868,False,,,False
ruler_vt_diag_qwen25_7b_8methods,20260615_223853,1,mlx-community/Qwen2.5-7B-Instruct-4bit,qwen,mlx,4,attention,attention,512,ruler,16346,,1.0306692343452715,0.030208333333333334,True,False,0.10526315789473684,True,100.0,True,string_match_all,ruler_public_string_match,True,string_match_all,100.0,0.0,0.0,512,512,512.0,241.32673883400275,88.12966762499855,7.266144666984474,0.8457754560076864,0.0025716809686855413,0.006912255088536767,0.9986860339740815,4.128736954042826,242.2048222328158,868,868,False,,,False
ruler_vt_diag_qwen25_7b_8methods,20260615_223853,2,mlx-community/Qwen2.5-7B-Instruct-4bit,qwen,mlx,4,attention,attention,512,ruler,16355,,1.0378065247194417,0.037109375,True,False,0.13333333333333333,True,100.0,True,string_match_all,ruler_public_string_match,True,string_match_all,100.0,0.0,0.0,512,512,512.0,240.20625591700446,88.70127625000168,6.296399165992625,0.8797781610046513,0.002748404924204806,0.007646453977940837,1.0116533659347624,4.76462803724905,209.87997219975415,868,868,False,,,False
ruler_vt_diag_qwen25_7b_8methods,20260615_223853,3,mlx-community/Qwen2.5-7B-Instruct-4bit,qwen,mlx,4,attention,attention,512,ruler,16354,,1.2241000027586457,0.20220588235294118,True,False,0.1111111111111111,True,100.0,True,string_match_all,ruler_public_string_match,True,string_match_all,100.0,0.0,0.0,512,512,512.0,240.12129950000235,88.98887100000138,6.152268830981484,0.864337463011907,0.0026427080119901802,0.007229565057059517,1.0037885739293415,4.876249855813605,205.07562769938278,868,868,False,,,False
ruler_vt_diag_qwen25_7b_8methods,20260615_223853,4,mlx-community/Qwen2.5-7B-Instruct-4bit,qwen,mlx,4,attention,attention,512,ruler,16349,,1.0048947528552166,0.0048828125,True,False,0.11764705882352941,True,100.0,True,string_match_all,ruler_public_string_match,True,string_match_all,100.0,0.0,0.0,512,512,512.0,242.00674587499816,89.05244200000016,6.302404790003493,0.8767778760011424,0.0027087371090601664,0.007246795081300661,0.9906476399119128,4.760087775952482,210.0801596667831,868,868,False,,,False
ruler_vt_diag_qwen25_7b_8methods,20260615_223853,5,mlx-community/Qwen2.5-7B-Instruct-4bit,qwen,mlx,4,attention,attention,512,ruler,16359,,1.0026075604540372,0.0026041666666666665,True,False,0.15384615384615385,True,100.0,True,string_match_all,ruler_public_string_match,True,string_match_all,100.0,0.0,0.0,512,512,512.0,243.78063499999917,88.95531191699774,7.307936582998082,0.8598259589889494,0.00259778405961697,0.0071294230001512915,1.041017099061719,4.105125935246211,243.59788609993603,868,868,False,,,False
ruler_vt_diag_qwen25_7b_8methods,20260615_223853,6,mlx-community/Qwen2.5-7B-Instruct-4bit,qwen,mlx,4,attention,attention,512,ruler,16352,,1.0267178772379901,0.0263671875,True,False,0.11764705882352941,True,100.0,True,string_match_all,ruler_public_string_match,True,string_match_all,100.0,0.0,0.0,512,512,512.0,241.47698937500172,88.88530787499985,6.322692287001701,0.8567472890063073,0.002659519977896707,0.007071091025864007,1.0056581980279589,4.744814176972445,210.75640956672333,868,868,False,,,False
ruler_vt_diag_qwen25_7b_8methods,20260615_223853,7,mlx-community/Qwen2.5-7B-Instruct-4bit,qwen,mlx,4,attention,attention,512,ruler,16352,,1.5423902651101746,0.43333333333333335,True,False,0.1,True,100.0,True,string_match_all,ruler_public_string_match,True,string_match_all,100.0,0.0,0.0,512,512,512.0,239.09719233300348,89.00101950000317,4.561090870993212,0.8598883720042068,0.0035919610163546167,0.024517550962627865,1.034051296992402,6.577373888950227,152.0363623664404,868,868,False,,,False
ruler_vt_diag_qwen25_7b_8methods,20260615_223853,8,mlx-community/Qwen2.5-7B-Instruct-4bit,qwen,mlx,4,attention,attention,512,ruler,16343,,1.0585707432572296,0.056919642857142856,True,False,0.10526315789473684,True,100.0,True,string_match_all,ruler_public_string_match,True,string_match_all,100.0,0.0,0.0,512,512,512.0,240.3267858750005,88.82301558299878,5.651639627012628,0.8452412920087227,0.003498325007967651,0.006980064968956867,0.9770724520130898,5.3081940781595005,188.3879875670876,868,868,False,,,False
ruler_vt_diag_qwen25_7b_8methods,20260615_223853,9,mlx-community/Qwen2.5-7B-Instruct-4bit,qwen,mlx,4,attention,attention,512,ruler,16357,,1.025126660802411,0.024816176470588234,True,False,0.14285714285714288,True,100.0,True,string_match_all,ruler_public_string_match,True,string_match_all,100.0,0.0,0.0,512,512,512.0,241.76986066699828,88.92501720799919,5.892780458998459,0.8525715820178448,0.0026528600064921193,0.007264980999025283,1.0321151269927213,5.090975339865083,196.42601529994863,868,868,False,,,False
ruler_vt_diag_qwen25_7b_8methods,20260615_223853,0,mlx-community/Qwen2.5-7B-Instruct-4bit,qwen,mlx,4,snapkv,attention,512,ruler,16349,,1.00671889978018,0.006696428571428571,True,False,0.1111111111111111,True,100.0,True,string_match_all,ruler_public_string_match,True,string_match_all,100.0,0.0,0.0,542,542,527.5,373.09593175100235,115.41621837399725,6.176131583000824,0.0,26.420857001001423,0.008373835982638411,0.0530570820083085,4.857409463647432,205.87105276669416,28,28,False,,,False
ruler_vt_diag_qwen25_7b_8methods,20260615_223853,1,mlx-community/Qwen2.5-7B-Instruct-4bit,qwen,mlx,4,snapkv,attention,512,ruler,16346,,1.0231812708884986,0.022916666666666665,True,False,0.14285714285714288,True,100.0,True,string_match_all,ruler_public_string_match,True,string_match_all,100.0,0.0,0.0,542,542,527.5,377.7346592920039,114.99770066700148,6.04090454400648,0.0,25.863072875003127,0.005859086009877501,0.04226508300052956,4.966143692795921,201.363484800216,28,28,False,,,False
ruler_vt_diag_qwen25_7b_8methods,20260615_223853,2,mlx-community/Qwen2.5-7B-Instruct-4bit,qwen,mlx,4,snapkv,attention,512,ruler,16355,,1.2827720976885297,0.2490234375,True,False,0.18181818181818182,False,80.0,False,string_match_all,ruler_public_string_match,True,string_match_all,80.0,0.0,0.0,542,542,527.5,383.628671167,115.90000329099712,7.158849128994916,0.0,26.505956081990007,0.00572004000787274,0.03841537900734693,4.190617717936448,238.62830429983055,28,28,False,,,False
ruler_vt_diag_qwen25_7b_8methods,20260615_223853,3,mlx-community/Qwen2.5-7B-Instruct-4bit,qwen,mlx,4,snapkv,attention,512,ruler,16354,,2.1014909286016596,0.7426470588235294,True,False,0.11764705882352941,False,80.0,False,string_match_all,ruler_public_string_match,True,string_match_all,80.0,0.0,0.0,542,542,527.5,383.7723384580022,115.67026387499573,6.795313374001125,0.0,26.25549421100368,0.005984665989672067,0.04619350498251151,4.4148074340147465,226.5104458000375,28,28,False,,,False
ruler_vt_diag_qwen25_7b_8methods,20260615_223853,4,mlx-community/Qwen2.5-7B-Instruct-4bit,qwen,mlx,4,snapkv,attention,512,ruler,16349,,1.7584858477687018,0.564453125,True,False,0.11764705882352941,True,100.0,True,string_match_all,ruler_public_string_match,True,string_match_all,100.0,0.0,0.0,542,542,527.5,382.5367045009989,116.09328966600151,7.271225168002275,0.0,26.680632082003285,0.00583066801118548,0.04022678800174617,4.125852151026471,242.37417226674248,28,28,False,,,False
ruler_vt_diag_qwen25_7b_8methods,20260615_223853,5,mlx-community/Qwen2.5-7B-Instruct-4bit,qwen,mlx,4,snapkv,attention,512,ruler,16359,,2.17002694241195,0.7747395833333334,True,False,0.125,False,80.0,False,string_match_all,ruler_public_string_match,True,string_match_all,80.0,0.0,0.0,542,542,527.5,387.42728737499783,114.32727449999584,6.507959958009451,0.0,24.914740790994983,0.005797788995550945,0.03592250298243016,4.609739487268744,216.93199860031504,28,28,False,,,False
ruler_vt_diag_qwen25_7b_8methods,20260615_223853,6,mlx-community/Qwen2.5-7B-Instruct-4bit,qwen,mlx,4,snapkv,attention,512,ruler,16352,,1.14538656055358,0.1357421875,True,False,0.11764705882352941,False,80.0,False,string_match_all,ruler_public_string_match,True,string_match_all,80.0,0.0,0.0,542,542,527.5,384.7771388330002,116.44004216700341,6.82151108299513,0.0,27.093267788994126,0.005824210020364262,0.03482213101233356,4.397852563017146,227.3837027665043,28,28,False,,,False
ruler_vt_diag_qwen25_7b_8methods,20260615_223853,7,mlx-community/Qwen2.5-7B-Instruct-4bit,qwen,mlx,4,snapkv,attention,512,ruler,16352,,3.9633250551227017,1.3770833333333334,True,False,0.1111111111111111,False,80.0,False,string_match_all,ruler_public_string_match,True,string_match_all,80.0,0.0,0.0,542,542,527.5,378.67970520900053,115.5086551250024,5.830597626994859,0.0,26.136791040997196,0.005789252008980839,0.03942637400177773,5.145270162548031,194.35325423316198,28,28,False,,,False
ruler_vt_diag_qwen25_7b_8methods,20260615_223853,8,mlx-community/Qwen2.5-7B-Instruct-4bit,qwen,mlx,4,snapkv,attention,512,ruler,16343,,1.0740414307162958,0.07142857142857142,True,False,0.1111111111111111,True,100.0,True,string_match_all,ruler_public_string_match,True,string_match_all,100.0,0.0,0.0,542,542,527.5,377.8857452079974,115.28113116700115,7.590153624005325,0.0,25.92653878999772,0.00581308198889019,0.03974012500839308,3.952489170327095,253.0051208001775,28,28,False,,,False
ruler_vt_diag_qwen25_7b_8methods,20260615_223853,9,mlx-community/Qwen2.5-7B-Instruct-4bit,qwen,mlx,4,snapkv,attention,512,ruler,16357,,1.9151887399000975,0.6498161764705882,True,False,0.14285714285714288,False,80.0,False,string_match_all,ruler_public_string_match,True,string_match_all,80.0,0.0,0.0,542,542,527.5,387.3496873339973,115.62165425000057,7.808899662992189,0.0,26.2163982940001,0.005978377004794311,0.04449041300540557,3.8417704535474457,260.29665543307294,28,28,False,,,False
ruler_vt_diag_qwen25_7b_8methods,20260615_223853,0,mlx-community/Qwen2.5-7B-Instruct-4bit,qwen,mlx,4,compactor,hybrid,512,ruler,16349,,1.2156908305205474,0.1953125,True,False,0.125,True,100.0,True,string_match_all,ruler_public_string_match,True,string_match_all,100.0,0.0,0.0,1220,1220,1205.5,350.8771792919979,96.63858070800052,1.6711169989721384,0.0,7.307723876016098,0.007519250993937021,0.03820437401009258,17.952064408687267,55.703899965737946,28,28,False,,,False
ruler_vt_diag_qwen25_7b_8methods,20260615_223853,1,mlx-community/Qwen2.5-7B-Instruct-4bit,qwen,mlx,4,compactor,hybrid,512,ruler,16346,,22.465463326185002,3.1119791666666665,False,False,0.0,False,20.0,False,string_match_all,ruler_public_string_match,True,string_match_all,20.0,0.0,0.0,1208,1208,1193.5,354.35406991700074,96.35102737499983,1.6720205849997,0.0,6.897274583992839,0.00750941900696489,0.03528241800086107,17.942362832814872,55.734019499990005,28,28,False,,,False
ruler_vt_diag_qwen25_7b_8methods,20260615_223853,2,mlx-community/Qwen2.5-7B-Instruct-4bit,qwen,mlx,4,compactor,hybrid,512,ruler,16355,,3.888059368859497,1.35791015625,True,False,0.13333333333333333,False,20.0,False,string_match_all,ruler_public_string_match,True,string_match_all,20.0,0.0,0.0,1224,1224,1209.5,357.3770927079968,96.1951496249967,1.6411206250013493,0.0,6.824766668018128,0.007526083994889632,0.03410245300256065,18.280191926766708,54.70402083337831,28,28,False,,,False
ruler_vt_diag_qwen25_7b_8methods,20260615_223853,3,mlx-community/Qwen2.5-7B-Instruct-4bit,qwen,mlx,4,compactor,hybrid,512,ruler,16354,,21.253588151281523,3.0565257352941178,False,False,0.0,False,0.0,False,string_match_all,ruler_public_string_match,True,string_match_all,0.0,0.0,0.0,1236,1236,1221.5,361.38691658300013,96.10150841599898,1.641465413988044,0.0,6.841482539999561,0.007494917012081714,0.03310371000043233,18.276352181623555,54.71551379960147,28,28,False,,,False
ruler_vt_diag_qwen25_7b_8methods,20260615_223853,4,mlx-community/Qwen2.5-7B-Instruct-4bit,qwen,mlx,4,compactor,hybrid,512,ruler,16349,,5.103276643262305,1.6298828125,False,False,0.0,False,20.0,False,string_match_all,ruler_public_string_match,True,string_match_all,20.0,0.0,0.0,1236,1236,1221.5,358.25935329099593,96.23131695799748,1.6553117490038858,0.0,6.896440876997076,0.007521291001467034,0.033851998996397015,18.123474335304543,55.177058300129524,28,28,False,,,False
ruler_vt_diag_qwen25_7b_8methods,20260615_223853,5,mlx-community/Qwen2.5-7B-Instruct-4bit,qwen,mlx,4,compactor,hybrid,512,ruler,16359,,11.624616945432633,2.453125,False,False,0.0,False,20.0,False,string_match_all,ruler_public_string_match,True,string_match_all,20.0,0.0,0.0,1223,1223,1208.5,365.30249408300006,96.43943612399744,1.745248288010771,0.0,6.883787499995378,0.0075184999986959156,0.034495792013331084,17.189531258153483,58.174942933692364,28,28,False,,,False
ruler_vt_diag_qwen25_7b_8methods,20260615_223853,6,mlx-community/Qwen2.5-7B-Instruct-4bit,qwen,mlx,4,compactor,hybrid,512,ruler,16352,,13.831562592310346,2.626953125,False,False,0.0,False,40.0,False,string_match_all,ruler_public_string_match,True,string_match_all,40.0,0.0,0.0,1232,1232,1217.5,358.4779657919971,96.51523604199974,1.9904485420083802,0.0,7.06916133499908,0.0075559539945970755,0.03543841700957273,15.071979690431853,66.34828473361267,28,28,False,,,False
ruler_vt_diag_qwen25_7b_8methods,20260615_223853,7,mlx-community/Qwen2.5-7B-Instruct-4bit,qwen,mlx,4,compactor,hybrid,512,ruler,16352,,2.9376330341517427,1.0776041666666667,False,False,0.0,False,20.0,False,string_match_all,ruler_public_string_match,True,string_match_all,20.0,0.0,0.0,1250,1250,1235.5,356.49944816800416,96.72534908300076,2.54325678999885,0.0,7.370148708992929,0.0075964569914503954,0.03342841898120241,11.79589891118056,84.775226333295,28,28,False,,,False
ruler_vt_diag_qwen25_7b_8methods,20260615_223853,8,mlx-community/Qwen2.5-7B-Instruct-4bit,qwen,mlx,4,compactor,hybrid,512,ruler,16343,,2.867875261444788,1.0535714285714286,False,False,0.0,False,0.0,False,string_match_all,ruler_public_string_match,True,string_match_all,0.0,0.0,0.0,1211,1211,1196.5,351.9505707920034,96.5089840010005,2.0529438779813063,0.0,7.122425996989477,0.007550375987193547,0.03372083000431303,14.613161285977041,68.43146259937689,28,28,False,,,False
ruler_vt_diag_qwen25_7b_8methods,20260615_223853,9,mlx-community/Qwen2.5-7B-Instruct-4bit,qwen,mlx,4,compactor,hybrid,512,ruler,16357,,13.11202059009367,2.573529411764706,False,False,0.0,False,0.0,False,string_match_all,ruler_public_string_match,True,string_match_all,0.0,0.0,0.0,1241,1241,1226.5,362.1008997909994,96.66187845900276,1.9382231260024128,0.0,7.113776414007589,0.007641627002158202,0.03655441300725215,15.478094135567886,64.60743753341376,28,28,False,,,False
ruler_vt_diag_qwen25_7b_8methods,20260615_223853,0,mlx-community/Qwen2.5-7B-Instruct-4bit,qwen,mlx,4,l1_prefill_only,geometry,512,ruler,16349,,1.0146146939707241,0.014508928571428572,True,False,0.11764705882352941,True,100.0,True,string_match_all,ruler_public_string_match,True,string_match_all,100.0,0.0,0.0,512,512,512.0,183.47783812499983,89.25903829199888,1.7538946270142333,0.6043891649933357,0.32244117103982717,0.007161795012507355,0.25351800097269006,17.104790412107548,58.46315423380778,868,868,False,,,False
ruler_vt_diag_qwen25_7b_8methods,20260615_223853,1,mlx-community/Qwen2.5-7B-Instruct-4bit,qwen,mlx,4,l1_prefill_only,geometry,512,ruler,16346,,1.1086299791625918,0.103125,True,False,0.125,False,80.0,False,string_match_all,ruler_public_string_match,True,string_match_all,80.0,0.0,0.0,512,512,512.0,184.08808716699787,90.16871216600339,1.3758324650116265,0.6102239160027239,0.23459397907936363,0.006661122944933595,0.25729642611258896,21.804980448507212,45.861082167054214,868,868,False,,,False
ruler_vt_diag_qwen25_7b_8methods,20260615_223853,2,mlx-community/Qwen2.5-7B-Instruct-4bit,qwen,mlx,4,l1_prefill_only,geometry,512,ruler,16355,,1.0287251451764734,0.0283203125,True,False,0.1111111111111111,True,100.0,True,string_match_all,ruler_public_string_match,True,string_match_all,100.0,0.0,0.0,512,512,512.0,181.9278803749985,89.31980420800028,1.3795132459999877,0.6047531259973766,0.2424500409688335,0.006892456007335568,0.25746563803841127,21.74680097272532,45.98377486666626,868,868,False,,,False
ruler_vt_diag_qwen25_7b_8methods,20260615_223853,3,mlx-community/Qwen2.5-7B-Instruct-4bit,qwen,mlx,4,l1_prefill_only,geometry,512,ruler,16354,,1.7462049846163983,0.5574448529411765,True,False,0.125,False,20.0,False,string_match_all,ruler_public_string_match,True,string_match_all,20.0,0.0,0.0,512,512,512.0,181.4311509159961,88.92246241699831,1.378452004006249,0.6022589979911572,0.23667698892677436,0.0067903309645771515,0.2564770939789014,21.76354338983862,45.94840013354163,868,868,False,,,False
ruler_vt_diag_qwen25_7b_8methods,20260615_223853,4,mlx-community/Qwen2.5-7B-Instruct-4bit,qwen,mlx,4,l1_prefill_only,geometry,512,ruler,16349,,1.0327514615542697,0.0322265625,True,False,0.13333333333333333,True,100.0,True,string_match_all,ruler_public_string_match,True,string_match_all,100.0,0.0,0.0,512,512,512.0,181.03365362399927,88.73880858300254,1.3746371250017546,0.6078810000108206,0.23850063595818938,0.006814136031607632,0.26182253902879893,21.823941354676936,45.82123750005849,868,868,False,,,False
ruler_vt_diag_qwen25_7b_8methods,20260615_223853,5,mlx-community/Qwen2.5-7B-Instruct-4bit,qwen,mlx,4,l1_prefill_only,geometry,512,ruler,16359,,1.2062302494209807,0.1875,False,False,0.0,False,80.0,False,string_match_all,ruler_public_string_match,True,string_match_all,80.0,0.0,0.0,512,512,512.0,181.22672366599727,88.74350324999978,1.3839701249999052,0.6037072890067066,0.2334884209849406,0.006808492060372373,0.2540512890118407,21.676768492384944,46.13233749999684,868,868,False,,,False
ruler_vt_diag_qwen25_7b_8methods,20260615_223853,6,mlx-community/Qwen2.5-7B-Instruct-4bit,qwen,mlx,4,l1_prefill_only,geometry,512,ruler,16352,,1.2827720976885297,0.2490234375,True,False,0.13333333333333333,True,100.0,True,string_match_all,ruler_public_string_match,True,string_match_all,100.0,0.0,0.0,512,512,512.0,181.289571917001,88.83211558300172,1.3855341220041737,0.6075527880093432,0.2348326810024446,0.006798076901759487,0.2596281810438086,21.652299660873766,46.18447073347245,868,868,False,,,False
ruler_vt_diag_qwen25_7b_8methods,20260615_223853,7,mlx-community/Qwen2.5-7B-Instruct-4bit,qwen,mlx,4,l1_prefill_only,geometry,512,ruler,16352,,1.1132589076465007,0.10729166666666666,True,False,0.11764705882352941,True,100.0,True,string_match_all,ruler_public_string_match,True,string_match_all,100.0,0.0,0.0,512,512,512.0,181.4770151670018,88.94572999999946,1.3852428769932885,0.605754001007881,0.23404508901876397,0.006786494006519206,0.2576158480042068,21.656852020864317,46.17476256644295,868,868,False,,,False
ruler_vt_diag_qwen25_7b_8methods,20260615_223853,8,mlx-community/Qwen2.5-7B-Instruct-4bit,qwen,mlx,4,l1_prefill_only,geometry,512,ruler,16343,,1.4244626328655372,0.35379464285714285,True,False,0.11764705882352941,False,80.0,False,string_match_all,ruler_public_string_match,True,string_match_all,80.0,0.0,0.0,512,512,512.0,181.56463387400436,89.03752562499722,1.3785841680110025,0.6050218349882925,0.2337578930237214,0.006732264049787773,0.2557692619593581,21.761456932501613,45.95280560036675,868,868,False,,,False
ruler_vt_diag_qwen25_7b_8methods,20260615_223853,9,mlx-community/Qwen2.5-7B-Instruct-4bit,qwen,mlx,4,l1_prefill_only,geometry,512,ruler,16357,,1.0232439677401528,0.02297794117647059,True,False,0.14285714285714288,True,100.0,True,string_match_all,ruler_public_string_match,True,string_match_all,100.0,0.0,0.0,512,512,512.0,182.0258824579978,89.16963487500107,1.3847529150079936,0.6023952930081578,0.23139817890842096,0.0067899640125688165,0.25461246199483867,21.66451478444934,46.158430500266455,868,868,False,,,False
ruler_vt_diag_qwen25_7b_8methods,20260615_223853,0,mlx-community/Qwen2.5-7B-Instruct-4bit,qwen,mlx,4,l2_prefill_only,geometry,512,ruler,16349,,1.0011166944680523,0.0011160714285714285,True,False,0.11764705882352941,True,100.0,True,string_match_all,ruler_public_string_match,True,string_match_all,100.0,0.0,0.0,512,512,512.0,183.70396570799494,89.55794462500126,1.5257896229886683,0.6126432519959053,0.008784836951235775,0.007271749975188868,0.2693885170701833,19.66195047337978,50.859654099622276,868,868,False,,,False
ruler_vt_diag_qwen25_7b_8methods,20260615_223853,1,mlx-community/Qwen2.5-7B-Instruct-4bit,qwen,mlx,4,l2_prefill_only,geometry,512,ruler,16346,,1.0052219202795956,0.005208333333333333,True,False,0.1111111111111111,True,100.0,True,string_match_all,ruler_public_string_match,True,string_match_all,100.0,0.0,0.0,512,512,512.0,183.47400616699815,89.24200104099873,1.383341623004526,0.642339459984214,0.008277803022792796,0.007140341014746809,0.2727544449844572,21.68661703017509,46.1113874334842,868,868,False,,,False
ruler_vt_diag_qwen25_7b_8methods,20260615_223853,2,mlx-community/Qwen2.5-7B-Instruct-4bit,qwen,mlx,4,l2_prefill_only,geometry,512,ruler,16355,,1.0157477085866857,0.015625,True,False,0.13333333333333333,True,100.0,True,string_match_all,ruler_public_string_match,True,string_match_all,100.0,0.0,0.0,512,512,512.0,183.7122303340002,89.37343654099823,1.4226633760008554,0.6110506189907028,0.008042456971452339,0.006993288068770198,0.27409737292691716,21.08720903769295,47.42211253336184,868,868,False,,,False
ruler_vt_diag_qwen25_7b_8methods,20260615_223853,3,mlx-community/Qwen2.5-7B-Instruct-4bit,qwen,mlx,4,l2_prefill_only,geometry,512,ruler,16354,,1.5396047617848791,0.43152573529411764,True,False,0.13333333333333333,False,80.0,False,string_match_all,ruler_public_string_match,True,string_match_all,80.0,0.0,0.0,512,512,512.0,183.91319658299471,89.43386595800257,1.374029832011729,0.6219772100375849,0.00814704097865615,0.007129650119168218,0.27870045501185814,21.833587088918396,45.80099440039097,868,868,False,,,False
ruler_vt_diag_qwen25_7b_8methods,20260615_223853,4,mlx-community/Qwen2.5-7B-Instruct-4bit,qwen,mlx,4,l2_prefill_only,geometry,512,ruler,16349,,1.0108000919505575,0.0107421875,True,False,0.13333333333333333,True,100.0,True,string_match_all,ruler_public_string_match,True,string_match_all,100.0,0.0,0.0,512,512,512.0,183.69940549999592,89.33695470800012,1.3822418749914505,0.636101251016953,0.008222662007028703,0.007071013882523403,0.29098754409642424,21.70387147342469,46.07472916638168,868,868,False,,,False
ruler_vt_diag_qwen25_7b_8methods,20260615_223853,5,mlx-community/Qwen2.5-7B-Instruct-4bit,qwen,mlx,4,l2_prefill_only,geometry,512,ruler,16359,,1.1361032061615968,0.12760416666666666,False,False,0.0,False,60.0,False,string_match_all,ruler_public_string_match,True,string_match_all,60.0,0.0,0.0,512,512,512.0,183.80111091700383,89.3740722079965,1.3733740030002082,0.6064378819937701,0.0081951030442724,0.006957686033274513,0.26837520291883266,21.84401330916663,45.77913343334027,868,868,False,,,False
ruler_vt_diag_qwen25_7b_8methods,20260615_223853,6,mlx-community/Qwen2.5-7B-Instruct-4bit,qwen,mlx,4,l2_prefill_only,geometry,512,ruler,16352,,1.0147562516536435,0.0146484375,True,False,0.13333333333333333,True,100.0,True,string_match_all,ruler_public_string_match,True,string_match_all,100.0,0.0,0.0,512,512,512.0,184.39653266599635,89.58258158399985,1.6079404150295886,0.654994000971783,0.008362583896087017,0.007349086976319086,0.3138678267496289,18.657407774309817,53.59801383431962,868,868,False,,,False
ruler_vt_diag_qwen25_7b_8methods,20260615_223853,7,mlx-community/Qwen2.5-7B-Instruct-4bit,qwen,mlx,4,l2_prefill_only,geometry,512,ruler,16352,,1.0295961795392348,0.029166666666666667,True,False,0.125,True,100.0,True,string_match_all,ruler_public_string_match,True,string_match_all,100.0,0.0,0.0,512,512,512.0,184.29164258300443,89.42619295899931,1.837946582978475,0.6260795439666254,0.008572158039896749,0.00741914698301116,0.27633704493928235,16.32256360322706,61.2648860992825,868,868,False,,,False
ruler_vt_diag_qwen25_7b_8methods,20260615_223853,8,mlx-community/Qwen2.5-7B-Instruct-4bit,qwen,mlx,4,l2_prefill_only,geometry,512,ruler,16343,,1.7317061611937907,0.5491071428571429,True,False,0.125,True,100.0,True,string_match_all,ruler_public_string_match,True,string_match_all,100.0,0.0,0.0,512,512,512.0,183.80294712500472,89.5826039579988,1.4171217509865528,0.6045184190224973,0.008366544025193434,0.007192559147370048,0.2645336309506092,21.16967012828291,47.23739169955176,868,868,False,,,False
ruler_vt_diag_qwen25_7b_8methods,20260615_223853,9,mlx-community/Qwen2.5-7B-Instruct-4bit,qwen,mlx,4,l2_prefill_only,geometry,512,ruler,16357,,1.0223039182263827,0.022058823529411766,True,False,0.14285714285714288,True,100.0,True,string_match_all,ruler_public_string_match,True,string_match_all,100.0,0.0,0.0,512,512,512.0,183.73066291700525,89.40555441699689,1.410337082001206,0.6118351300101494,0.007996157044544816,0.007012814108747989,0.2673413750526379,21.271510465733005,47.011236066706864,868,868,False,,,False
ruler_vt_diag_qwen25_7b_8methods,20260615_223853,0,mlx-community/Qwen2.5-7B-Instruct-4bit,qwen,mlx,4,attention_l1,hybrid,512,ruler,16349,,1.0055959563386407,0.005580357142857143,True,False,0.10526315789473684,True,100.0,True,string_match_all,ruler_public_string_match,True,string_match_all,100.0,0.0,0.0,512,512,512.0,247.92001487500238,89.65995045800082,5.909619538993866,3.7903310829933616,28.619242735127045,2.489975713971944,0.30398345195135335,5.076468933752647,196.98731796646217,868,868,False,,,False
ruler_vt_diag_qwen25_7b_8methods,20260615_223853,1,mlx-community/Qwen2.5-7B-Instruct-4bit,qwen,mlx,4,attention_l1,hybrid,512,ruler,16346,,1.0253151205244289,0.025,True,False,0.10526315789473684,True,100.0,True,string_match_all,ruler_public_string_match,True,string_match_all,100.0,0.0,0.0,512,512,512.0,245.70673229100066,89.0682815409964,5.877249497985758,3.798647205971065,26.677691857985337,2.413896384910913,0.30469016994175036,5.104428527371784,195.90831659952528,868,868,False,,,False
ruler_vt_diag_qwen25_7b_8methods,20260615_223853,2,mlx-community/Qwen2.5-7B-Instruct-4bit,qwen,mlx,4,attention_l1,hybrid,512,ruler,16355,,1.0058765747144782,0.005859375,True,False,0.15384615384615385,True,100.0,True,string_match_all,ruler_public_string_match,True,string_match_all,100.0,0.0,0.0,512,512,512.0,249.87803845899907,88.92356587500399,8.442199957986304,3.7881438750046073,26.745777344047383,2.398970418878889,0.29920060603762977,3.553576099748746,281.4066652662101,868,868,False,,,False
ruler_vt_diag_qwen25_7b_8methods,20260615_223853,3,mlx-community/Qwen2.5-7B-Instruct-4bit,qwen,mlx,4,attention_l1,hybrid,512,ruler,16354,,1.5234170673496672,0.4209558823529412,True,False,0.14285714285714288,True,100.0,True,string_match_all,ruler_public_string_match,True,string_match_all,100.0,0.0,0.0,512,512,512.0,247.0248963749982,89.03964624999935,4.998565919020621,3.8678423300007125,26.816513078883872,2.4769098009564914,0.31135692009411287,6.0017213908980445,166.618863967354,868,868,False,,,False
ruler_vt_diag_qwen25_7b_8methods,20260615_223853,4,mlx-community/Qwen2.5-7B-Instruct-4bit,qwen,mlx,4,attention_l1,hybrid,512,ruler,16349,,1.008827799714578,0.0087890625,True,False,0.11764705882352941,True,100.0,True,string_match_all,ruler_public_string_match,True,string_match_all,100.0,0.0,0.0,512,512,512.0,247.72890512499725,89.10814441600087,5.902674917007971,3.8617345780148753,26.01860931213014,2.4689161989372224,0.3114072020762251,5.082441506910364,196.7558305669324,868,868,False,,,False
ruler_vt_diag_qwen25_7b_8methods,20260615_223853,5,mlx-community/Qwen2.5-7B-Instruct-4bit,qwen,mlx,4,attention_l1,hybrid,512,ruler,16359,,1.0008684324248192,0.0008680555555555555,True,False,0.13333333333333333,True,100.0,True,string_match_all,ruler_public_string_match,True,string_match_all,100.0,0.0,0.0,512,512,512.0,250.1948113749968,88.99278791699908,6.853827084021759,3.8146195029912633,27.84515058807301,2.428311498988478,0.30218379091093084,4.377116555790942,228.4609028007253,868,868,False,,,False
ruler_vt_diag_qwen25_7b_8methods,20260615_223853,6,mlx-community/Qwen2.5-7B-Instruct-4bit,qwen,mlx,4,attention_l1,hybrid,512,ruler,16352,,1.0167401342123066,0.0166015625,True,False,0.11764705882352941,True,100.0,True,string_match_all,ruler_public_string_match,True,string_match_all,100.0,0.0,0.0,512,512,512.0,245.64238604099955,89.01906508399406,4.296135796997987,3.8549664960082737,27.104779188004613,2.4540783257980365,0.30727031693822937,6.983019489505689,143.20452656659958,868,868,False,,,False
ruler_vt_diag_qwen25_7b_8methods,20260615_223853,7,mlx-community/Qwen2.5-7B-Instruct-4bit,qwen,mlx,4,attention_l1,hybrid,512,ruler,16352,,1.467167004236255,0.38333333333333336,True,False,0.10526315789473684,True,100.0,True,string_match_all,ruler_public_string_match,True,string_match_all,100.0,0.0,0.0,512,512,512.0,246.04626574900612,89.00253737500316,5.635794959001942,3.5879910819858196,27.86630348511244,2.2712515750608873,0.29388204896531533,5.3231177177731785,187.8598319667314,868,868,False,,,False
ruler_vt_diag_qwen25_7b_8methods,20260615_223853,8,mlx-community/Qwen2.5-7B-Instruct-4bit,qwen,mlx,4,attention_l1,hybrid,512,ruler,16343,,1.3668379411737963,0.3125,True,False,0.11764705882352941,False,80.0,False,string_match_all,ruler_public_string_match,True,string_match_all,80.0,0.0,0.0,512,512,512.0,249.25504649999493,89.02525837499707,7.080515372988884,3.8043680369955837,26.766388952011766,2.413173056047526,0.30388157014385797,4.23697971399731,236.01717909962946,868,868,False,,,False
ruler_vt_diag_qwen25_7b_8methods,20260615_223853,9,mlx-community/Qwen2.5-7B-Instruct-4bit,qwen,mlx,4,attention_l1,hybrid,512,ruler,16357,,1.0279571974165025,0.027573529411764705,True,False,0.14285714285714288,True,100.0,True,string_match_all,ruler_public_string_match,True,string_match_all,100.0,0.0,0.0,512,512,512.0,250.46876466800313,88.95548904099996,7.129694248993474,3.778391415035003,26.72791449790384,2.9789235850767,0.2998432129243156,4.207754070833432,237.6564749664491,868,868,False,,,False
ruler_vt_diag_qwen25_7b_8methods,20260615_223853,0,mlx-community/Qwen2.5-7B-Instruct-4bit,qwen,mlx,4,attention_l2,hybrid,512,ruler,16349,,1.035203695174957,0.03459821428571429,True,False,0.11764705882352941,True,100.0,True,string_match_all,ruler_public_string_match,True,string_match_all,100.0,0.0,0.0,512,512,512.0,253.92887708199123,88.96480541700294,6.222395293996669,8.071222204009246,31.38101425689092,3.1210175710293697,0.5106172069063177,4.821294466608996,207.41317646655563,868,868,False,,,False
ruler_vt_diag_qwen25_7b_8methods,20260615_223853,1,mlx-community/Qwen2.5-7B-Instruct-4bit,qwen,mlx,4,attention_l2,hybrid,512,ruler,16346,,1.009419082964071,0.009375,True,False,0.10526315789473684,True,100.0,True,string_match_all,ruler_public_string_match,True,string_match_all,100.0,0.0,0.0,512,512,512.0,255.4829565419932,88.97607045900077,5.750407705992984,8.252247086027637,30.969152513971494,3.189392069041787,0.5224881261310657,5.217021389411133,191.6802568664328,868,868,False,,,False
ruler_vt_diag_qwen25_7b_8methods,20260615_223853,2,mlx-community/Qwen2.5-7B-Instruct-4bit,qwen,mlx,4,attention_l2,hybrid,512,ruler,16355,,1.0247145259186305,0.0244140625,True,False,0.15384615384615385,True,100.0,True,string_match_all,ruler_public_string_match,True,string_match_all,100.0,0.0,0.0,512,512,512.0,254.93853500000114,88.92264808400068,6.319947501033312,8.354642336984398,30.43702002986538,3.206477841064043,0.5232315901084803,4.746874874371187,210.6649167011104,868,868,False,,,False
ruler_vt_diag_qwen25_7b_8methods,20260615_223853,3,mlx-community/Qwen2.5-7B-Instruct-4bit,qwen,mlx,4,attention_l2,hybrid,512,ruler,16354,,1.5660075390492312,0.4485294117647059,True,False,0.1111111111111111,False,80.0,False,string_match_all,ruler_public_string_match,True,string_match_all,80.0,0.0,0.0,512,512,512.0,252.41237833299238,88.95271254099498,5.291579541997635,8.381752749010047,30.93754728496424,3.2220100510312477,0.5290376980265137,5.669384682191631,176.38598473325447,868,868,False,,,False
ruler_vt_diag_qwen25_7b_8methods,20260615_223853,4,mlx-community/Qwen2.5-7B-Instruct-4bit,qwen,mlx,4,attention_l2,hybrid,512,ruler,16349,,1.0137657624676528,0.013671875,True,False,0.11764705882352941,True,100.0,True,string_match_all,ruler_public_string_match,True,string_match_all,100.0,0.0,0.0,512,512,512.0,253.37324437600182,89.00986191699485,5.1603235810107435,8.067280454000866,30.892424492893042,3.0966185259603662,1.2652529489641893,5.813588921128073,172.01078603369143,868,868,False,,,False
ruler_vt_diag_qwen25_7b_8methods,20260615_223853,5,mlx-community/Qwen2.5-7B-Instruct-4bit,qwen,mlx,4,attention_l2,hybrid,512,ruler,16359,,1.0034782573689043,0.003472222222222222,True,False,0.13333333333333333,True,100.0,True,string_match_all,ruler_public_string_match,True,string_match_all,100.0,0.0,0.0,512,512,512.0,253.77120162500069,88.9828424580046,5.168641250966175,8.505188793969864,30.112027261064213,3.3220146670137183,0.5485917959304061,5.8042333648890985,172.2880416988725,868,868,False,,,False
ruler_vt_diag_qwen25_7b_8methods,20260615_223853,6,mlx-community/Qwen2.5-7B-Instruct-4bit,qwen,mlx,4,attention_l2,hybrid,512,ruler,16352,,1.03983547133623,0.0390625,True,False,0.11764705882352941,True,100.0,True,string_match_all,ruler_public_string_match,True,string_match_all,100.0,0.0,0.0,512,512,512.0,256.9459615000087,88.93048362500122,5.274992461025249,8.474076789985702,31.933527475062874,3.291230589064071,0.5591738139482914,5.687211919572903,175.83308203417496,868,868,False,,,False
ruler_vt_diag_qwen25_7b_8methods,20260615_223853,7,mlx-community/Qwen2.5-7B-Instruct-4bit,qwen,mlx,4,attention_l2,hybrid,512,ruler,16352,,1.6625180212410022,0.5083333333333333,True,False,0.10526315789473684,True,100.0,True,string_match_all,ruler_public_string_match,True,string_match_all,100.0,0.0,0.0,512,512,512.0,253.95921537500544,88.81489237499773,6.722878168977331,8.564559210979496,31.048363003967097,3.3387944209680427,0.5498845700203674,4.462374483957595,224.09593896591105,868,868,False,,,False
ruler_vt_diag_qwen25_7b_8methods,20260615_223853,8,mlx-community/Qwen2.5-7B-Instruct-4bit,qwen,mlx,4,attention_l2,hybrid,512,ruler,16343,,1.3057023189209707,0.26674107142857145,True,False,0.11764705882352941,False,80.0,False,string_match_all,ruler_public_string_match,True,string_match_all,80.0,0.0,0.0,512,512,512.0,255.77822949999972,89.01149091700063,6.717456708996906,7.849855080006819,31.641942609043326,3.070207346994721,0.4942385050962912,4.4659759339900225,223.9152236332302,868,868,False,,,False
ruler_vt_diag_qwen25_7b_8methods,20260615_223853,9,mlx-community/Qwen2.5-7B-Instruct-4bit,qwen,mlx,4,attention_l2,hybrid,512,ruler,16357,,1.055725217979127,0.05422794117647059,True,False,0.14285714285714288,True,100.0,True,string_match_all,ruler_public_string_match,True,string_match_all,100.0,0.0,0.0,512,512,512.0,255.45101520799653,88.9809100420025,6.873956089024432,8.270676208019722,30.332859582063975,3.162730928939709,0.5184077349767904,4.364299045770842,229.13186963414773,868,868,False,,,False
ruler_vt_diag_qwen25_7b_8methods,20260615_223853,0,mlx-community/Qwen2.5-7B-Instruct-4bit,qwen,mlx,4,full,recency,1024,ruler,16349,,1.0,0.0,True,False,0.1,True,100.0,True,string_match_all,ruler_public_string_match,True,string_match_all,100.0,0.0,0.0,16364,16364,16349.5,182.88956024999788,88.8687385000012,2.684640497980581,0.0,0.0,0.0,0.0,11.174680566193635,89.4880165993527,0,15341,False,,,False
ruler_vt_diag_qwen25_7b_8methods,20260615_223853,1,mlx-community/Qwen2.5-7B-Instruct-4bit,qwen,mlx,4,full,recency,1024,ruler,16346,,1.016806330386261,0.016666666666666666,True,False,0.11764705882352941,True,100.0,True,string_match_all,ruler_public_string_match,True,string_match_all,100.0,0.0,0.0,16360,16360,16345.5,183.48019766699872,89.9726653329999,2.6513237489853054,0.0,0.0,0.0,0.0,11.315102507372544,88.37745829951018,0,15337,False,,,False
ruler_vt_diag_qwen25_7b_8methods,20260615_223853,2,mlx-community/Qwen2.5-7B-Instruct-4bit,qwen,mlx,4,full,recency,1024,ruler,16355,,1.006859355852471,0.0068359375,True,False,0.14285714285714288,True,100.0,True,string_match_all,ruler_public_string_match,True,string_match_all,100.0,0.0,0.0,16368,16368,16353.5,181.92090841699974,89.04555670799891,2.652427042994532,0.0,0.0,0.0,0.0,11.310395918045934,88.4142347664844,0,15345,False,,,False
ruler_vt_diag_qwen25_7b_8methods,20260615_223853,3,mlx-community/Qwen2.5-7B-Instruct-4bit,qwen,mlx,4,full,recency,1024,ruler,16354,,1.2699411848232303,0.23897058823529413,True,False,0.14285714285714288,False,80.0,False,string_match_all,ruler_public_string_match,True,string_match_all,80.0,0.0,0.0,16366,16366,16351.5,181.62474154200027,88.70215429199743,2.6744902480058954,0.0,0.0,0.0,0.0,11.217090816602548,89.14967493352985,0,15343,False,,,False
ruler_vt_diag_qwen25_7b_8methods,20260615_223853,4,mlx-community/Qwen2.5-7B-Instruct-4bit,qwen,mlx,4,full,recency,1024,ruler,16349,,1.0058765747144782,0.005859375,True,False,0.125,True,100.0,True,string_match_all,ruler_public_string_match,True,string_match_all,100.0,0.0,0.0,16362,16362,16347.5,181.4270262919963,88.64344070800144,2.6544277489883825,0.0,0.0,0.0,0.0,11.301871000795998,88.48092496627942,0,15339,False,,,False
ruler_vt_diag_qwen25_7b_8methods,20260615_223853,5,mlx-community/Qwen2.5-7B-Instruct-4bit,qwen,mlx,4,full,recency,1024,ruler,16359,,1.1390656639536885,0.13020833333333334,True,False,0.125,True,100.0,True,string_match_all,ruler_public_string_match,True,string_match_all,100.0,0.0,0.0,16370,16370,16355.5,181.63406537500123,88.68935412500286,2.651872956987063,0.0,0.0,0.0,0.0,11.312759127829649,88.39576523290211,0,15347,False,,,False
ruler_vt_diag_qwen25_7b_8methods,20260615_223853,6,mlx-community/Qwen2.5-7B-Instruct-4bit,qwen,mlx,4,full,recency,1024,ruler,16352,,1.025715712478906,0.025390625,True,False,0.125,True,100.0,True,string_match_all,ruler_public_string_match,True,string_match_all,100.0,0.0,0.0,16365,16365,16350.5,181.68493929199758,88.75392358299723,2.650895042992488,0.0,0.0,0.0,0.0,11.316932399607271,88.3631680997496,0,15342,False,,,False
ruler_vt_diag_qwen25_7b_8methods,20260615_223853,7,mlx-community/Qwen2.5-7B-Instruct-4bit,qwen,mlx,4,full,recency,1024,ruler,16352,,1.0052219202795956,0.005208333333333333,True,False,0.11764705882352941,True,100.0,True,string_match_all,ruler_public_string_match,True,string_match_all,100.0,0.0,0.0,16366,16366,16351.5,182.1885790410015,88.90620637500251,2.6512582499926793,0.0,0.0,0.0,0.0,11.315382045518515,88.37527499975597,0,15343,False,,,False
ruler_vt_diag_qwen25_7b_8methods,20260615_223853,8,mlx-community/Qwen2.5-7B-Instruct-4bit,qwen,mlx,4,full,recency,1024,ruler,16343,,1.0621210051443315,0.060267857142857144,True,False,0.1111111111111111,True,100.0,True,string_match_all,ruler_public_string_match,True,string_match_all,100.0,0.0,0.0,16358,16358,16343.5,182.05339120800636,89.04164891699475,2.652459792996524,0.0,0.0,0.0,0.0,11.310256268242448,88.41532643321746,0,15335,False,,,False
ruler_vt_diag_qwen25_7b_8methods,20260615_223853,9,mlx-community/Qwen2.5-7B-Instruct-4bit,qwen,mlx,4,full,recency,1024,ruler,16357,,1.1383679208429225,0.12959558823529413,True,False,0.11764705882352941,True,100.0,True,string_match_all,ruler_public_string_match,True,string_match_all,100.0,0.0,0.0,16369,16369,16354.5,182.52185825000197,89.13871679199656,2.6574217069646693,0.0,0.0,0.0,0.0,11.289137859217034,88.58072356548898,0,15346,False,,,False
ruler_vt_diag_qwen25_7b_8methods,20260615_223853,0,mlx-community/Qwen2.5-7B-Instruct-4bit,qwen,mlx,4,attention,attention,1024,ruler,16349,,1.0011166944680523,0.0011160714285714285,True,False,0.11764705882352941,True,100.0,True,string_match_all,ruler_public_string_match,True,string_match_all,100.0,0.0,0.0,1024,1024,1024.0,239.5733094169991,89.2459889160018,5.690965163994406,1.1523323360306676,0.002636005934618879,0.02276670305582229,1.3468676631164271,5.271513554467699,189.69883879981353,868,868,False,,,False
ruler_vt_diag_qwen25_7b_8methods,20260615_223853,1,mlx-community/Qwen2.5-7B-Instruct-4bit,qwen,mlx,4,attention,attention,1024,ruler,16346,,1.0157477085866857,0.015625,True,False,0.13333333333333333,True,100.0,True,string_match_all,ruler_public_string_match,True,string_match_all,100.0,0.0,0.0,1024,1024,1024.0,244.16558512499614,88.50635758299904,8.518459166974935,1.0938846290300717,0.0025071749405469745,0.0068988899438409135,1.0158449250957347,3.521763667812892,283.9486388991645,868,868,False,,,False
ruler_vt_diag_qwen25_7b_8methods,20260615_223853,2,mlx-community/Qwen2.5-7B-Instruct-4bit,qwen,mlx,4,attention,attention,1024,ruler,16355,,1.0048947528552166,0.0048828125,True,False,0.13333333333333333,True,100.0,True,string_match_all,ruler_public_string_match,True,string_match_all,100.0,0.0,0.0,1024,1024,1024.0,242.91237429199828,88.96617833300115,8.070704627985833,1.125323295025737,0.004018370163976215,0.007036791015707422,1.0158674320118735,3.717147558092081,269.02348759952775,868,868,False,,,False
ruler_vt_diag_qwen25_7b_8methods,20260615_223853,3,mlx-community/Qwen2.5-7B-Instruct-4bit,qwen,mlx,4,attention,attention,1024,ruler,16354,,1.2687744957139397,0.23805147058823528,True,False,0.15384615384615385,True,100.0,True,string_match_all,ruler_public_string_match,True,string_match_all,100.0,0.0,0.0,1024,1024,1024.0,241.53790541600029,89.09523524999531,6.241649538991624,1.1533856330206618,0.0025516680907458067,0.007067159975122195,1.0304806268541142,4.806421733964686,208.05498463305412,868,868,False,,,False
ruler_vt_diag_qwen25_7b_8methods,20260615_223853,4,mlx-community/Qwen2.5-7B-Instruct-4bit,qwen,mlx,4,attention,attention,1024,ruler,16349,,1.0048947528552166,0.0048828125,True,False,0.11764705882352941,True,100.0,True,string_match_all,ruler_public_string_match,True,string_match_all,100.0,0.0,0.0,1024,1024,1024.0,242.04584091599827,89.15647408299992,6.85380333201465,1.1534596239580424,0.00336053690261906,0.007099574046151247,1.0129316550010117,4.377131724785224,228.460111067155,868,868,False,,,False
ruler_vt_diag_qwen25_7b_8methods,20260615_223853,5,mlx-community/Qwen2.5-7B-Instruct-4bit,qwen,mlx,4,attention,attention,1024,ruler,16359,,1.0060948875893054,0.006076388888888889,True,False,0.13333333333333333,True,100.0,True,string_match_all,ruler_public_string_match,True,string_match_all,100.0,0.0,0.0,1024,1024,1024.0,238.0429710410026,89.05989725000109,4.877244538984087,1.1366617129533552,0.003452164150075987,0.008181385979696643,1.0146104500672664,6.1510141146724,162.57481796613624,868,868,False,,,False
ruler_vt_diag_qwen25_7b_8methods,20260615_223853,6,mlx-community/Qwen2.5-7B-Instruct-4bit,qwen,mlx,4,attention,attention,1024,ruler,16352,,1.006859355852471,0.0068359375,True,False,0.10526315789473684,True,100.0,True,string_match_all,ruler_public_string_match,True,string_match_all,100.0,0.0,0.0,1024,1024,1024.0,243.7748779169924,89.05655595899589,5.544268582998484,1.1585287539710407,0.002525089970731642,0.006946756839170121,1.0144677000571392,5.410993271861881,184.80895276661613,868,868,False,,,False
ruler_vt_diag_qwen25_7b_8methods,20260615_223853,7,mlx-community/Qwen2.5-7B-Instruct-4bit,qwen,mlx,4,attention,attention,1024,ruler,16352,,1.04146148425197,0.040625,True,False,0.1,True,100.0,True,string_match_all,ruler_public_string_match,True,string_match_all,100.0,0.0,0.0,1024,1024,1024.0,242.33170520799467,88.94240904200706,6.447206003002066,1.1416462890410912,0.0025648158552940004,0.00802281811775174,1.0402766380066168,4.653178444434822,214.9068667667355,868,868,False,,,False
ruler_vt_diag_qwen25_7b_8methods,20260615_223853,8,mlx-community/Qwen2.5-7B-Instruct-4bit,qwen,mlx,4,attention,attention,1024,ruler,16343,,1.0409966498547556,0.04017857142857143,True,False,0.1111111111111111,True,100.0,True,string_match_all,ruler_public_string_match,True,string_match_all,100.0,0.0,0.0,1024,1024,1024.0,240.64901645899954,88.99493445899861,6.534059500976582,1.1359427110219258,0.0034186180200777017,0.006923629036464263,1.0381569218880031,4.591326417446336,217.8019833658861,868,868,False,,,False
ruler_vt_diag_qwen25_7b_8methods,20260615_223853,9,mlx-community/Qwen2.5-7B-Instruct-4bit,qwen,mlx,4,attention,attention,1024,ruler,16357,,1.0499192277878175,0.04871323529411765,True,False,0.14285714285714288,True,100.0,True,string_match_all,ruler_public_string_match,True,string_match_all,100.0,0.0,0.0,1024,1024,1024.0,239.23370058398723,89.04318170899933,5.117026213003555,1.1304012460022932,0.0026019509896286763,0.009845397900789976,1.0305522858689073,5.862780206941879,170.56754043345185,868,868,False,,,False
ruler_vt_diag_qwen25_7b_8methods,20260615_223853,0,mlx-community/Qwen2.5-7B-Instruct-4bit,qwen,mlx,4,snapkv,attention,1024,ruler,16349,,1.0011166944680523,0.0011160714285714285,True,False,0.1,True,100.0,True,string_match_all,ruler_public_string_match,True,string_match_all,100.0,0.0,0.0,1054,1054,1039.5,500.6324109999987,114.32674116700218,6.100671043037437,0.0,25.365251876988623,0.020414710998011287,0.0457701220002491,4.917491828089689,203.35570143458122,28,28,False,,,False
ruler_vt_diag_qwen25_7b_8methods,20260615_223853,1,mlx-community/Qwen2.5-7B-Instruct-4bit,qwen,mlx,4,snapkv,attention,1024,ruler,16346,,1.0253151205244289,0.025,True,False,0.13333333333333333,True,100.0,True,string_match_all,ruler_public_string_match,True,string_match_all,100.0,0.0,0.0,1054,1054,1039.5,514.0652105420013,115.16906337500404,8.111401495996688,0.0,25.83563795999362,0.012100668012863025,0.05099612497724593,3.6984977275266475,270.3800498665563,28,28,False,,,False
ruler_vt_diag_qwen25_7b_8methods,20260615_223853,2,mlx-community/Qwen2.5-7B-Instruct-4bit,qwen,mlx,4,snapkv,attention,1024,ruler,16355,,1.0117876835593316,0.01171875,True,False,0.1111111111111111,True,100.0,True,string_match_all,ruler_public_string_match,True,string_match_all,100.0,0.0,0.0,1054,1054,1039.5,516.1528283330044,115.79722379199666,5.246100540003681,0.0,26.115243667998584,0.0118178349948721,0.04841566899267491,5.718533179308635,174.87001800012268,28,28,False,,,False
ruler_vt_diag_qwen25_7b_8methods,20260615_223853,3,mlx-community/Qwen2.5-7B-Instruct-4bit,qwen,mlx,4,snapkv,attention,1024,ruler,16354,,1.6381477395853392,0.49356617647058826,True,False,0.11764705882352941,False,80.0,False,string_match_all,ruler_public_string_match,True,string_match_all,80.0,0.0,0.0,1054,1054,1039.5,519.5960911260045,114.72397574999923,5.506897999002831,0.0,25.787168876981013,0.01222712398157455,0.05204095302906353,5.447713032896613,183.5632666334277,28,28,False,,,False
ruler_vt_diag_qwen25_7b_8methods,20260615_223853,4,mlx-community/Qwen2.5-7B-Instruct-4bit,qwen,mlx,4,snapkv,attention,1024,ruler,16349,,1.3562011239273402,0.3046875,True,False,0.11764705882352941,True,100.0,True,string_match_all,ruler_public_string_match,True,string_match_all,100.0,0.0,0.0,1054,1054,1039.5,515.6739421250022,115.0065894990039,6.02559799800656,0.0,25.509131749022345,0.012020668989862315,0.048480876997928135,4.978758956359992,200.8532666002187,28,28,False,,,False
ruler_vt_diag_qwen25_7b_8methods,20260615_223853,5,mlx-community/Qwen2.5-7B-Instruct-4bit,qwen,mlx,4,snapkv,attention,1024,ruler,16359,,1.0060948875893054,0.006076388888888889,True,False,0.13333333333333333,True,100.0,True,string_match_all,ruler_public_string_match,True,string_match_all,100.0,0.0,0.0,1054,1054,1039.5,528.154854417,115.32392541700392,7.267168622005556,0.0,25.56115133701678,0.011885044004884548,0.04707283400784945,4.128155208777962,242.23895406685187,28,28,False,,,False
ruler_vt_diag_qwen25_7b_8methods,20260615_223853,6,mlx-community/Qwen2.5-7B-Instruct-4bit,qwen,mlx,4,snapkv,attention,1024,ruler,16352,,1.0728433924348775,0.0703125,True,False,0.1111111111111111,False,80.0,False,string_match_all,ruler_public_string_match,True,string_match_all,80.0,0.0,0.0,1054,1054,1039.5,517.1623813749975,114.97438150001108,6.384120625021751,0.0,26.064372663997347,0.011873629024194088,0.049640662989986595,4.699159330169735,212.80402083405835,28,28,False,,,False
ruler_vt_diag_qwen25_7b_8methods,20260615_223853,7,mlx-community/Qwen2.5-7B-Instruct-4bit,qwen,mlx,4,snapkv,attention,1024,ruler,16352,,3.2482779682652194,1.178125,True,False,0.1111111111111111,False,80.0,False,string_match_all,ruler_public_string_match,True,string_match_all,80.0,0.0,0.0,1054,1054,1039.5,510.5479555000056,115.48004658399441,7.877024503002758,0.0,25.940539204988454,0.01194674700673204,0.04945866401249077,3.8085447098157257,262.5674834334253,28,28,False,,,False
ruler_vt_diag_qwen25_7b_8methods,20260615_223853,8,mlx-community/Qwen2.5-7B-Instruct-4bit,qwen,mlx,4,snapkv,attention,1024,ruler,16343,,1.053855513907206,0.052455357142857144,True,False,0.11764705882352941,True,100.0,True,string_match_all,ruler_public_string_match,True,string_match_all,100.0,0.0,0.0,1054,1054,1039.5,503.00080554200395,116.12681870799861,5.885714372998336,0.0,26.392009750023135,0.011803833032900002,0.05412641399743734,5.097087303051918,196.19047909994455,28,28,False,,,False
ruler_vt_diag_qwen25_7b_8methods,20260615_223853,9,mlx-community/Qwen2.5-7B-Instruct-4bit,qwen,mlx,4,snapkv,attention,1024,ruler,16357,,1.0499192277878175,0.04871323529411765,True,False,0.11764705882352941,True,100.0,True,string_match_all,ruler_public_string_match,True,string_match_all,100.0,0.0,0.0,1054,1054,1039.5,518.978944208,114.92068495799322,5.942745621017821,0.0,25.989719541008526,0.012303456009249203,0.04613445702852914,5.04817165552206,198.09152070059403,28,28,False,,,False
ruler_vt_diag_qwen25_7b_8methods,20260615_223853,0,mlx-community/Qwen2.5-7B-Instruct-4bit,qwen,mlx,4,compactor,hybrid,1024,ruler,16349,,1.0146146939707241,0.014508928571428572,True,False,0.125,True,100.0,True,string_match_all,ruler_public_string_match,True,string_match_all,100.0,0.0,0.0,2305,2305,2290.5,490.04976008399535,97.31258466799773,1.7310390409911633,0.0,7.841588792973198,0.016293795008095913,0.044429874993511476,17.330631655091103,57.70130136637211,28,28,False,,,False
ruler_vt_diag_qwen25_7b_8methods,20260615_223853,1,mlx-community/Qwen2.5-7B-Instruct-4bit,qwen,mlx,4,compactor,hybrid,1024,ruler,16346,,1.0982851403078258,0.09375,True,False,0.10526315789473684,False,80.0,False,string_match_all,ruler_public_string_match,True,string_match_all,80.0,0.0,0.0,2250,2250,2235.5,497.34084145900124,96.60277495900664,1.7116640440071933,0.0,6.907649998029228,0.014599710011680145,0.039541376994748134,17.52680387546537,57.05546813357311,28,28,False,,,False
ruler_vt_diag_qwen25_7b_8methods,20260615_223853,2,mlx-community/Qwen2.5-7B-Instruct-4bit,qwen,mlx,4,compactor,hybrid,1024,ruler,16355,,1.654366190064265,0.50341796875,True,False,0.125,False,80.0,False,string_match_all,ruler_public_string_match,True,string_match_all,80.0,0.0,0.0,2304,2304,2289.5,502.4990865829968,95.84257875000185,1.7209339600231033,0.0,6.92035408202355,0.014553378001437522,0.03949395901145181,17.432394674573832,57.36446533410344,28,28,False,,,False
ruler_vt_diag_qwen25_7b_8methods,20260615_223853,3,mlx-community/Qwen2.5-7B-Instruct-4bit,qwen,mlx,4,compactor,hybrid,1024,ruler,16354,,1.008306366836172,0.008272058823529412,True,False,0.125,True,100.0,True,string_match_all,ruler_public_string_match,True,string_match_all,100.0,0.0,0.0,2316,2316,2301.5,511.8665267920078,96.67248770799779,2.105189253015851,0.0,7.172573373994965,0.014596416003769264,0.03847766302351374,14.250500261210536,70.17297510052838,28,28,False,,,False
ruler_vt_diag_qwen25_7b_8methods,20260615_223853,4,mlx-community/Qwen2.5-7B-Instruct-4bit,qwen,mlx,4,compactor,hybrid,1024,ruler,16349,,1.0886745395185953,0.0849609375,True,False,0.14285714285714288,True,100.0,True,string_match_all,ruler_public_string_match,True,string_match_all,100.0,0.0,0.0,2313,2313,2298.5,505.23536516699824,96.97606337400066,2.1622175019947463,0.0,7.227202712005237,0.014596293025533669,0.03906212599395076,13.874644883007193,72.0739167331582,28,28,False,,,False
ruler_vt_diag_qwen25_7b_8methods,20260615_223853,5,mlx-community/Qwen2.5-7B-Instruct-4bit,qwen,mlx,4,compactor,hybrid,1024,ruler,16359,,1.2751394632319788,0.24305555555555555,True,False,0.14285714285714288,False,60.0,False,string_match_all,ruler_public_string_match,True,string_match_all,60.0,0.0,0.0,2320,2320,2305.5,517.0011074580034,96.15699270899495,2.0278197519801324,0.0,7.092093043989735,0.014637543972639833,0.03835087596235098,14.794214313528357,67.59399173267109,28,28,False,,,False
ruler_vt_diag_qwen25_7b_8methods,20260615_223853,6,mlx-community/Qwen2.5-7B-Instruct-4bit,qwen,mlx,4,compactor,hybrid,1024,ruler,16352,,1.1588880148824967,0.1474609375,True,False,0.14285714285714288,True,100.0,True,string_match_all,ruler_public_string_match,True,string_match_all,100.0,0.0,0.0,2302,2302,2287.5,504.969209750001,96.80373791700549,2.117731999976968,0.0,7.149230083989096,0.014748086010513362,0.04106600299564889,14.166098448871848,70.59106666589892,28,28,False,,,False
ruler_vt_diag_qwen25_7b_8methods,20260615_223853,7,mlx-community/Qwen2.5-7B-Instruct-4bit,qwen,mlx,4,compactor,hybrid,1024,ruler,16352,,1.5814360605671443,0.4583333333333333,True,False,0.125,True,100.0,True,string_match_all,ruler_public_string_match,True,string_match_all,100.0,0.0,0.0,2281,2281,2266.5,498.93879112500144,97.11036979100027,2.370714833981765,0.0,7.2231930819980334,0.014595582986657973,0.039716706007311586,12.654411053569488,79.02382779939217,28,28,False,,,False
ruler_vt_diag_qwen25_7b_8methods,20260615_223853,8,mlx-community/Qwen2.5-7B-Instruct-4bit,qwen,mlx,4,compactor,hybrid,1024,ruler,16343,,1.4372379972368263,0.3627232142857143,True,False,0.11764705882352941,True,100.0,True,string_match_all,ruler_public_string_match,True,string_match_all,100.0,0.0,0.0,2331,2331,2316.5,492.6119977499984,97.0636825420006,2.1920291690257727,0.0,7.1994216670209426,0.01451370900758775,0.04089862901309971,13.685949267423856,73.06763896752575,28,28,False,,,False
ruler_vt_diag_qwen25_7b_8methods,20260615_223853,9,mlx-community/Qwen2.5-7B-Instruct-4bit,qwen,mlx,4,compactor,hybrid,1024,ruler,16357,,3.3381701384506224,1.205422794117647,False,False,0.0,False,80.0,False,string_match_all,ruler_public_string_match,True,string_match_all,80.0,0.0,0.0,2310,2310,2295.5,510.9278610830079,96.27392612400581,2.1512502920013503,0.0,7.110934666998219,0.014577914989786223,0.03968762498698197,13.945378699793418,71.70834306671168,28,28,False,,,False
ruler_vt_diag_qwen25_7b_8methods,20260615_223853,0,mlx-community/Qwen2.5-7B-Instruct-4bit,qwen,mlx,4,l1_prefill_only,geometry,1024,ruler,16349,,1.0011166944680523,0.0011160714285714285,True,False,0.11764705882352941,True,100.0,True,string_match_all,ruler_public_string_match,True,string_match_all,100.0,0.0,0.0,1024,1024,1024.0,197.55862504199467,99.29843579199951,3.565761455989559,1.5523836240026867,0.491448375993059,0.0170961520561832,0.5628498579899315,8.413350239570216,118.85871519965198,868,868,False,,,False
ruler_vt_diag_qwen25_7b_8methods,20260615_223853,1,mlx-community/Qwen2.5-7B-Instruct-4bit,qwen,mlx,4,l1_prefill_only,geometry,1024,ruler,16346,,1.0403771933720851,0.03958333333333333,True,False,0.125,True,100.0,True,string_match_all,ruler_public_string_match,True,string_match_all,100.0,0.0,0.0,1024,1024,1024.0,192.3991061659981,94.5522571659967,2.011989961989457,0.6380327050064807,0.37164995595958317,0.00776363998738816,0.2683315880567534,14.910611169419544,67.06633206631523,868,868,False,,,False
ruler_vt_diag_qwen25_7b_8methods,20260615_223853,2,mlx-community/Qwen2.5-7B-Instruct-4bit,qwen,mlx,4,l1_prefill_only,geometry,1024,ruler,16355,,1.007843097206448,0.0078125,True,False,0.125,True,100.0,True,string_match_all,ruler_public_string_match,True,string_match_all,100.0,0.0,0.0,1024,1024,1024.0,184.56845824999618,91.63665112500166,1.4703237039866508,0.6529601620131871,0.24747230089997174,0.0067658541520358995,0.2748642340229708,20.403670238504414,49.01079013288836,868,868,False,,,False
ruler_vt_diag_qwen25_7b_8methods,20260615_223853,3,mlx-community/Qwen2.5-7B-Instruct-4bit,qwen,mlx,4,l1_prefill_only,geometry,1024,ruler,16354,,1.768007031281063,0.5698529411764706,True,False,0.13333333333333333,False,80.0,False,string_match_all,ruler_public_string_match,True,string_match_all,80.0,0.0,0.0,1024,1024,1024.0,181.50191595799697,88.77218116699805,1.4486537540215068,0.6529408769929432,0.24310283391969278,0.006849900906672701,0.27660783299506875,20.70888224099036,48.28845846738356,868,868,False,,,False
ruler_vt_diag_qwen25_7b_8methods,20260615_223853,4,mlx-community/Qwen2.5-7B-Instruct-4bit,qwen,mlx,4,l1_prefill_only,geometry,1024,ruler,16349,,1.0108000919505575,0.0107421875,True,False,0.11764705882352941,True,100.0,True,string_match_all,ruler_public_string_match,True,string_match_all,100.0,0.0,0.0,1024,1024,1024.0,182.32921641799476,89.07710770799895,1.5382944960147142,0.6584464149855194,0.25002562406734796,0.006610812975850422,0.27976799104362726,19.502117492925777,51.276483200490475,868,868,False,,,False
ruler_vt_diag_qwen25_7b_8methods,20260615_223853,5,mlx-community/Qwen2.5-7B-Instruct-4bit,qwen,mlx,4,l1_prefill_only,geometry,1024,ruler,16359,,1.0371310893220613,0.036458333333333336,True,False,0.13333333333333333,True,100.0,True,string_match_all,ruler_public_string_match,True,string_match_all,100.0,0.0,0.0,1024,1024,1024.0,181.65439625000727,89.3548186659973,1.483848499978194,0.6367992519808467,0.23041214006661903,0.006580298009794205,0.27045511713367887,20.217697426954885,49.4616166659398,868,868,False,,,False
ruler_vt_diag_qwen25_7b_8methods,20260615_223853,6,mlx-community/Qwen2.5-7B-Instruct-4bit,qwen,mlx,4,l1_prefill_only,geometry,1024,ruler,16352,,1.4750204808243097,0.388671875,True,False,0.13333333333333333,True,100.0,True,string_match_all,ruler_public_string_match,True,string_match_all,100.0,0.0,0.0,1024,1024,1024.0,182.13578991699615,89.20450262499799,1.9228492910042405,0.7749269540072419,0.29639399584993953,0.007041585980914533,0.33901797910948517,15.60184676997332,64.09497636680801,868,868,False,,,False
ruler_vt_diag_qwen25_7b_8methods,20260615_223853,7,mlx-community/Qwen2.5-7B-Instruct-4bit,qwen,mlx,4,l1_prefill_only,geometry,1024,ruler,16352,,1.006269572003762,0.00625,True,False,0.1111111111111111,True,100.0,True,string_match_all,ruler_public_string_match,True,string_match_all,100.0,0.0,0.0,1024,1024,1024.0,181.21631191600318,88.65808045800077,1.684292167010426,0.6490013310321956,0.2694808390442631,0.00666362204356119,0.27761095000460045,17.811636595834322,56.14307223368087,868,868,False,,,False
ruler_vt_diag_qwen25_7b_8methods,20260615_223853,8,mlx-community/Qwen2.5-7B-Instruct-4bit,qwen,mlx,4,l1_prefill_only,geometry,1024,ruler,16343,,1.1106114441926216,0.10491071428571429,True,False,0.11764705882352941,False,80.0,False,string_match_all,ruler_public_string_match,True,string_match_all,80.0,0.0,0.0,1024,1024,1024.0,183.2963653340048,89.29842654200183,1.6634595440045814,0.6384725400057505,0.25805637792655034,0.0067395899968687445,0.2724146559849032,18.034703704172188,55.448651466819385,868,868,False,,,False
ruler_vt_diag_qwen25_7b_8methods,20260615_223853,9,mlx-community/Qwen2.5-7B-Instruct-4bit,qwen,mlx,4,l1_prefill_only,geometry,1024,ruler,16357,,1.0260693059413557,0.025735294117647058,True,False,0.14285714285714288,True,100.0,True,string_match_all,ruler_public_string_match,True,string_match_all,100.0,0.0,0.0,1024,1024,1024.0,189.92768879100913,90.67332941699715,1.5051612079914776,0.6535594619926997,0.23784074511058861,0.006562572896655183,0.27577991296129767,19.931419864343106,50.17204026638258,868,868,False,,,False
ruler_vt_diag_qwen25_7b_8methods,20260615_223853,0,mlx-community/Qwen2.5-7B-Instruct-4bit,qwen,mlx,4,l2_prefill_only,geometry,1024,ruler,16349,,1.0022346359426395,0.002232142857142857,True,False,0.11764705882352941,True,100.0,True,string_match_all,ruler_public_string_match,True,string_match_all,100.0,0.0,0.0,1024,1024,1024.0,185.18112883400318,92.12671887499891,1.4230122079898138,0.6857450420648092,0.009520234045339748,0.0070303430475178175,0.3028673200242338,21.08203979667808,47.43374026632712,868,868,False,,,False
ruler_vt_diag_qwen25_7b_8methods,20260615_223853,1,mlx-community/Qwen2.5-7B-Instruct-4bit,qwen,mlx,4,l2_prefill_only,geometry,1024,ruler,16346,,1.0360513069216544,0.035416666666666666,True,False,0.10526315789473684,True,100.0,True,string_match_all,ruler_public_string_match,True,string_match_all,100.0,0.0,0.0,1024,1024,1024.0,182.30158845699043,88.36029187499662,1.823964792973129,0.6356386670086067,0.008583511953474954,0.007496328966226429,0.27345704108302016,16.44768589589874,60.798826432437636,868,868,False,,,False
ruler_vt_diag_qwen25_7b_8methods,20260615_223853,2,mlx-community/Qwen2.5-7B-Instruct-4bit,qwen,mlx,4,l2_prefill_only,geometry,1024,ruler,16355,,1.006859355852471,0.0068359375,True,False,0.125,True,100.0,True,string_match_all,ruler_public_string_match,True,string_match_all,100.0,0.0,0.0,1024,1024,1024.0,184.5249134580081,89.28850812499877,1.4491789170133416,0.629330417017627,0.008352426033525262,0.00735975505085662,0.27311013496364467,20.70137761997528,48.305963900444716,868,868,False,,,False
ruler_vt_diag_qwen25_7b_8methods,20260615_223853,3,mlx-community/Qwen2.5-7B-Instruct-4bit,qwen,mlx,4,l2_prefill_only,geometry,1024,ruler,16354,,1.463037429643102,0.3805147058823529,True,False,0.13333333333333333,False,80.0,False,string_match_all,ruler_public_string_match,True,string_match_all,80.0,0.0,0.0,1024,1024,1024.0,189.01842508400296,91.14215920800052,1.4725495419843355,0.6996525399663369,0.008121609876980074,0.007214398967335001,0.32418394005071605,20.372828991256533,49.084984732811186,868,868,False,,,False
ruler_vt_diag_qwen25_7b_8methods,20260615_223853,4,mlx-community/Qwen2.5-7B-Instruct-4bit,qwen,mlx,4,l2_prefill_only,geometry,1024,ruler,16349,,1.0058765747144782,0.005859375,True,False,0.13333333333333333,True,100.0,True,string_match_all,ruler_public_string_match,True,string_match_all,100.0,0.0,0.0,1024,1024,1024.0,190.23828791599226,93.05231066700071,1.5047918320051394,0.6532864139662706,0.008302757887577172,0.007095735942129977,0.28462879495782545,19.936312360245147,50.159727733504646,868,868,False,,,False
ruler_vt_diag_qwen25_7b_8methods,20260615_223853,5,mlx-community/Qwen2.5-7B-Instruct-4bit,qwen,mlx,4,l2_prefill_only,geometry,1024,ruler,16359,,1.0122269228333374,0.012152777777777778,True,False,0.15384615384615385,True,100.0,True,string_match_all,ruler_public_string_match,True,string_match_all,100.0,0.0,0.0,1024,1024,1024.0,190.18535258300108,92.49727462499868,1.4518958749831654,0.6596495870180661,0.007978259018273093,0.00692196700401837,0.29152694302320015,20.6626387724587,48.39652916610551,868,868,False,,,False
ruler_vt_diag_qwen25_7b_8methods,20260615_223853,6,mlx-community/Qwen2.5-7B-Instruct-4bit,qwen,mlx,4,l2_prefill_only,geometry,1024,ruler,16352,,1.0058765747144782,0.005859375,True,False,0.13333333333333333,True,100.0,True,string_match_all,ruler_public_string_match,True,string_match_all,100.0,0.0,0.0,1024,1024,1024.0,206.88678624999739,105.3212709579966,3.332020414971339,1.613492334014154,0.026872035101405345,0.02469988094526343,0.6765552360375295,9.003546276368793,111.0673471657113,868,868,False,,,False
ruler_vt_diag_qwen25_7b_8methods,20260615_223853,7,mlx-community/Qwen2.5-7B-Instruct-4bit,qwen,mlx,4,l2_prefill_only,geometry,1024,ruler,16352,,1.0041753592911185,0.004166666666666667,True,False,0.1111111111111111,True,100.0,True,string_match_all,ruler_public_string_match,True,string_match_all,100.0,0.0,0.0,1024,1024,1024.0,182.60213558300165,89.31250741700205,1.7186492039982113,0.6866010429730522,0.009381241012306418,0.008017206026124768,0.3040537139895605,17.45556913546345,57.28830679994037,868,868,False,,,False
ruler_vt_diag_qwen25_7b_8methods,20260615_223853,8,mlx-community/Qwen2.5-7B-Instruct-4bit,qwen,mlx,4,l2_prefill_only,geometry,1024,ruler,16343,,1.0668732164964978,0.06473214285714286,True,False,0.11764705882352941,True,100.0,True,string_match_all,ruler_public_string_match,True,string_match_all,100.0,0.0,0.0,1024,1024,1024.0,179.77195729099913,87.296846792,1.4249518750220886,0.6586977529441356,0.007743553083855659,0.006825224176282063,0.29001801100821467,21.05334259062957,47.498395834069626,868,868,False,,,False
ruler_vt_diag_qwen25_7b_8methods,20260615_223853,9,mlx-community/Qwen2.5-7B-Instruct-4bit,qwen,mlx,4,l2_prefill_only,geometry,1024,ruler,16357,,1.027012817880367,0.02665441176470588,True,False,0.14285714285714288,True,100.0,True,string_match_all,ruler_public_string_match,True,string_match_all,100.0,0.0,0.0,1024,1024,1024.0,184.09485187399696,88.12442412499513,1.4552914600280928,0.6483146260143258,0.00806730303884251,0.0071104600065154955,0.28346734402293805,20.614427297897343,48.50971533426976,868,868,False,,,False
ruler_vt_diag_qwen25_7b_8methods,20260615_223853,0,mlx-community/Qwen2.5-7B-Instruct-4bit,qwen,mlx,4,attention_l1,hybrid,1024,ruler,16349,,1.0033538258162868,0.0033482142857142855,True,False,0.1,True,100.0,True,string_match_all,ruler_public_string_match,True,string_match_all,100.0,0.0,0.0,1024,1024,1024.0,256.7074156669987,92.4104580419953,5.759760250002728,6.386275042998022,27.064123706011742,4.655939430042054,0.43605350200959947,5.2085501301874135,191.99200833342425,868,868,False,,,False
ruler_vt_diag_qwen25_7b_8methods,20260615_223853,1,mlx-community/Qwen2.5-7B-Instruct-4bit,qwen,mlx,4,attention_l1,hybrid,1024,ruler,16346,,1.0136337703107574,0.013541666666666667,True,False,0.10526315789473684,True,100.0,True,string_match_all,ruler_public_string_match,True,string_match_all,100.0,0.0,0.0,1024,1024,1024.0,251.63390941700345,88.83818283300207,5.6536839559994405,5.289310874009971,28.1075701939626,3.332167578075314,0.4234749539173208,5.306274675676789,188.45613186664804,868,868,False,,,False
ruler_vt_diag_qwen25_7b_8methods,20260615_223853,2,mlx-community/Qwen2.5-7B-Instruct-4bit,qwen,mlx,4,attention_l1,hybrid,1024,ruler,16355,,1.008827799714578,0.0087890625,True,False,0.14285714285714288,True,100.0,True,string_match_all,ruler_public_string_match,True,string_match_all,100.0,0.0,0.0,1024,1024,1024.0,248.817420708001,88.4937214169986,5.458433004969265,5.31589699498727,27.432253963008407,3.3451916710546357,0.4287392579135485,5.496082845147775,181.94776683230884,868,868,False,,,False
ruler_vt_diag_qwen25_7b_8methods,20260615_223853,3,mlx-community/Qwen2.5-7B-Instruct-4bit,qwen,mlx,4,attention_l1,hybrid,1024,ruler,16354,,1.3769252604374416,0.31985294117647056,True,False,0.14285714285714288,True,100.0,True,string_match_all,ruler_public_string_match,True,string_match_all,100.0,0.0,0.0,1024,1024,1024.0,246.40808058300172,88.55908258299314,5.988515624987485,5.307589671014284,26.55340532795526,3.544864722141938,0.4254080101236468,5.009588665816112,199.61718749958285,868,868,False,,,False
ruler_vt_diag_qwen25_7b_8methods,20260615_223853,4,mlx-community/Qwen2.5-7B-Instruct-4bit,qwen,mlx,4,attention_l1,hybrid,1024,ruler,16349,,1.0039138893383475,0.00390625,True,False,0.11764705882352941,True,100.0,True,string_match_all,ruler_public_string_match,True,string_match_all,100.0,0.0,0.0,1024,1024,1024.0,254.48941316599667,89.4659425830032,7.148248376019183,6.261100212032034,28.82813694699871,3.9278715809923597,0.4870104560541222,4.196832345759483,238.2749458673061,868,868,False,,,False
ruler_vt_diag_qwen25_7b_8methods,20260615_223853,5,mlx-community/Qwen2.5-7B-Instruct-4bit,qwen,mlx,4,attention_l1,hybrid,1024,ruler,16359,,1.0034782573689043,0.003472222222222222,True,False,0.13333333333333333,True,100.0,True,string_match_all,ruler_public_string_match,True,string_match_all,100.0,0.0,0.0,1024,1024,1024.0,250.29727308399742,88.10290358299972,6.437699793001229,5.359681751047901,29.359989830860286,3.389787912987231,0.4199806640026509,4.660049546363535,214.58999310004097,868,868,False,,,False
ruler_vt_diag_qwen25_7b_8methods,20260615_223853,6,mlx-community/Qwen2.5-7B-Instruct-4bit,qwen,mlx,4,attention_l1,hybrid,1024,ruler,16352,,1.0058765747144782,0.005859375,True,False,0.11764705882352941,True,100.0,True,string_match_all,ruler_public_string_match,True,string_match_all,100.0,0.0,0.0,1024,1024,1024.0,243.54514145900612,86.21044350000011,4.965697169027408,5.332360750013322,27.701287668198347,3.3640070982291945,0.4217602859425824,6.041447752214794,165.52323896758026,868,868,False,,,False
ruler_vt_diag_qwen25_7b_8methods,20260615_223853,7,mlx-community/Qwen2.5-7B-Instruct-4bit,qwen,mlx,4,attention_l1,hybrid,1024,ruler,16352,,1.0425469051899914,0.041666666666666664,True,False,0.10526315789473684,True,100.0,True,string_match_all,ruler_public_string_match,True,string_match_all,100.0,0.0,0.0,1024,1024,1024.0,248.06949812400853,86.53527387500071,5.640354962044512,5.323380166992138,28.35870405593596,3.3718363129664795,0.42144117086718325,5.318814188447037,188.0118320681504,868,868,False,,,False
ruler_vt_diag_qwen25_7b_8methods,20260615_223853,8,mlx-community/Qwen2.5-7B-Instruct-4bit,qwen,mlx,4,attention_l1,hybrid,1024,ruler,16343,,1.0752408068404355,0.07254464285714286,True,False,0.1111111111111111,True,100.0,True,string_match_all,ruler_public_string_match,True,string_match_all,100.0,0.0,0.0,1024,1024,1024.0,246.38747312500345,88.70234729100048,5.840218418001314,5.318292958996608,28.3379424720697,3.3482964989816537,0.4243687149210018,5.136794183507068,194.67394726671046,868,868,False,,,False
ruler_vt_diag_qwen25_7b_8methods,20260615_223853,9,mlx-community/Qwen2.5-7B-Instruct-4bit,qwen,mlx,4,attention_l1,hybrid,1024,ruler,16357,,1.033641738900576,0.03308823529411765,True,False,0.14285714285714288,True,100.0,True,string_match_all,ruler_public_string_match,True,string_match_all,100.0,0.0,0.0,1024,1024,1024.0,244.4626316260037,85.84724154099968,5.368539249022433,5.131256835986278,27.586611751081364,3.4138122931690305,0.4200575470531476,5.588112260791006,178.95130830074777,868,868,False,,,False
ruler_vt_diag_qwen25_7b_8methods,20260615_223853,0,mlx-community/Qwen2.5-7B-Instruct-4bit,qwen,mlx,4,attention_l2,hybrid,1024,ruler,16349,,1.0033538258162868,0.0033482142857142855,True,False,0.1,True,100.0,True,string_match_all,ruler_public_string_match,True,string_match_all,100.0,0.0,0.0,1024,1024,1024.0,254.19661274999817,85.9290076670004,6.696854294001241,8.286733747016115,32.533416020050936,3.3012385169495246,0.44253437198494794,4.4797152040283645,223.22847646670803,868,868,False,,,False
ruler_vt_diag_qwen25_7b_8methods,20260615_223853,1,mlx-community/Qwen2.5-7B-Instruct-4bit,qwen,mlx,4,attention_l2,hybrid,1024,ruler,16346,,1.0073183156003926,0.007291666666666667,True,False,0.10526315789473684,True,100.0,True,string_match_all,ruler_public_string_match,True,string_match_all,100.0,0.0,0.0,1024,1024,1024.0,254.00179912399472,87.96103945899813,7.312999998997839,8.434530416961934,30.88759727509023,3.4930207780198543,0.4293507450056495,4.102283605102031,243.7666666332613,868,868,False,,,False
ruler_vt_diag_qwen25_7b_8methods,20260615_223853,2,mlx-community/Qwen2.5-7B-Instruct-4bit,qwen,mlx,4,attention_l2,hybrid,1024,ruler,16355,,1.007843097206448,0.0078125,True,False,0.14285714285714288,True,100.0,True,string_match_all,ruler_public_string_match,True,string_match_all,100.0,0.0,0.0,1024,1024,1024.0,252.3465683750037,87.88072420900426,5.961018210997281,8.556846211002267,31.362924793138518,3.614167126797838,0.4416201710628229,5.032697257098462,198.7006070332427,868,868,False,,,False
ruler_vt_diag_qwen25_7b_8methods,20260615_223853,3,mlx-community/Qwen2.5-7B-Instruct-4bit,qwen,mlx,4,attention_l2,hybrid,1024,ruler,16354,,1.3870870245250573,0.3272058823529412,True,False,0.15384615384615385,True,100.0,True,string_match_all,ruler_public_string_match,True,string_match_all,100.0,0.0,0.0,1024,1024,1024.0,253.4856877080092,87.11676583300141,8.384811625022849,8.264263294026023,31.0727449998667,3.328725086132181,0.4255228791080299,3.5778979113222773,279.493720834095,868,868,False,,,False
ruler_vt_diag_qwen25_7b_8methods,20260615_223853,4,mlx-community/Qwen2.5-7B-Instruct-4bit,qwen,mlx,4,attention_l2,hybrid,1024,ruler,16349,,1.0048947528552166,0.0048828125,True,False,0.11764705882352941,True,100.0,True,string_match_all,ruler_public_string_match,True,string_match_all,100.0,0.0,0.0,1024,1024,1024.0,250.16037937500369,86.88469458399777,6.414404086004652,8.286918423036695,30.91553304198169,3.317198876051407,0.43983367405598983,4.6769738229395115,213.8134695334884,868,868,False,,,False
ruler_vt_diag_qwen25_7b_8methods,20260615_223853,5,mlx-community/Qwen2.5-7B-Instruct-4bit,qwen,mlx,4,attention_l2,hybrid,1024,ruler,16359,,1.0043497104252046,0.004340277777777778,True,False,0.13333333333333333,True,100.0,True,string_match_all,ruler_public_string_match,True,string_match_all,100.0,0.0,0.0,1024,1024,1024.0,253.16446662500675,87.44770812500064,6.798244543009787,8.336806543964485,31.7126818010438,3.3619565310364123,0.4402252399959252,4.412903921034606,226.60815143365957,868,868,False,,,False
ruler_vt_diag_qwen25_7b_8methods,20260615_223853,6,mlx-community/Qwen2.5-7B-Instruct-4bit,qwen,mlx,4,attention_l2,hybrid,1024,ruler,16352,,1.007843097206448,0.0078125,True,False,0.11764705882352941,True,100.0,True,string_match_all,ruler_public_string_match,True,string_match_all,100.0,0.0,0.0,1024,1024,1024.0,255.15092508300586,87.78451358299935,7.0383994539952255,8.172285625973018,31.174417704074585,3.1934518081179704,0.43436796508467523,4.262332678911967,234.61331513317418,868,868,False,,,False
ruler_vt_diag_qwen25_7b_8methods,20260615_223853,7,mlx-community/Qwen2.5-7B-Instruct-4bit,qwen,mlx,4,attention_l2,hybrid,1024,ruler,16352,,1.062279070625868,0.06041666666666667,True,False,0.10526315789473684,True,100.0,True,string_match_all,ruler_public_string_match,True,string_match_all,100.0,0.0,0.0,1024,1024,1024.0,255.8364135830052,88.27598545899673,6.0597257889967295,8.704777252038184,31.372780597048404,3.881989033143327,0.44741152496862924,4.95071906627757,201.99085963322432,868,868,False,,,False
ruler_vt_diag_qwen25_7b_8methods,20260615_223853,8,mlx-community/Qwen2.5-7B-Instruct-4bit,qwen,mlx,4,attention_l2,hybrid,1024,ruler,16343,,1.0680645879154724,0.06584821428571429,True,False,0.1111111111111111,True,100.0,True,string_match_all,ruler_public_string_match,True,string_match_all,100.0,0.0,0.0,1024,1024,1024.0,253.30809545899683,88.36151745799725,7.617003542974999,8.214376791001996,30.79427549497632,3.205366429021524,0.4392840988075477,3.9385566556114266,253.90011809916663,868,868,False,,,False
ruler_vt_diag_qwen25_7b_8methods,20260615_223853,9,mlx-community/Qwen2.5-7B-Instruct-4bit,qwen,mlx,4,attention_l2,hybrid,1024,ruler,16357,,1.0298485624720415,0.029411764705882353,True,False,0.14285714285714288,True,100.0,True,string_match_all,ruler_public_string_match,True,string_match_all,100.0,0.0,0.0,1024,1024,1024.0,257.4139493749972,88.42330912499892,9.175741204991937,8.374188585032243,30.26238944013312,3.397727844894689,0.43409758607594995,3.269490641658345,305.85804016639787,868,868,False,,,False
