experiment_name,run_id,sample_id,model_name,model_family,backend,quant_bits,method,method_family,budget,benchmark,context_length,needle_depth,ppl,mean_nll,contains_ground_truth,exact_match,answer_f1,correct,official_score,official_correct,official_metric_name,official_metric_implementation,dataset_official,primary_metric,primary_score,evidence_recall,evidence_precision,max_kv_len,final_kv_len,avg_kv_len,total_time_s,prefill_time_s,decode_time_s,eviction_time_s,score_time_s,topk_time_s,cache_rebuild_time_s,tokens_per_second,avg_ms_per_token,score_update_count,eviction_count,skipped,skipped_reason,unsupported_reason,oracle
official_ruler_niah_single_qwen25_7b,20260611_225910,0,mlx-community/Qwen2.5-7B-Instruct-4bit,qwen,mlx,4,full,recency,128,ruler,15687,,5.720982892597131,1.744140625,True,False,0.021052631578947368,True,100.0,True,string_match_all,ruler_public_string_match,True,string_match_all,100.0,0.0,0.0,15806,15806,15742.5,179.140654875,83.724514417,10.7931261250001,0.0,0.0,0.0,0.0,11.859400003073606,84.32129785156329,0,15679,False,,,False
official_ruler_niah_single_qwen25_7b,20260611_225910,1,mlx-community/Qwen2.5-7B-Instruct-4bit,qwen,mlx,4,full,recency,128,ruler,15693,,6.457449173295932,1.865234375,True,False,0.0,True,100.0,True,string_match_all,ruler_public_string_match,True,string_match_all,100.0,0.0,0.0,15812,15812,15748.5,181.374816958,85.32085470800001,10.755562706000035,0.0,0.0,0.0,0.0,11.90081853444959,84.02783364062527,0,15685,False,,,False
official_ruler_niah_single_qwen25_7b,20260611_225910,2,mlx-community/Qwen2.5-7B-Instruct-4bit,qwen,mlx,4,full,recency,128,ruler,15687,,5.058620157678194,1.62109375,True,False,0.0196078431372549,True,100.0,True,string_match_all,ruler_public_string_match,True,string_match_all,100.0,0.0,0.0,15806,15806,15742.5,182.12390458299996,85.61112608399998,11.475665003000074,0.0,0.0,0.0,0.0,11.154037693374375,89.65363283593808,0,15679,False,,,False
official_ruler_niah_single_qwen25_7b,20260611_225910,3,mlx-community/Qwen2.5-7B-Instruct-4bit,qwen,mlx,4,full,recency,128,ruler,15687,,5.1483273473571085,1.638671875,True,False,0.0,True,100.0,True,string_match_all,ruler_public_string_match,True,string_match_all,100.0,0.0,0.0,15806,15806,15742.5,178.96014279200006,83.91096683399996,10.739375873999734,0.0,0.0,0.0,0.0,11.918755940919326,83.90137401562292,0,15679,False,,,False
official_ruler_niah_single_qwen25_7b,20260611_225910,4,mlx-community/Qwen2.5-7B-Instruct-4bit,qwen,mlx,4,full,recency,128,ruler,15687,,6.793835283244129,1.916015625,True,False,0.0,True,100.0,True,string_match_all,ruler_public_string_match,True,string_match_all,100.0,0.0,0.0,15806,15806,15742.5,178.99168279100013,83.94225449999999,10.782882749999658,0.0,0.0,0.0,0.0,11.870666033162983,84.24127148437233,0,15679,False,,,False
official_ruler_niah_single_qwen25_7b,20260611_225910,5,mlx-community/Qwen2.5-7B-Instruct-4bit,qwen,mlx,4,full,recency,128,ruler,15690,,6.042562186131676,1.798828125,True,False,0.0,True,100.0,True,string_match_all,ruler_public_string_match,True,string_match_all,100.0,0.0,0.0,15809,15809,15745.5,180.56504229100005,84.30391520899991,11.158689207000407,0.0,0.0,0.0,0.0,11.470881357614939,87.17725942969068,0,15682,False,,,False
official_ruler_niah_single_qwen25_7b,20260611_225910,6,mlx-community/Qwen2.5-7B-Instruct-4bit,qwen,mlx,4,full,recency,128,ruler,15690,,5.128255921182873,1.634765625,True,False,0.021276595744680854,True,100.0,True,string_match_all,ruler_public_string_match,True,string_match_all,100.0,0.0,0.0,15809,15809,15745.5,185.02249016700011,87.11441187499986,12.613707743001214,0.0,0.0,0.0,0.0,10.147690322936292,98.54459174219699,0,15682,False,,,False
official_ruler_niah_single_qwen25_7b,20260611_225910,7,mlx-community/Qwen2.5-7B-Instruct-4bit,qwen,mlx,4,full,recency,128,ruler,15687,,4.587969263865388,1.5234375,True,False,0.02150537634408602,True,100.0,True,string_match_all,ruler_public_string_match,True,string_match_all,100.0,0.0,0.0,15806,15806,15742.5,181.38850954100008,85.75165954099998,11.136338164000563,0.0,0.0,0.0,0.0,11.493903841190281,87.0026419062544,0,15679,False,,,False
official_ruler_niah_single_qwen25_7b,20260611_225910,8,mlx-community/Qwen2.5-7B-Instruct-4bit,qwen,mlx,4,full,recency,128,ruler,15693,,5.654331423042719,1.732421875,True,False,0.020202020202020204,True,100.0,True,string_match_all,ruler_public_string_match,True,string_match_all,100.0,0.0,0.0,15812,15812,15748.5,184.74407729199993,86.13734333299999,11.463012088998312,0.0,0.0,0.0,0.0,11.16634956032618,89.55478194529931,0,15685,False,,,False
official_ruler_niah_single_qwen25_7b,20260611_225910,9,mlx-community/Qwen2.5-7B-Instruct-4bit,qwen,mlx,4,full,recency,128,ruler,15690,,6.007260073480564,1.79296875,True,False,0.0,True,100.0,True,string_match_all,ruler_public_string_match,True,string_match_all,100.0,0.0,0.0,15809,15809,15745.5,180.30252462399994,84.69343620900008,11.20214983800065,0.0,0.0,0.0,0.0,11.42637813732773,87.51679560938008,0,15682,False,,,False
official_ruler_niah_single_qwen25_7b,20260611_225910,10,mlx-community/Qwen2.5-7B-Instruct-4bit,qwen,mlx,4,full,recency,128,ruler,15687,,5.270416412044913,1.662109375,True,False,0.0,True,100.0,True,string_match_all,ruler_public_string_match,True,string_match_all,100.0,0.0,0.0,15806,15806,15742.5,180.45919954099986,85.07601170899989,11.21915599700219,0.0,0.0,0.0,0.0,11.409057868007379,87.64965622657961,0,15679,False,,,False
official_ruler_niah_single_qwen25_7b,20260611_225910,11,mlx-community/Qwen2.5-7B-Instruct-4bit,qwen,mlx,4,full,recency,128,ruler,15684,,5.448348308054142,1.6953125,True,False,0.021276595744680854,True,100.0,True,string_match_all,ruler_public_string_match,True,string_match_all,100.0,0.0,0.0,15803,15803,15739.5,179.7835275,83.81160837499988,11.226464121002664,0.0,0.0,0.0,0.0,11.401630880424351,87.70675094533331,0,15676,False,,,False
official_ruler_niah_single_qwen25_7b,20260611_225910,12,mlx-community/Qwen2.5-7B-Instruct-4bit,qwen,mlx,4,full,recency,128,ruler,15687,,6.089954588733513,1.806640625,True,False,0.0,True,100.0,True,string_match_all,ruler_public_string_match,True,string_match_all,100.0,0.0,0.0,15806,15806,15742.5,179.71396608399982,83.91926070799991,11.152908664001643,0.0,0.0,0.0,0.0,11.476826705588193,87.13209893751284,0,15679,False,,,False
official_ruler_niah_single_qwen25_7b,20260611_225910,13,mlx-community/Qwen2.5-7B-Instruct-4bit,qwen,mlx,4,full,recency,128,ruler,15684,,5.15839250025867,1.640625,True,False,0.0,True,100.0,True,string_match_all,ruler_public_string_match,True,string_match_all,100.0,0.0,0.0,15803,15803,15739.5,181.80538491599964,84.04680016700013,11.6251471699984,0.0,0.0,0.0,0.0,11.010613296177103,90.8214622656125,0,15676,False,,,False
official_ruler_niah_single_qwen25_7b,20260611_225910,14,mlx-community/Qwen2.5-7B-Instruct-4bit,qwen,mlx,4,full,recency,128,ruler,15687,,5.249869005715721,1.658203125,True,False,0.01941747572815534,True,100.0,True,string_match_all,ruler_public_string_match,True,string_match_all,100.0,0.0,0.0,15806,15806,15742.5,182.71468316699975,85.64485187500031,11.06617245100233,0.0,0.0,0.0,0.0,11.566781610059426,86.4544722734557,0,15679,False,,,False
official_ruler_niah_single_qwen25_7b,20260611_225910,15,mlx-community/Qwen2.5-7B-Instruct-4bit,qwen,mlx,4,full,recency,128,ruler,15684,,6.754144051095517,1.91015625,True,False,0.0,True,100.0,True,string_match_all,ruler_public_string_match,True,string_match_all,100.0,0.0,0.0,15803,15803,15739.5,183.0640117910002,85.7068678329997,11.117776993995449,0.0,0.0,0.0,0.0,11.513092956364474,86.85763276558944,0,15676,False,,,False
official_ruler_niah_single_qwen25_7b,20260611_225910,16,mlx-community/Qwen2.5-7B-Instruct-4bit,qwen,mlx,4,full,recency,128,ruler,15684,,5.6103290668115555,1.724609375,True,False,0.0,True,100.0,True,string_match_all,ruler_public_string_match,True,string_match_all,100.0,0.0,0.0,15803,15803,15739.5,180.6380803330003,84.62294937499973,10.918178955000258,0.0,0.0,0.0,0.0,11.723566771304764,85.29827308593951,0,15676,False,,,False
official_ruler_niah_single_qwen25_7b,20260611_225910,17,mlx-community/Qwen2.5-7B-Instruct-4bit,qwen,mlx,4,full,recency,128,ruler,15684,,4.941437347938466,1.59765625,True,False,0.0,True,100.0,True,string_match_all,ruler_public_string_match,True,string_match_all,100.0,0.0,0.0,15803,15803,15739.5,178.7914527920002,83.77554520800004,10.752887669996653,0.0,0.0,0.0,0.0,11.903779145499048,84.00693492184885,0,15676,False,,,False
official_ruler_niah_single_qwen25_7b,20260611_225910,18,mlx-community/Qwen2.5-7B-Instruct-4bit,qwen,mlx,4,full,recency,128,ruler,15696,,6.271010462790426,1.8359375,True,False,0.0,True,100.0,True,string_match_all,ruler_public_string_match,True,string_match_all,100.0,0.0,0.0,15815,15815,15751.5,180.06142758299984,84.1536687910002,11.232044874000167,0.0,0.0,0.0,0.0,11.395965866936058,87.7503505781263,0,15688,False,,,False
official_ruler_niah_single_qwen25_7b,20260611_225910,19,mlx-community/Qwen2.5-7B-Instruct-4bit,qwen,mlx,4,full,recency,128,ruler,15687,,4.960777586890675,1.6015625,True,False,0.0,True,100.0,True,string_match_all,ruler_public_string_match,True,string_match_all,100.0,0.0,0.0,15806,15806,15742.5,183.56091308299983,84.61864133300014,11.930628287002037,0.0,0.0,0.0,0.0,10.72868896095364,93.20803349220341,0,15679,False,,,False
official_ruler_niah_single_qwen25_7b,20260611_225910,0,mlx-community/Qwen2.5-7B-Instruct-4bit,qwen,mlx,4,random,random,128,ruler,15687,,41.37414835829223,3.72265625,False,False,0.0,False,0.0,False,string_match_all,ruler_public_string_match,True,string_match_all,0.0,0.0,0.0,128,128,128.0,178.45662437500005,85.72584908399995,5.791167553003106,1.5502552800016929,0.0030987520249254885,0.2207093770030042,0.7191083710076782,22.102624182169183,45.24349650783677,0,3612,False,,,False
official_ruler_niah_single_qwen25_7b,20260611_225910,1,mlx-community/Qwen2.5-7B-Instruct-4bit,qwen,mlx,4,random,random,128,ruler,15693,,163.3186376798433,5.095703125,False,False,0.0,False,0.0,False,string_match_all,ruler_public_string_match,True,string_match_all,0.0,0.0,0.0,128,128,128.0,176.08211412499986,85.328389625,5.911450797000725,1.4855005470012657,0.002797571014980349,0.1732734580041324,0.6825074870148455,21.65289104071423,46.183209351568166,0,3612,False,,,False
official_ruler_niah_single_qwen25_7b,20260611_225910,2,mlx-community/Qwen2.5-7B-Instruct-4bit,qwen,mlx,4,random,random,128,ruler,15687,,44.258129075384545,3.7900390625,False,False,0.0,False,0.0,False,string_match_all,ruler_public_string_match,True,string_match_all,0.0,0.0,0.0,128,128,128.0,174.4815352090004,83.14688416699983,5.460790332999295,1.489120204998926,0.0028689800083157024,0.1742064119916904,0.6831272460131004,23.439830536342352,42.66242447655699,0,3612,False,,,False
official_ruler_niah_single_qwen25_7b,20260611_225910,3,mlx-community/Qwen2.5-7B-Instruct-4bit,qwen,mlx,4,random,random,128,ruler,15687,,30.95755855285056,3.4326171875,False,False,0.0,False,0.0,False,string_match_all,ruler_public_string_match,True,string_match_all,0.0,0.0,0.0,128,128,128.0,177.99619020799946,86.07811241699983,5.595956873999057,1.5101921710020179,0.002995647977513727,0.17798644602498825,0.6871006489664069,22.873657335483884,43.718413078117635,0,3612,False,,,False
official_ruler_niah_single_qwen25_7b,20260611_225910,4,mlx-community/Qwen2.5-7B-Instruct-4bit,qwen,mlx,4,random,random,128,ruler,15687,,54.811841150452466,4.00390625,False,False,0.0,False,0.0,False,string_match_all,ruler_public_string_match,True,string_match_all,0.0,0.0,0.0,128,128,128.0,175.3647054590001,84.11465220900027,5.562258492000183,1.4920298339930014,0.002957687994239677,0.1749867519847612,0.6827106730070227,23.012235081144407,43.45514446875143,0,3612,False,,,False
official_ruler_niah_single_qwen25_7b,20260611_225910,5,mlx-community/Qwen2.5-7B-Instruct-4bit,qwen,mlx,4,random,random,128,ruler,15690,,74.69973633644908,4.3134765625,False,False,0.0,False,0.0,False,string_match_all,ruler_public_string_match,True,string_match_all,0.0,0.0,0.0,128,128,128.0,180.447898292,86.1306084580001,6.146121248001691,1.5398584950071381,0.002988355994602898,0.17939990699869668,0.7034820939825295,20.826142998987706,48.01657225001321,0,3612,False,,,False
official_ruler_niah_single_qwen25_7b,20260611_225910,6,mlx-community/Qwen2.5-7B-Instruct-4bit,qwen,mlx,4,random,random,128,ruler,15690,,52.970044862619616,3.9697265625,False,False,0.0,False,0.0,False,string_match_all,ruler_public_string_match,True,string_match_all,0.0,0.0,0.0,128,128,128.0,176.78807591700024,84.6937111670004,5.745367167004588,1.5047474590010097,0.003007400981914543,0.17649374498432735,0.6916701079844643,22.278819835066216,44.88568099222334,0,3612,False,,,False
official_ruler_niah_single_qwen25_7b,20260611_225910,7,mlx-community/Qwen2.5-7B-Instruct-4bit,qwen,mlx,4,random,random,128,ruler,15687,,32.76162341337829,3.4892578125,False,False,0.0,False,0.0,False,string_match_all,ruler_public_string_match,True,string_match_all,0.0,0.0,0.0,128,128,128.0,177.16607141700115,83.98975937500018,5.9249630859976605,1.4732017550013552,0.0028937000170117244,0.17358466000496264,0.6721090690334677,21.603510121860452,46.28877410935672,0,3612,False,,,False
official_ruler_niah_single_qwen25_7b,20260611_225910,8,mlx-community/Qwen2.5-7B-Instruct-4bit,qwen,mlx,4,random,random,128,ruler,15693,,21.008389858307645,3.044921875,False,False,0.0,False,0.0,False,string_match_all,ruler_public_string_match,True,string_match_all,0.0,0.0,0.0,128,128,128.0,177.88973612500013,83.99908208299985,6.0075638320004145,1.5152831509985845,0.002909733027081529,0.17410296197431308,0.6970529349973731,21.306473568900593,46.93409243750324,0,3612,False,,,False
official_ruler_niah_single_qwen25_7b,20260611_225910,9,mlx-community/Qwen2.5-7B-Instruct-4bit,qwen,mlx,4,random,random,128,ruler,15690,,46.066137010589394,3.830078125,False,False,0.0,False,0.0,False,string_match_all,ruler_public_string_match,True,string_match_all,0.0,0.0,0.0,128,128,128.0,178.26464583400048,85.6934553330002,6.075076044990965,1.5060252089915593,0.002988174014717515,0.17621572202915559,0.6929684769856976,21.06969510374094,47.46153160149191,0,3612,False,,,False
official_ruler_niah_single_qwen25_7b,20260611_225910,10,mlx-community/Qwen2.5-7B-Instruct-4bit,qwen,mlx,4,random,random,128,ruler,15687,,27.346642204097876,3.30859375,False,False,0.0,False,0.0,False,string_match_all,ruler_public_string_match,True,string_match_all,0.0,0.0,0.0,128,128,128.0,177.7457795830005,85.43245929099976,6.0222962480020215,1.5017480509941379,0.006923258037204505,0.17401106596116733,0.6942576260071291,21.254351285436304,47.04918943751579,0,3612,False,,,False
official_ruler_niah_single_qwen25_7b,20260611_225910,11,mlx-community/Qwen2.5-7B-Instruct-4bit,qwen,mlx,4,random,random,128,ruler,15684,,70.65525591042105,4.2578125,False,False,0.0,False,0.0,False,string_match_all,ruler_public_string_match,True,string_match_all,0.0,0.0,0.0,128,128,128.0,175.96774458400068,84.21328433300005,5.977343167000981,1.480234036004731,0.0028560449618453276,0.17408381001769158,0.6760043270014648,21.414196311606712,46.69799349219517,0,3612,False,,,False
official_ruler_niah_single_qwen25_7b,20260611_225910,12,mlx-community/Qwen2.5-7B-Instruct-4bit,qwen,mlx,4,random,random,128,ruler,15687,,26.89639297585512,3.2919921875,False,False,0.0,False,0.0,False,string_match_all,ruler_public_string_match,True,string_match_all,0.0,0.0,0.0,128,128,128.0,177.03678595800102,86.04016191600022,5.550633786000617,1.4828287960017406,0.0028213830082677305,0.17266423998262326,0.6797447399985685,23.060429661713908,43.36432645312982,0,3612,False,,,False
official_ruler_niah_single_qwen25_7b,20260611_225910,13,mlx-community/Qwen2.5-7B-Instruct-4bit,qwen,mlx,4,random,random,128,ruler,15684,,37.305494633128845,3.619140625,False,False,0.0,False,0.0,False,string_match_all,ruler_public_string_match,True,string_match_all,0.0,0.0,0.0,128,128,128.0,175.70390791699992,84.46974637499989,5.773084840996489,1.5120339960085403,0.002982051058097568,0.1788074549922385,0.6922399490067619,22.1718550004725,45.10222532028507,0,3612,False,,,False
official_ruler_niah_single_qwen25_7b,20260611_225910,14,mlx-community/Qwen2.5-7B-Instruct-4bit,qwen,mlx,4,random,random,128,ruler,15687,,40.33685733281881,3.697265625,False,False,0.0,False,0.0,False,string_match_all,ruler_public_string_match,True,string_match_all,0.0,0.0,0.0,128,128,128.0,176.45286854200003,84.34490087500035,5.903308414995081,1.5137567459914862,0.003011904963386769,0.17514585999288101,0.6956836199524332,21.68275668519458,46.11959699214907,0,3612,False,,,False
official_ruler_niah_single_qwen25_7b,20260611_225910,15,mlx-community/Qwen2.5-7B-Instruct-4bit,qwen,mlx,4,random,random,128,ruler,15684,,60.908637772317434,4.109375,False,False,0.0,False,0.0,False,string_match_all,ruler_public_string_match,True,string_match_all,0.0,0.0,0.0,128,128,128.0,176.5787337089996,85.48460666600022,5.540697542996895,1.4565530290028619,0.0027762589879785082,0.16946389000258932,0.6682948010056862,23.101784388462825,43.286699554663244,0,3612,False,,,False
official_ruler_niah_single_qwen25_7b,20260611_225910,16,mlx-community/Qwen2.5-7B-Instruct-4bit,qwen,mlx,4,random,random,128,ruler,15684,,56.93966437670632,4.0419921875,False,False,0.0,False,0.0,False,string_match_all,ruler_public_string_match,True,string_match_all,0.0,0.0,0.0,128,128,128.0,177.27805804200034,83.96329170899935,5.611265010995339,1.470706835000783,0.002921522046563041,0.17309053299868538,0.6756113899900811,22.811255527796764,43.83800789840109,0,3612,False,,,False
official_ruler_niah_single_qwen25_7b,20260611_225910,17,mlx-community/Qwen2.5-7B-Instruct-4bit,qwen,mlx,4,random,random,128,ruler,15684,,124.48917321564447,4.82421875,False,False,0.0,False,0.0,False,string_match_all,ruler_public_string_match,True,string_match_all,0.0,0.0,0.0,128,128,128.0,174.0376727920002,84.14811216599992,5.504425749997608,1.469548247997409,0.0028251319918126683,0.1717413909818788,0.6712091850040451,23.254015189514657,43.003326171856315,0,3612,False,,,False
official_ruler_niah_single_qwen25_7b,20260611_225910,18,mlx-community/Qwen2.5-7B-Instruct-4bit,qwen,mlx,4,random,random,128,ruler,15696,,100.02986085865793,4.60546875,False,False,0.0,False,0.0,False,string_match_all,ruler_public_string_match,True,string_match_all,0.0,0.0,0.0,128,128,128.0,178.14656558200022,84.7264132500004,6.001978298000722,1.5165434609907607,0.002831425002113974,0.17283895399759786,0.6960577700010617,21.326301703329584,46.89045545313064,0,3612,False,,,False
official_ruler_niah_single_qwen25_7b,20260611_225910,19,mlx-community/Qwen2.5-7B-Instruct-4bit,qwen,mlx,4,random,random,128,ruler,15687,,30.74665629604239,3.42578125,False,False,0.0,False,0.0,False,string_match_all,ruler_public_string_match,True,string_match_all,0.0,0.0,0.0,128,128,128.0,176.83375254099883,84.93413812500057,6.035097709002002,1.5102982569997039,0.0028098990169382887,0.1718553449936735,0.6951648420063066,21.20926721850321,47.149200851578144,0,3612,False,,,False
official_ruler_niah_single_qwen25_7b,20260611_225910,0,mlx-community/Qwen2.5-7B-Instruct-4bit,qwen,mlx,4,recency,recency,128,ruler,15687,,232.57639460420748,5.44921875,False,False,0.0,False,0.0,False,string_match_all,ruler_public_string_match,True,string_match_all,0.0,0.0,0.0,128,128,128.0,209.07215391700083,101.68703258300047,5.415510457999517,0.0,0.0,0.0,0.0,23.635814387713886,42.308675453121225,0,15679,False,,,False
official_ruler_niah_single_qwen25_7b,20260611_225910,1,mlx-community/Qwen2.5-7B-Instruct-4bit,qwen,mlx,4,recency,recency,128,ruler,15693,,141.3405003073543,4.951171875,False,False,0.0,False,0.0,False,string_match_all,ruler_public_string_match,True,string_match_all,0.0,0.0,0.0,128,128,128.0,213.05931679099922,103.47362437500033,5.987177835001603,0.0,0.0,0.0,0.0,21.379020888890256,46.77482683595002,0,15685,False,,,False
official_ruler_niah_single_qwen25_7b,20260611_225910,2,mlx-community/Qwen2.5-7B-Instruct-4bit,qwen,mlx,4,recency,recency,128,ruler,15687,,105.03534105469795,4.654296875,False,False,0.0,False,0.0,False,string_match_all,ruler_public_string_match,True,string_match_all,0.0,0.0,0.0,128,128,128.0,211.75651541700063,103.03523162500005,5.4949929189915565,0.0,0.0,0.0,0.0,23.293933565885396,42.929632179621535,0,15679,False,,,False
official_ruler_niah_single_qwen25_7b,20260611_225910,3,mlx-community/Qwen2.5-7B-Instruct-4bit,qwen,mlx,4,recency,recency,128,ruler,15687,,89.84148817327737,4.498046875,False,False,0.0,False,0.0,False,string_match_all,ruler_public_string_match,True,string_match_all,0.0,0.0,0.0,128,128,128.0,211.77812037500007,103.04371587500009,5.502520917998481,0.0,0.0,0.0,0.0,23.26206513478543,42.988444671863135,0,15679,False,,,False
official_ruler_niah_single_qwen25_7b,20260611_225910,4,mlx-community/Qwen2.5-7B-Instruct-4bit,qwen,mlx,4,recency,recency,128,ruler,15687,,125.4655539023251,4.83203125,False,False,0.0,False,0.0,False,string_match_all,ruler_public_string_match,True,string_match_all,0.0,0.0,0.0,128,128,128.0,211.68721412499963,102.98004579200006,5.495420168997043,0.0,0.0,0.0,0.0,23.29212254271742,42.9329700702894,0,15679,False,,,False
official_ruler_niah_single_qwen25_7b,20260611_225910,5,mlx-community/Qwen2.5-7B-Instruct-4bit,qwen,mlx,4,recency,recency,128,ruler,15690,,217.20885910408234,5.380859375,False,False,0.0,False,0.0,False,string_match_all,ruler_public_string_match,True,string_match_all,0.0,0.0,0.0,128,128,128.0,212.80993666700124,103.75439883299987,5.514203619002728,0.0,0.0,0.0,0.0,23.212780819136572,43.079715773458815,0,15682,False,,,False
official_ruler_niah_single_qwen25_7b,20260611_225910,6,mlx-community/Qwen2.5-7B-Instruct-4bit,qwen,mlx,4,recency,recency,128,ruler,15690,,258.44618746623325,5.5546875,False,False,0.0,False,0.0,False,string_match_all,ruler_public_string_match,True,string_match_all,0.0,0.0,0.0,128,128,128.0,212.32160383300106,103.31611350000094,5.479603247000341,0.0,0.0,0.0,0.0,23.3593554551728,42.809400367190165,0,15682,False,,,False
official_ruler_niah_single_qwen25_7b,20260611_225910,7,mlx-community/Qwen2.5-7B-Instruct-4bit,qwen,mlx,4,recency,recency,128,ruler,15687,,110.29129477712178,4.703125,False,False,0.0,False,0.0,False,string_match_all,ruler_public_string_match,True,string_match_all,0.0,0.0,0.0,128,128,128.0,211.65646899900094,102.99800145799964,5.474185169010525,0.0,0.0,0.0,0.0,23.382475390969716,42.76707163289473,0,15679,False,,,False
official_ruler_niah_single_qwen25_7b,20260611_225910,8,mlx-community/Qwen2.5-7B-Instruct-4bit,qwen,mlx,4,recency,recency,128,ruler,15693,,245.17031321124432,5.501953125,False,False,0.0,False,0.0,False,string_match_all,ruler_public_string_match,True,string_match_all,0.0,0.0,0.0,128,128,128.0,212.4939232500019,103.36365716699947,5.484338499998557,0.0,0.0,0.0,0.0,23.339186667641624,42.84639453123873,0,15685,False,,,False
official_ruler_niah_single_qwen25_7b,20260611_225910,9,mlx-community/Qwen2.5-7B-Instruct-4bit,qwen,mlx,4,recency,recency,128,ruler,15690,,320.3875157950033,5.76953125,False,False,0.0,False,0.0,False,string_match_all,ruler_public_string_match,True,string_match_all,0.0,0.0,0.0,128,128,128.0,212.33939137500056,103.30620370799988,5.499509661005504,0.0,0.0,0.0,0.0,23.274802280572246,42.9649192266055,0,15682,False,,,False
official_ruler_niah_single_qwen25_7b,20260611_225910,10,mlx-community/Qwen2.5-7B-Instruct-4bit,qwen,mlx,4,recency,recency,128,ruler,15687,,264.05881832066245,5.576171875,False,False,0.0,False,0.0,False,string_match_all,ruler_public_string_match,True,string_match_all,0.0,0.0,0.0,128,128,128.0,211.6929817500004,102.97043599999961,5.481729456014364,0.0,0.0,0.0,0.0,23.35029501676024,42.826011375112216,0,15679,False,,,False
official_ruler_niah_single_qwen25_7b,20260611_225910,11,mlx-community/Qwen2.5-7B-Instruct-4bit,qwen,mlx,4,recency,recency,128,ruler,15684,,68.48142221881122,4.2265625,False,False,0.0,False,0.0,False,string_match_all,ruler_public_string_match,True,string_match_all,0.0,0.0,0.0,128,128,128.0,212.6857655420008,103.4992864169999,5.538011410993931,0.0,0.0,0.0,0.0,23.112989573459053,43.26571414839009,0,15676,False,,,False
official_ruler_niah_single_qwen25_7b,20260611_225910,12,mlx-community/Qwen2.5-7B-Instruct-4bit,qwen,mlx,4,recency,recency,128,ruler,15687,,164.9213593028435,5.10546875,False,False,0.0,False,0.0,False,string_match_all,ruler_public_string_match,True,string_match_all,0.0,0.0,0.0,128,128,128.0,211.71066220899957,103.0138814589991,5.4951481250082,0.0,0.0,0.0,0.0,23.293275647562094,42.93084472662656,0,15679,False,,,False
official_ruler_niah_single_qwen25_7b,20260611_225910,13,mlx-community/Qwen2.5-7B-Instruct-4bit,qwen,mlx,4,recency,recency,128,ruler,15684,,221.06073880966076,5.3984375,False,False,0.0,False,0.0,False,string_match_all,ruler_public_string_match,True,string_match_all,0.0,0.0,0.0,128,128,128.0,212.6071736670001,103.4385062500005,5.484683167005642,0.0,0.0,0.0,0.0,23.337719992653923,42.849087242231576,0,15676,False,,,False
official_ruler_niah_single_qwen25_7b,20260611_225910,14,mlx-community/Qwen2.5-7B-Instruct-4bit,qwen,mlx,4,recency,recency,128,ruler,15687,,424.4444978122241,6.05078125,False,False,0.0,False,0.0,False,string_match_all,ruler_public_string_match,True,string_match_all,0.0,0.0,0.0,128,128,128.0,211.70498437400056,102.96032270799878,5.51312458002576,0.0,0.0,0.0,0.0,23.21732406768902,43.07128578145125,0,15679,False,,,False
official_ruler_niah_single_qwen25_7b,20260611_225910,15,mlx-community/Qwen2.5-7B-Instruct-4bit,qwen,mlx,4,recency,recency,128,ruler,15684,,246.12988268620114,5.505859375,False,False,0.0,False,0.0,False,string_match_all,ruler_public_string_match,True,string_match_all,0.0,0.0,0.0,128,128,128.0,212.65672870900016,103.45509279200087,5.488438707008754,0.0,0.0,0.0,0.0,23.32175083535935,42.87842739850589,0,15676,False,,,False
official_ruler_niah_single_qwen25_7b,20260611_225910,16,mlx-community/Qwen2.5-7B-Instruct-4bit,qwen,mlx,4,recency,recency,128,ruler,15684,,191.3121237449989,5.25390625,False,False,0.0,False,0.0,False,string_match_all,ruler_public_string_match,True,string_match_all,0.0,0.0,0.0,128,128,128.0,212.60597279300055,103.42232666699965,5.504613462004272,0.0,0.0,0.0,0.0,23.25322220779408,43.004792671908376,0,15676,False,,,False
official_ruler_niah_single_qwen25_7b,20260611_225910,17,mlx-community/Qwen2.5-7B-Instruct-4bit,qwen,mlx,4,recency,recency,128,ruler,15684,,125.4655539023251,4.83203125,False,False,0.0,False,0.0,False,string_match_all,ruler_public_string_match,True,string_match_all,0.0,0.0,0.0,128,128,128.0,212.61236470699805,103.4458677090006,5.494098289989779,0.0,0.0,0.0,0.0,23.297726622986595,42.92264289054515,0,15676,False,,,False
official_ruler_niah_single_qwen25_7b,20260611_225910,18,mlx-community/Qwen2.5-7B-Instruct-4bit,qwen,mlx,4,recency,recency,128,ruler,15696,,117.86398026897247,4.76953125,False,False,0.0,False,0.0,False,string_match_all,ruler_public_string_match,True,string_match_all,0.0,0.0,0.0,128,128,128.0,213.26869220799927,103.77793083299912,5.5170191660145065,0.0,0.0,0.0,0.0,23.20093444454484,43.10171223448833,0,15688,False,,,False
official_ruler_niah_single_qwen25_7b,20260611_225910,19,mlx-community/Qwen2.5-7B-Instruct-4bit,qwen,mlx,4,recency,recency,128,ruler,15687,,120.65904401308495,4.79296875,False,False,0.0,False,0.0,False,string_match_all,ruler_public_string_match,True,string_match_all,0.0,0.0,0.0,128,128,128.0,211.79500354099946,102.99932708300003,5.503997416009952,0.0,0.0,0.0,0.0,23.255824871515266,42.99997981257775,0,15679,False,,,False
official_ruler_niah_single_qwen25_7b,20260611_225910,0,mlx-community/Qwen2.5-7B-Instruct-4bit,qwen,mlx,4,sink_recent,recency,128,ruler,15687,,195.84896001735729,5.27734375,False,False,0.0,False,0.0,False,string_match_all,ruler_public_string_match,True,string_match_all,0.0,0.0,0.0,128,128,128.0,211.76852175000022,103.01495350000005,5.483653868999681,0.0,0.0,0.0,0.0,23.34210055153418,42.84104585156001,0,15679,False,,,False
official_ruler_niah_single_qwen25_7b,20260611_225910,1,mlx-community/Qwen2.5-7B-Instruct-4bit,qwen,mlx,4,sink_recent,recency,128,ruler,15693,,168.17414165184545,5.125,False,False,0.0,False,0.0,False,string_match_all,ruler_public_string_match,True,string_match_all,0.0,0.0,0.0,128,128,128.0,212.5908479589998,103.41672916699827,5.511048384993046,0.0,0.0,0.0,0.0,23.22607080506725,43.05506550775817,0,15685,False,,,False
official_ruler_niah_single_qwen25_7b,20260611_225910,2,mlx-community/Qwen2.5-7B-Instruct-4bit,qwen,mlx,4,sink_recent,recency,128,ruler,15687,,107.31637526839133,4.67578125,False,False,0.0,False,0.0,False,string_match_all,ruler_public_string_match,True,string_match_all,0.0,0.0,0.0,128,128,128.0,211.7315435419987,102.99533512499875,5.474813292990802,0.0,0.0,0.0,0.0,23.37979272532884,42.771978851490644,0,15679,False,,,False
official_ruler_niah_single_qwen25_7b,20260611_225910,3,mlx-community/Qwen2.5-7B-Instruct-4bit,qwen,mlx,4,sink_recent,recency,128,ruler,15687,,306.91244147925255,5.7265625,False,False,0.0,False,0.0,False,string_match_all,ruler_public_string_match,True,string_match_all,0.0,0.0,0.0,128,128,128.0,211.64057491699896,102.94951787500031,5.479384871012371,0.0,0.0,0.0,0.0,23.360286421411885,42.80769430478415,0,15679,False,,,False
official_ruler_niah_single_qwen25_7b,20260611_225910,4,mlx-community/Qwen2.5-7B-Instruct-4bit,qwen,mlx,4,sink_recent,recency,128,ruler,15687,,163.9578487546119,5.099609375,False,False,0.0,False,0.0,False,string_match_all,ruler_public_string_match,True,string_match_all,0.0,0.0,0.0,128,128,128.0,211.68406429199968,102.95386695799971,5.47175104499911,0.0,0.0,0.0,0.0,23.392877151635986,42.748055039055544,0,15679,False,,,False
official_ruler_niah_single_qwen25_7b,20260611_225910,5,mlx-community/Qwen2.5-7B-Instruct-4bit,qwen,mlx,4,sink_recent,recency,128,ruler,15690,,151.93267574549122,5.0234375,False,False,0.0,False,0.0,False,string_match_all,ruler_public_string_match,True,string_match_all,0.0,0.0,0.0,128,128,128.0,212.40338725000038,103.3130031669989,5.51023525000528,0.0,0.0,0.0,0.0,23.229498232380795,43.04871289066625,0,15682,False,,,False
official_ruler_niah_single_qwen25_7b,20260611_225910,6,mlx-community/Qwen2.5-7B-Instruct-4bit,qwen,mlx,4,sink_recent,recency,128,ruler,15690,,188.7143271433013,5.240234375,False,False,0.0,False,0.0,False,string_match_all,ruler_public_string_match,True,string_match_all,0.0,0.0,0.0,128,128,128.0,212.3504796670004,103.30391804200008,5.4924577879955905,0.0,0.0,0.0,0.0,23.304685250337105,42.90982646871555,0,15682,False,,,False
official_ruler_niah_single_qwen25_7b,20260611_225910,7,mlx-community/Qwen2.5-7B-Instruct-4bit,qwen,mlx,4,sink_recent,recency,128,ruler,15687,,126.20286160392553,4.837890625,False,False,0.0,False,0.0,False,string_match_all,ruler_public_string_match,True,string_match_all,0.0,0.0,0.0,128,128,128.0,211.67166799900224,102.97503091599901,5.484839676993943,0.0,0.0,0.0,0.0,23.337054050438994,42.85030997651518,0,15679,False,,,False
official_ruler_niah_single_qwen25_7b,20260611_225910,8,mlx-community/Qwen2.5-7B-Instruct-4bit,qwen,mlx,4,sink_recent,recency,128,ruler,15693,,196.23185131295418,5.279296875,False,False,0.0,False,0.0,False,string_match_all,ruler_public_string_match,True,string_match_all,0.0,0.0,0.0,128,128,128.0,212.61741583299772,103.4450468340001,5.513009127014811,0.0,0.0,0.0,0.0,23.217810283094806,43.070383804803214,0,15685,False,,,False
official_ruler_niah_single_qwen25_7b,20260611_225910,9,mlx-community/Qwen2.5-7B-Instruct-4bit,qwen,mlx,4,sink_recent,recency,128,ruler,15690,,207.26214126467758,5.333984375,False,False,0.0,False,0.0,False,string_match_all,ruler_public_string_match,True,string_match_all,0.0,0.0,0.0,128,128,128.0,212.34110087500085,103.31248695899922,5.480897792998803,0.0,0.0,0.0,0.0,23.353838154673277,42.81951400780315,0,15682,False,,,False
official_ruler_niah_single_qwen25_7b,20260611_225910,10,mlx-community/Qwen2.5-7B-Instruct-4bit,qwen,mlx,4,sink_recent,recency,128,ruler,15687,,524.1189959252079,6.26171875,False,False,0.0,False,0.0,False,string_match_all,ruler_public_string_match,True,string_match_all,0.0,0.0,0.0,128,128,128.0,211.74490741599948,102.99176891699972,5.487849921006273,0.0,0.0,0.0,0.0,23.324253002992005,42.873827507861506,0,15679,False,,,False
official_ruler_niah_single_qwen25_7b,20260611_225910,11,mlx-community/Qwen2.5-7B-Instruct-4bit,qwen,mlx,4,sink_recent,recency,128,ruler,15684,,106.2734644175972,4.666015625,False,False,0.0,False,0.0,False,string_match_all,ruler_public_string_match,True,string_match_all,0.0,0.0,0.0,128,128,128.0,212.7981689169992,103.46834483299972,5.645525875001113,0.0,0.0,0.0,0.0,22.672821422499418,44.10567089844619,0,15676,False,,,False
official_ruler_niah_single_qwen25_7b,20260611_225910,12,mlx-community/Qwen2.5-7B-Instruct-4bit,qwen,mlx,4,sink_recent,recency,128,ruler,15687,,158.9133960662157,5.068359375,False,False,0.0,False,0.0,False,string_match_all,ruler_public_string_match,True,string_match_all,0.0,0.0,0.0,128,128,128.0,211.72575729099844,103.01484287499989,5.488355620997027,0.0,0.0,0.0,0.0,23.322103893979676,42.87777828903927,0,15679,False,,,False
official_ruler_niah_single_qwen25_7b,20260611_225910,13,mlx-community/Qwen2.5-7B-Instruct-4bit,qwen,mlx,4,sink_recent,recency,128,ruler,15684,,135.66060972280735,4.91015625,False,False,0.0,False,0.0,False,string_match_all,ruler_public_string_match,True,string_match_all,0.0,0.0,0.0,128,128,128.0,212.51547904100153,103.39106175000052,5.484222038006919,0.0,0.0,0.0,0.0,23.339682294577166,42.84548467192906,0,15676,False,,,False
official_ruler_niah_single_qwen25_7b,20260611_225910,14,mlx-community/Qwen2.5-7B-Instruct-4bit,qwen,mlx,4,sink_recent,recency,128,ruler,15687,,199.32205332285645,5.294921875,False,False,0.0,False,0.0,False,string_match_all,ruler_public_string_match,True,string_match_all,0.0,0.0,0.0,128,128,128.0,211.6688557089983,102.98026991700135,5.468513538999105,0.0,0.0,0.0,0.0,23.406726359395222,42.722762023430505,0,15679,False,,,False
official_ruler_niah_single_qwen25_7b,20260611_225910,15,mlx-community/Qwen2.5-7B-Instruct-4bit,qwen,mlx,4,sink_recent,recency,128,ruler,15684,,219.7692484014847,5.392578125,False,False,0.0,False,0.0,False,string_match_all,ruler_public_string_match,True,string_match_all,0.0,0.0,0.0,128,128,128.0,212.59103383300135,103.42930200000046,5.478765282996392,0.0,0.0,0.0,0.0,23.3629282125398,42.80285377340931,0,15676,False,,,False
official_ruler_niah_single_qwen25_7b,20260611_225910,16,mlx-community/Qwen2.5-7B-Instruct-4bit,qwen,mlx,4,sink_recent,recency,128,ruler,15684,,175.21532129628568,5.166015625,False,False,0.0,False,0.0,False,string_match_all,ruler_public_string_match,True,string_match_all,0.0,0.0,0.0,128,128,128.0,212.57921825000085,103.39852545800022,5.481127917017147,0.0,0.0,0.0,0.0,23.35285764862392,42.821311851696464,0,15676,False,,,False
official_ruler_niah_single_qwen25_7b,20260611_225910,17,mlx-community/Qwen2.5-7B-Instruct-4bit,qwen,mlx,4,sink_recent,recency,128,ruler,15684,,132.25946338966435,4.884765625,False,False,0.0,False,0.0,False,string_match_all,ruler_public_string_match,True,string_match_all,0.0,0.0,0.0,128,128,128.0,212.58081808300085,103.42672512499848,5.470474744002786,0.0,0.0,0.0,0.0,23.39833487766758,42.738083937521765,0,15676,False,,,False
official_ruler_niah_single_qwen25_7b,20260611_225910,18,mlx-community/Qwen2.5-7B-Instruct-4bit,qwen,mlx,4,sink_recent,recency,128,ruler,15696,,180.4245166495895,5.1953125,False,False,0.0,False,0.0,False,string_match_all,ruler_public_string_match,True,string_match_all,0.0,0.0,0.0,128,128,128.0,213.22445950099973,103.74964450000152,5.559967583993057,0.0,0.0,0.0,0.0,23.021716955420263,43.43724674994576,0,15688,False,,,False
official_ruler_niah_single_qwen25_7b,20260611_225910,19,mlx-community/Qwen2.5-7B-Instruct-4bit,qwen,mlx,4,sink_recent,recency,128,ruler,15687,,128.44088377025506,4.85546875,False,False,0.0,False,0.0,False,string_match_all,ruler_public_string_match,True,string_match_all,0.0,0.0,0.0,128,128,128.0,211.82391404200098,103.05819033400076,5.526858917981372,0.0,0.0,0.0,0.0,23.15962862441777,43.178585296729466,0,15679,False,,,False
official_ruler_niah_single_qwen25_7b,20260611_225910,0,mlx-community/Qwen2.5-7B-Instruct-4bit,qwen,mlx,4,attention,attention,128,ruler,15687,,47.90120329104557,3.869140625,False,False,0.0,False,0.0,False,string_match_all,ruler_public_string_match,True,string_match_all,0.0,0.0,0.0,128,128,128.0,228.66783645800206,85.81916141700094,7.927408162995562,2.8363317419789382,0.012545617981231771,0.035934128898588824,1.6304408039522968,16.146513131176043,61.932876273402826,3612,3612,False,,,False
official_ruler_niah_single_qwen25_7b,20260611_225910,1,mlx-community/Qwen2.5-7B-Instruct-4bit,qwen,mlx,4,attention,attention,128,ruler,15693,,124.73255373099722,4.826171875,False,False,0.0,False,0.0,False,string_match_all,ruler_public_string_match,True,string_match_all,0.0,0.0,0.0,128,128,128.0,229.1528782919977,85.14520450000055,7.492052959982175,2.8343837490101578,0.011955947969909175,0.035111328894345206,1.6149165139377146,17.08476977988481,58.53166374986074,3612,3612,False,,,False
official_ruler_niah_single_qwen25_7b,20260611_225910,2,mlx-community/Qwen2.5-7B-Instruct-4bit,qwen,mlx,4,attention,attention,128,ruler,15687,,75.21212841006654,4.3203125,False,False,0.0,False,0.0,False,string_match_all,ruler_public_string_match,True,string_match_all,0.0,0.0,0.0,128,128,128.0,235.80894966699998,85.66702220800107,9.831949496989182,2.8449154580066534,0.011806557959062047,0.0352814099551324,1.5820945630475762,13.018781274171229,76.81210544522799,3612,3612,False,,,False
official_ruler_niah_single_qwen25_7b,20260611_225910,3,mlx-community/Qwen2.5-7B-Instruct-4bit,qwen,mlx,4,attention,attention,128,ruler,15687,,41.45503620813183,3.724609375,False,False,0.0,False,0.0,False,string_match_all,ruler_public_string_match,True,string_match_all,0.0,0.0,0.0,128,128,128.0,234.66229020899846,85.08342658299989,9.965337543995702,2.8195724549732404,0.01192236204224173,0.037384808052593144,1.6011280420098046,12.844522268803864,77.85419956246642,3612,3612,False,,,False
official_ruler_niah_single_qwen25_7b,20260611_225910,4,mlx-community/Qwen2.5-7B-Instruct-4bit,qwen,mlx,4,attention,attention,128,ruler,15687,,123.7618772969051,4.818359375,False,False,0.0,False,0.0,False,string_match_all,ruler_public_string_match,True,string_match_all,0.0,0.0,0.0,128,128,128.0,237.75252558300053,85.14270337500056,12.265761628004839,2.77339953496994,0.011471635127236368,0.034695954964263365,1.553128457020648,10.435552547161363,95.8262627187878,3612,3612,False,,,False
official_ruler_niah_single_qwen25_7b,20260611_225910,5,mlx-community/Qwen2.5-7B-Instruct-4bit,qwen,mlx,4,attention,attention,128,ruler,15690,,101.40684816291058,4.619140625,False,False,0.0,False,0.0,False,string_match_all,ruler_public_string_match,True,string_match_all,0.0,0.0,0.0,128,128,128.0,236.11788529100158,85.2972789589985,11.809970168011205,2.8050187030312372,0.01283675399463391,0.03642832006516983,1.5891847430066264,10.838300027776883,92.26539193758754,3612,3612,False,,,False
official_ruler_niah_single_qwen25_7b,20260611_225910,6,mlx-community/Qwen2.5-7B-Instruct-4bit,qwen,mlx,4,attention,attention,128,ruler,15690,,61.26657193294355,4.115234375,False,False,0.0,False,0.0,False,string_match_all,ruler_public_string_match,True,string_match_all,0.0,0.0,0.0,128,128,128.0,232.53651275000084,85.27406262500153,9.532946248011285,2.8415719119766436,0.012417503818141995,0.03441920290788403,1.5860560640358017,13.427118612643254,74.47614256258817,3612,3612,False,,,False
official_ruler_niah_single_qwen25_7b,20260611_225910,7,mlx-community/Qwen2.5-7B-Instruct-4bit,qwen,mlx,4,attention,attention,128,ruler,15687,,42.190180314697045,3.7421875,False,False,0.0,False,0.0,False,string_match_all,ruler_public_string_match,True,string_match_all,0.0,0.0,0.0,128,128,128.0,233.51794787499966,85.15087070899972,9.920201497952803,2.8505399109853897,0.011763889066060074,0.03472880393383093,1.5916020940421731,12.90296371766389,77.50157420275627,3612,3612,False,,,False
official_ruler_niah_single_qwen25_7b,20260611_225910,8,mlx-community/Qwen2.5-7B-Instruct-4bit,qwen,mlx,4,attention,attention,128,ruler,15693,,46.7915731119465,3.845703125,False,False,0.0,False,0.0,False,string_match_all,ruler_public_string_match,True,string_match_all,0.0,0.0,0.0,128,128,128.0,231.61707937399842,85.34847400000217,8.532887079021748,2.842869463001989,0.011723871106369188,0.03617992413637694,1.5932756291185797,15.000784472431405,66.6631803048574,3612,3612,False,,,False
official_ruler_niah_single_qwen25_7b,20260611_225910,9,mlx-community/Qwen2.5-7B-Instruct-4bit,qwen,mlx,4,attention,attention,128,ruler,15690,,19.581972547389178,2.974609375,False,False,0.0,False,0.0,False,string_match_all,ruler_public_string_match,True,string_match_all,0.0,0.0,0.0,128,128,128.0,232.96844800100007,85.26283958299973,9.119333203023416,2.8376421379871317,0.011564686938072555,0.035001803043996915,1.555177464026201,14.036113951573014,71.24479064862044,3612,3612,False,,,False
official_ruler_niah_single_qwen25_7b,20260611_225910,10,mlx-community/Qwen2.5-7B-Instruct-4bit,qwen,mlx,4,attention,attention,128,ruler,15687,,33.63694444585419,3.515625,False,False,0.0,False,0.0,False,string_match_all,ruler_public_string_match,True,string_match_all,0.0,0.0,0.0,128,128,128.0,233.74259858299774,85.08866754199698,9.041991662994405,2.8329242410400184,0.01177022385309101,0.035847652037773514,1.5873216800173395,14.156173193994151,70.64055986714379,3612,3612,False,,,False
official_ruler_niah_single_qwen25_7b,20260611_225910,11,mlx-community/Qwen2.5-7B-Instruct-4bit,qwen,mlx,4,attention,attention,128,ruler,15684,,107.7363996853844,4.6796875,False,False,0.0,False,0.0,False,string_match_all,ruler_public_string_match,True,string_match_all,0.0,0.0,0.0,128,128,128.0,231.83525054100028,85.0938355420003,9.25505725696712,2.826170996995643,0.011965180008701282,0.03698989407348563,1.5883267891076684,13.83027640414032,72.30513482005563,3612,3612,False,,,False
official_ruler_niah_single_qwen25_7b,20260611_225910,12,mlx-community/Qwen2.5-7B-Instruct-4bit,qwen,mlx,4,attention,attention,128,ruler,15687,,72.89809449073893,4.2890625,False,False,0.0,False,0.0,False,string_match_all,ruler_public_string_match,True,string_match_all,0.0,0.0,0.0,128,128,128.0,230.48390437499984,85.16120795799725,11.28487699998368,2.8061150410103437,0.011929552798392251,0.03471818302205065,1.5977275308978278,11.342613658986723,88.1631015623725,3612,3612,False,,,False
official_ruler_niah_single_qwen25_7b,20260611_225910,13,mlx-community/Qwen2.5-7B-Instruct-4bit,qwen,mlx,4,attention,attention,128,ruler,15684,,81.00664999449546,4.39453125,False,False,0.0,False,0.0,False,string_match_all,ruler_public_string_match,True,string_match_all,0.0,0.0,0.0,128,128,128.0,228.25580929100033,85.26919358400119,7.759141375019681,2.850208529020165,0.01182411292757024,0.03553594282493577,1.5840857430703181,16.49667067700198,60.618291992341256,3612,3612,False,,,False
official_ruler_niah_single_qwen25_7b,20260611_225910,14,mlx-community/Qwen2.5-7B-Instruct-4bit,qwen,mlx,4,attention,attention,128,ruler,15687,,52.9183415530491,3.96875,False,False,0.0,False,0.0,False,string_match_all,ruler_public_string_match,True,string_match_all,0.0,0.0,0.0,128,128,128.0,232.26771762499993,85.16066970799875,9.252755545971013,2.8240548749927257,0.011655197129584849,0.03652601388967014,1.5857686119961727,13.833716817011974,72.28715270289854,3612,3612,False,,,False
official_ruler_niah_single_qwen25_7b,20260611_225910,15,mlx-community/Qwen2.5-7B-Instruct-4bit,qwen,mlx,4,attention,attention,128,ruler,15684,,80.69083499570341,4.390625,False,False,0.0,False,0.0,False,string_match_all,ruler_public_string_match,True,string_match_all,0.0,0.0,0.0,128,128,128.0,231.44753462500012,85.05705620799927,9.440910125980736,2.7799173349958437,0.014763851988391252,0.03486037284892518,1.5628136498780805,13.55801488330588,73.7571103592245,3612,3612,False,,,False
official_ruler_niah_single_qwen25_7b,20260611_225910,16,mlx-community/Qwen2.5-7B-Instruct-4bit,qwen,mlx,4,attention,attention,128,ruler,15684,,35.806340977539655,3.578125,False,False,0.0,False,0.0,False,string_match_all,ruler_public_string_match,True,string_match_all,0.0,0.0,0.0,128,128,128.0,229.4873962510028,85.09496833400044,8.247133757984557,2.8134800089865166,0.011487821942864684,0.034172434112406336,1.5722867729418795,15.52054371327194,64.43073248425435,3612,3612,False,,,False
official_ruler_niah_single_qwen25_7b,20260611_225910,17,mlx-community/Qwen2.5-7B-Instruct-4bit,qwen,mlx,4,attention,attention,128,ruler,15684,,54.173263858709824,3.9921875,False,False,0.0,False,0.0,False,string_match_all,ruler_public_string_match,True,string_match_all,0.0,0.0,0.0,128,128,128.0,235.270706583,85.1554601659991,11.623904204006976,2.8186230680221342,0.011764696915633976,0.035197164110286394,1.605588298978546,11.011790681815496,90.8117515938045,3612,3612,False,,,False
official_ruler_niah_single_qwen25_7b,20260611_225910,18,mlx-community/Qwen2.5-7B-Instruct-4bit,qwen,mlx,4,attention,attention,128,ruler,15696,,32.72964525738904,3.48828125,False,False,0.0,False,0.0,False,string_match_all,ruler_public_string_match,True,string_match_all,0.0,0.0,0.0,128,128,128.0,235.87204900000143,85.28467675000138,12.324741597003595,2.8458395779634884,0.013083987985737622,0.0358088990469696,1.5974033429229166,10.385613279804545,96.28704372659058,3612,3612,False,,,False
official_ruler_niah_single_qwen25_7b,20260611_225910,19,mlx-community/Qwen2.5-7B-Instruct-4bit,qwen,mlx,4,attention,attention,128,ruler,15687,,48.08868329990042,3.873046875,False,False,0.0,False,0.0,False,string_match_all,ruler_public_string_match,True,string_match_all,0.0,0.0,0.0,128,128,128.0,233.59080004200223,85.12882812499811,10.58271212102045,2.815169835987035,0.011851942155772122,0.03526429306293721,1.5669103819709562,12.095198143560335,82.67743844547226,3612,3612,False,,,False
official_ruler_niah_single_qwen25_7b,20260611_225910,0,mlx-community/Qwen2.5-7B-Instruct-4bit,qwen,mlx,4,snapkv,attention,128,ruler,15687,,8.860831642021981,2.181640625,False,False,0.0,False,0.0,False,string_match_all,ruler_public_string_match,True,string_match_all,0.0,0.0,0.0,256,256,192.5,380.3839447080027,109.09528033299648,11.494776422026916,0.0,23.639031671005796,0.0015978729934431612,0.04318546098875231,11.135492792597464,89.80294079708528,28,28,False,,,False
official_ruler_niah_single_qwen25_7b,20260611_225910,1,mlx-community/Qwen2.5-7B-Instruct-4bit,qwen,mlx,4,snapkv,attention,128,ruler,15693,,23.482371718117374,3.15625,False,False,0.0,False,0.0,False,string_match_all,ruler_public_string_match,True,string_match_all,0.0,0.0,0.0,256,256,192.5,382.585958959,107.87464879199979,12.121662417001062,0.0,22.283989250998275,0.0016717479993531015,0.034845289006625535,10.559607716881759,94.7004876328208,28,28,False,,,False
official_ruler_niah_single_qwen25_7b,20260611_225910,2,mlx-community/Qwen2.5-7B-Instruct-4bit,qwen,mlx,4,snapkv,attention,128,ruler,15687,,20.203571081597193,3.005859375,False,False,0.0,False,0.0,False,string_match_all,ruler_public_string_match,True,string_match_all,0.0,0.0,0.0,256,256,192.5,380.01409708400024,107.63733945799686,10.40306975301064,0.0,22.552095209015533,0.001601624990144046,0.027807622998807346,12.304060535877586,81.27398244539563,28,28,False,,,False
official_ruler_niah_single_qwen25_7b,20260611_225910,3,mlx-community/Qwen2.5-7B-Instruct-4bit,qwen,mlx,4,snapkv,attention,128,ruler,15687,,11.113972772314547,2.408203125,False,False,0.0,False,0.0,False,string_match_all,ruler_public_string_match,True,string_match_all,0.0,0.0,0.0,256,256,192.5,380.18598325000494,107.79573616700145,9.67456878901794,0.0,22.702380835009535,0.0015964600097504444,0.0298403730012069,13.230563841284466,75.58256866420265,28,28,False,,,False
official_ruler_niah_single_qwen25_7b,20260611_225910,4,mlx-community/Qwen2.5-7B-Instruct-4bit,qwen,mlx,4,snapkv,attention,128,ruler,15687,,12.447059060920614,2.521484375,False,False,0.0,False,0.0,False,string_match_all,ruler_public_string_match,True,string_match_all,0.0,0.0,0.0,256,256,192.5,378.4612222079995,108.02840599999763,11.26342850104993,0.0,22.63098720700873,0.0016147130008903332,0.0329574559982575,11.364212947067438,87.99553516445258,28,28,False,,,False
official_ruler_niah_single_qwen25_7b,20260611_225910,5,mlx-community/Qwen2.5-7B-Instruct-4bit,qwen,mlx,4,snapkv,attention,128,ruler,15690,,6.740965237620187,1.908203125,True,False,0.0,True,100.0,True,string_match_all,ruler_public_string_match,True,string_match_all,100.0,0.0,0.0,256,256,192.5,380.2927987920011,108.15237533300024,9.702784206983779,0.0,22.77643991899822,0.001499293004599167,0.03169895499377162,13.192089741403231,75.80300161706077,28,28,False,,,False
official_ruler_niah_single_qwen25_7b,20260611_225910,6,mlx-community/Qwen2.5-7B-Instruct-4bit,qwen,mlx,4,snapkv,attention,128,ruler,15690,,8.67249262957695,2.16015625,False,False,0.0,False,0.0,False,string_match_all,ruler_public_string_match,True,string_match_all,0.0,0.0,0.0,256,256,192.5,381.3003332920016,108.30858779199843,12.112271340014559,0.0,23.000740584997402,0.0014484579878626391,0.030408377991989255,10.567794958253153,94.62711984386374,28,28,False,,,False
official_ruler_niah_single_qwen25_7b,20260611_225910,7,mlx-community/Qwen2.5-7B-Instruct-4bit,qwen,mlx,4,snapkv,attention,128,ruler,15687,,16.88071548801052,2.826171875,False,False,0.0,False,0.0,False,string_match_all,ruler_public_string_match,True,string_match_all,0.0,0.0,0.0,256,256,192.5,378.7871025000022,109.59086404099799,9.88037532699309,0.0,24.2647355850022,0.0014342900103656575,0.03363991900187102,12.95497344623187,77.19043224213351,28,28,False,,,False
official_ruler_niah_single_qwen25_7b,20260611_225910,8,mlx-community/Qwen2.5-7B-Instruct-4bit,qwen,mlx,4,snapkv,attention,128,ruler,15693,,6.419723190321737,1.859375,False,False,0.0,False,0.0,False,string_match_all,ruler_public_string_match,True,string_match_all,0.0,0.0,0.0,256,256,192.5,377.6472515000023,108.59558345799815,10.231548541978555,0.0,23.22405495899511,0.0014535409973177593,0.0255040849915531,12.510325243029893,79.93397298420746,28,28,False,,,False
official_ruler_niah_single_qwen25_7b,20260611_225910,9,mlx-community/Qwen2.5-7B-Instruct-4bit,qwen,mlx,4,snapkv,attention,128,ruler,15690,,8.554730245048765,2.146484375,False,False,0.0,False,0.0,False,string_match_all,ruler_public_string_match,True,string_match_all,0.0,0.0,0.0,256,256,192.5,381.1712030410017,109.32736029100124,9.184964915002638,0.0,23.951517456000147,0.001471292012865888,0.03092475100129377,13.935818066210135,71.75753839845811,28,28,False,,,False
official_ruler_niah_single_qwen25_7b,20260611_225910,10,mlx-community/Qwen2.5-7B-Instruct-4bit,qwen,mlx,4,snapkv,attention,128,ruler,15687,,17.89937193856263,2.884765625,False,False,0.0,False,0.0,False,string_match_all,ruler_public_string_match,True,string_match_all,0.0,0.0,0.0,256,256,192.5,380.4385217509989,109.43036104200291,10.623391710989381,0.0,24.33754083400345,0.0014456680000876077,0.03250258198750089,12.048882643345461,82.99524774210454,28,28,False,,,False
official_ruler_niah_single_qwen25_7b,20260611_225910,11,mlx-community/Qwen2.5-7B-Instruct-4bit,qwen,mlx,4,snapkv,attention,128,ruler,15684,,13.885697797673076,2.630859375,False,False,0.0,False,0.0,False,string_match_all,ruler_public_string_match,True,string_match_all,0.0,0.0,0.0,256,256,192.5,378.84922650000226,108.30358954099938,8.76347808396531,0.0,22.898518709007476,0.0014357090076373424,0.027532416992471553,14.606072928305013,68.46467253097899,28,28,False,,,False
official_ruler_niah_single_qwen25_7b,20260611_225910,12,mlx-community/Qwen2.5-7B-Instruct-4bit,qwen,mlx,4,snapkv,attention,128,ruler,15687,,20.56185170491249,3.0234375,False,False,0.0,False,0.0,False,string_match_all,ruler_public_string_match,True,string_match_all,0.0,0.0,0.0,256,256,192.5,379.67797829199844,109.44930499999828,9.965212332001101,0.0,24.340592169988668,0.0014566229947376996,0.02691716598928906,12.844683659068254,77.8532213437586,28,28,False,,,False
official_ruler_niah_single_qwen25_7b,20260611_225910,13,mlx-community/Qwen2.5-7B-Instruct-4bit,qwen,mlx,4,snapkv,attention,128,ruler,15684,,8.706435806016751,2.1640625,False,False,0.0,False,0.0,False,string_match_all,ruler_public_string_match,True,string_match_all,0.0,0.0,0.0,256,256,192.5,375.4349962089982,108.17336875099863,8.16722761703204,0.0,23.020634204007365,0.0016479989935760386,0.02876574900074047,15.672392885569538,63.806465758062814,28,28,False,,,False
official_ruler_niah_single_qwen25_7b,20260611_225910,14,mlx-community/Qwen2.5-7B-Instruct-4bit,qwen,mlx,4,snapkv,attention,128,ruler,15687,,21.214554942517648,3.0546875,False,False,0.0,False,0.0,False,string_match_all,ruler_public_string_match,True,string_match_all,0.0,0.0,0.0,256,256,192.5,376.33243112499986,108.45836254199821,10.031336287007434,0.0,23.286959752997063,0.0014208740030881017,0.02954291999776615,12.760014851240241,78.36981474224558,28,28,False,,,False
official_ruler_niah_single_qwen25_7b,20260611_225910,15,mlx-community/Qwen2.5-7B-Instruct-4bit,qwen,mlx,4,snapkv,attention,128,ruler,15684,,9.808046546977115,2.283203125,False,False,0.0,False,0.0,False,string_match_all,ruler_public_string_match,True,string_match_all,0.0,0.0,0.0,256,256,192.5,375.98325612499684,107.66697970899986,9.680736170983437,0.0,22.22000250298879,0.0014574190026905853,0.03161420800461201,13.22213494296652,75.6307513358081,28,28,False,,,False
official_ruler_niah_single_qwen25_7b,20260611_225910,16,mlx-community/Qwen2.5-7B-Instruct-4bit,qwen,mlx,4,snapkv,attention,128,ruler,15684,,16.425386987895497,2.798828125,False,False,0.0,False,0.0,False,string_match_all,ruler_public_string_match,True,string_match_all,0.0,0.0,0.0,256,256,192.5,380.12352220799585,107.6901968739985,10.441055995004717,0.0,22.520934162996127,0.0014327480130305048,0.03161920901038684,12.25929638354958,81.57074996097435,28,28,False,,,False
official_ruler_niah_single_qwen25_7b,20260611_225910,17,mlx-community/Qwen2.5-7B-Instruct-4bit,qwen,mlx,4,snapkv,attention,128,ruler,15684,,13.484791569471833,2.6015625,False,False,0.0,False,0.0,False,string_match_all,ruler_public_string_match,True,string_match_all,0.0,0.0,0.0,256,256,192.5,378.7645072080013,106.93417024999872,11.034384456994303,0.0,21.837718458009476,0.0014792490110266954,0.031129791004786966,11.600103340505356,86.20612857026799,28,28,False,,,False
official_ruler_niah_single_qwen25_7b,20260611_225910,18,mlx-community/Qwen2.5-7B-Instruct-4bit,qwen,mlx,4,snapkv,attention,128,ruler,15696,,22.626926270737744,3.119140625,False,False,0.0,False,0.0,False,string_match_all,ruler_public_string_match,True,string_match_all,0.0,0.0,0.0,256,256,192.5,380.82519075000164,109.09542654100005,10.264366663992405,0.0,23.493923792015266,0.0014079570028115995,0.03065429299385869,12.470326147742409,80.19036456244066,28,28,False,,,False
official_ruler_niah_single_qwen25_7b,20260611_225910,19,mlx-community/Qwen2.5-7B-Instruct-4bit,qwen,mlx,4,snapkv,attention,128,ruler,15687,,15.612109685326937,2.748046875,False,False,0.0,False,0.0,False,string_match_all,ruler_public_string_match,True,string_match_all,0.0,0.0,0.0,256,256,192.5,378.750608958002,108.77334033399893,9.753283294990979,0.0,23.63701183399462,0.001546420007798588,0.03234495700235129,13.123785716932607,76.19752574211702,28,28,False,,,False
official_ruler_niah_single_qwen25_7b,20260611_225910,0,mlx-community/Qwen2.5-7B-Instruct-4bit,qwen,mlx,4,compactor,hybrid,128,ruler,15687,,27.133828946090556,3.30078125,False,False,0.0,False,0.0,False,string_match_all,ruler_public_string_match,True,string_match_all,0.0,0.0,0.0,390,390,326.5,356.00279112499993,91.98009312499562,6.746234792994073,0.0,6.868375374007883,0.0017693349909677636,0.03075929600163363,18.97354656747602,52.7049593202662,28,28,False,,,False
official_ruler_niah_single_qwen25_7b,20260611_225910,1,mlx-community/Qwen2.5-7B-Instruct-4bit,qwen,mlx,4,compactor,hybrid,128,ruler,15693,,40.1011996370117,3.69140625,False,False,0.0,False,0.0,False,string_match_all,ruler_public_string_match,True,string_match_all,0.0,0.0,0.0,386,386,322.5,355.31506616599654,92.17021883300185,6.700537078973866,0.0,6.532803875994432,0.0017972050081880298,0.030280541002866812,19.10294629988111,52.34794592948333,28,28,False,,,False
official_ruler_niah_single_qwen25_7b,20260611_225910,2,mlx-community/Qwen2.5-7B-Instruct-4bit,qwen,mlx,4,compactor,hybrid,128,ruler,15687,,15.340075995482293,2.73046875,False,False,0.0,False,0.0,False,string_match_all,ruler_public_string_match,True,string_match_all,0.0,0.0,0.0,390,390,326.5,356.44235120799567,91.90244120900024,6.751684049020696,0.0,6.495471246980742,0.001760628008923959,0.027452877999166958,18.958233097202744,52.74753163297419,28,28,False,,,False
official_ruler_niah_single_qwen25_7b,20260611_225910,3,mlx-community/Qwen2.5-7B-Instruct-4bit,qwen,mlx,4,compactor,hybrid,128,ruler,15687,,66.76452489287527,4.201171875,False,False,0.0,False,0.0,False,string_match_all,ruler_public_string_match,True,string_match_all,0.0,0.0,0.0,389,389,325.5,355.85091083299994,91.97469875000388,6.677023873999133,0.0,6.5726292109902715,0.001753873009874951,0.02749187999870628,19.17021751239235,52.164249015618225,28,28,False,,,False
official_ruler_niah_single_qwen25_7b,20260611_225910,4,mlx-community/Qwen2.5-7B-Instruct-4bit,qwen,mlx,4,compactor,hybrid,128,ruler,15687,,60.908637772317434,4.109375,False,False,0.0,False,0.0,False,string_match_all,ruler_public_string_match,True,string_match_all,0.0,0.0,0.0,391,391,327.5,355.86213695800325,91.9409413329995,6.699186660975101,0.0,6.536089959001401,0.00175483298880863,0.02979229602351552,19.106797060252227,52.33739578886798,28,28,False,,,False
official_ruler_niah_single_qwen25_7b,20260611_225910,5,mlx-community/Qwen2.5-7B-Instruct-4bit,qwen,mlx,4,compactor,hybrid,128,ruler,15690,,56.44141090562327,4.033203125,False,False,0.0,False,0.0,False,string_match_all,ruler_public_string_match,True,string_match_all,0.0,0.0,0.0,393,393,329.5,356.75454145800177,92.49262987600378,7.020155033995252,0.0,6.818957960997068,0.0018011649808613583,0.029749750003247755,18.233215560077696,54.844961203087905,28,28,False,,,False
official_ruler_niah_single_qwen25_7b,20260611_225910,6,mlx-community/Qwen2.5-7B-Instruct-4bit,qwen,mlx,4,compactor,hybrid,128,ruler,15690,,50.990565478815945,3.931640625,False,False,0.0,False,0.0,False,string_match_all,ruler_public_string_match,True,string_match_all,0.0,0.0,0.0,388,388,324.5,356.66592537500037,92.16118804299913,6.670076253001753,0.0,6.546844793010678,0.0017720420146360993,0.0273177939998277,19.19018541090828,52.109970726576194,28,28,False,,,False
official_ruler_niah_single_qwen25_7b,20260611_225910,7,mlx-community/Qwen2.5-7B-Instruct-4bit,qwen,mlx,4,compactor,hybrid,128,ruler,15687,,29.053548433146837,3.369140625,False,False,0.0,False,0.0,False,string_match_all,ruler_public_string_match,True,string_match_all,0.0,0.0,0.0,390,390,326.5,357.4346845819964,92.61150749999797,7.179664885999955,0.0,7.061361580996163,0.0017976250092033297,0.030880746002367232,17.82813014707617,56.09113192187465,28,28,False,,,False
official_ruler_niah_single_qwen25_7b,20260611_225910,8,mlx-community/Qwen2.5-7B-Instruct-4bit,qwen,mlx,4,compactor,hybrid,128,ruler,15693,,226.74547320926453,5.423828125,False,False,0.0,False,0.0,False,string_match_all,ruler_public_string_match,True,string_match_all,0.0,0.0,0.0,388,388,324.5,357.97041233400523,92.79718233400126,7.174638088014035,0.0,6.885632501998771,0.0018061209993902594,0.028166295007395092,17.84062114768368,56.05186006260965,28,28,False,,,False
official_ruler_niah_single_qwen25_7b,20260611_225910,9,mlx-community/Qwen2.5-7B-Instruct-4bit,qwen,mlx,4,compactor,hybrid,128,ruler,15690,,49.42175070681059,3.900390625,False,False,0.0,False,0.0,False,string_match_all,ruler_public_string_match,True,string_match_all,0.0,0.0,0.0,390,390,326.5,359.1004628749979,92.89602350100176,7.537463837983523,0.0,7.237095210010011,0.001861085998825729,0.027559704991290346,16.98183934959262,58.886436234246275,28,28,False,,,False
official_ruler_niah_single_qwen25_7b,20260611_225910,10,mlx-community/Qwen2.5-7B-Instruct-4bit,qwen,mlx,4,compactor,hybrid,128,ruler,15687,,39.32557222442699,3.671875,False,False,0.0,False,0.0,False,string_match_all,ruler_public_string_match,True,string_match_all,0.0,0.0,0.0,390,390,326.5,357.2426187919991,92.39207766699838,7.463762417002727,0.0,7.026712083006714,0.0017646289961703587,0.028864085004897788,17.149527657580748,58.3106438828338,28,28,False,,,False
official_ruler_niah_single_qwen25_7b,20260611_225910,11,mlx-community/Qwen2.5-7B-Instruct-4bit,qwen,mlx,4,compactor,hybrid,128,ruler,15684,,58.23305361182477,4.064453125,False,False,0.0,False,0.0,False,string_match_all,ruler_public_string_match,True,string_match_all,0.0,0.0,0.0,390,390,326.5,357.64163850000114,92.5042827920006,7.57433004001723,0.0,6.968327249996946,0.0017818779997469392,0.027987581994239008,16.899184393040894,59.17445343763461,28,28,False,,,False
official_ruler_niah_single_qwen25_7b,20260611_225910,12,mlx-community/Qwen2.5-7B-Instruct-4bit,qwen,mlx,4,compactor,hybrid,128,ruler,15687,,26.453556883236853,3.275390625,False,False,0.0,False,0.0,False,string_match_all,ruler_public_string_match,True,string_match_all,0.0,0.0,0.0,388,388,324.5,359.1226653759986,93.99406341699796,7.6388250419768156,0.0,6.907874245996936,0.0018013300032180268,0.02868208399740979,16.756503689587774,59.67832064044387,28,28,False,,,False
official_ruler_niah_single_qwen25_7b,20260611_225910,13,mlx-community/Qwen2.5-7B-Instruct-4bit,qwen,mlx,4,compactor,hybrid,128,ruler,15684,,41.861853726676614,3.734375,False,False,0.0,False,0.0,False,string_match_all,ruler_public_string_match,True,string_match_all,0.0,0.0,0.0,390,390,326.5,358.0244110419917,93.24175604099582,7.523891912016552,0.0,7.050884833995951,0.0018393789941910654,0.028370461011945736,17.012471935643937,58.78040556262931,28,28,False,,,False
official_ruler_niah_single_qwen25_7b,20260611_225910,14,mlx-community/Qwen2.5-7B-Instruct-4bit,qwen,mlx,4,compactor,hybrid,128,ruler,15687,,53.542126217761066,3.98046875,False,False,0.0,False,0.0,False,string_match_all,ruler_public_string_match,True,string_match_all,0.0,0.0,0.0,388,388,324.5,359.5768435419959,94.1606697909956,7.523089504022209,0.0,7.090330627019284,0.001817917000153102,0.02894024896522751,17.014286475199448,58.77413675017351,28,28,False,,,False
official_ruler_niah_single_qwen25_7b,20260611_225910,15,mlx-community/Qwen2.5-7B-Instruct-4bit,qwen,mlx,4,compactor,hybrid,128,ruler,15684,,146.3978806517567,4.986328125,False,False,0.0,False,0.0,False,string_match_all,ruler_public_string_match,True,string_match_all,0.0,0.0,0.0,388,388,324.5,358.11310074999346,93.65497387500363,7.492919919015549,0.0,6.953573622013209,0.001784207983291708,0.029087456008710433,17.082793007724707,58.538436867308974,28,28,False,,,False
official_ruler_niah_single_qwen25_7b,20260611_225910,16,mlx-community/Qwen2.5-7B-Instruct-4bit,qwen,mlx,4,compactor,hybrid,128,ruler,15684,,46.15619785585283,3.83203125,False,False,0.0,False,0.0,False,string_match_all,ruler_public_string_match,True,string_match_all,0.0,0.0,0.0,393,393,329.5,356.6842074579981,92.0597672080039,6.938744124025106,0.0,6.608444623998366,0.0017672099929768592,0.02833712597930571,18.447142265529788,54.208938468946144,28,28,False,,,False
official_ruler_niah_single_qwen25_7b,20260611_225910,17,mlx-community/Qwen2.5-7B-Instruct-4bit,qwen,mlx,4,compactor,hybrid,128,ruler,15684,,31.41437607743883,3.447265625,False,False,0.0,False,0.0,False,string_match_all,ruler_public_string_match,True,string_match_all,0.0,0.0,0.0,390,390,326.5,356.35429141701024,92.06625941700622,6.949428622974665,0.0,6.60303112398833,0.0017614999960642308,0.028862418999779038,18.418780441435818,54.29241111698957,28,28,False,,,False
official_ruler_niah_single_qwen25_7b,20260611_225910,18,mlx-community/Qwen2.5-7B-Instruct-4bit,qwen,mlx,4,compactor,hybrid,128,ruler,15696,,94.89152290319056,4.552734375,False,False,0.0,False,0.0,False,string_match_all,ruler_public_string_match,True,string_match_all,0.0,0.0,0.0,388,388,324.5,357.2039585000093,92.65232187500078,7.587707996019162,0.0,6.8899776239923085,0.0017571259741089307,0.030155458975059446,16.86938928951329,59.278968718899705,28,28,False,,,False
official_ruler_niah_single_qwen25_7b,20260611_225910,19,mlx-community/Qwen2.5-7B-Instruct-4bit,qwen,mlx,4,compactor,hybrid,128,ruler,15687,,44.82358155812517,3.802734375,False,False,0.0,False,0.0,False,string_match_all,ruler_public_string_match,True,string_match_all,0.0,0.0,0.0,391,391,327.5,358.83618716699857,92.49765666600433,7.833215081023809,0.0,6.879871288991126,0.001813623974157963,0.028355666021525394,16.340672211348277,61.19699282049851,28,28,False,,,False
official_ruler_niah_single_qwen25_7b,20260611_225910,0,mlx-community/Qwen2.5-7B-Instruct-4bit,qwen,mlx,4,pyramidkv,attention,128,ruler,15687,,22.016603538363892,3.091796875,False,False,0.0,False,0.0,False,string_match_all,ruler_public_string_match,True,string_match_all,0.0,0.0,0.0,317,317,253.5,389.46033237599477,111.90050120899832,10.732106203999138,0.0,26.18318987400562,0.0015154619832173921,0.03850870898895664,11.92682941884259,83.84457971874326,28,28,False,,,False
official_ruler_niah_single_qwen25_7b,20260611_225910,1,mlx-community/Qwen2.5-7B-Instruct-4bit,qwen,mlx,4,pyramidkv,attention,128,ruler,15693,,42.77096031537661,3.755859375,False,False,0.0,False,0.0,False,string_match_all,ruler_public_string_match,True,string_match_all,0.0,0.0,0.0,317,317,253.5,388.77254279099725,108.18286120799894,11.890236370971252,0.0,22.778767124007572,0.0015555420177406631,0.030685501980769914,10.765135023934292,92.8924716482129,28,28,False,,,False
official_ruler_niah_single_qwen25_7b,20260611_225910,2,mlx-community/Qwen2.5-7B-Instruct-4bit,qwen,mlx,4,pyramidkv,attention,128,ruler,15687,,34.4346215959791,3.5390625,False,False,0.0,False,0.0,False,string_match_all,ruler_public_string_match,True,string_match_all,0.0,0.0,0.0,317,317,253.5,388.00541204199544,108.73261854199518,12.562305874031154,0.0,23.6297457499968,0.0014992930082371458,0.029791710003337357,10.189212178363057,98.14301464086839,28,28,False,,,False
official_ruler_niah_single_qwen25_7b,20260611_225910,3,mlx-community/Qwen2.5-7B-Instruct-4bit,qwen,mlx,4,pyramidkv,attention,128,ruler,15687,,30.151962130172098,3.40625,False,False,0.0,False,0.0,False,string_match_all,ruler_public_string_match,True,string_match_all,0.0,0.0,0.0,317,317,253.5,387.1207784999933,107.88058087399986,11.958508301046095,0.0,22.49466095702519,0.0015246659895638004,0.02607008301129099,10.703676142349874,93.42584610192262,28,28,False,,,False
official_ruler_niah_single_qwen25_7b,20260611_225910,4,mlx-community/Qwen2.5-7B-Instruct-4bit,qwen,mlx,4,pyramidkv,attention,128,ruler,15687,,37.08754689283638,3.61328125,False,False,0.0,False,0.0,False,string_match_all,ruler_public_string_match,True,string_match_all,0.0,0.0,0.0,317,317,253.5,385.63496837500134,108.17945329200302,10.52828392093943,0.0,23.054942207003478,0.0015144149729167111,0.035307415993884206,12.15772683954924,82.2522181323393,28,28,False,,,False
official_ruler_niah_single_qwen25_7b,20260611_225910,5,mlx-community/Qwen2.5-7B-Instruct-4bit,qwen,mlx,4,pyramidkv,attention,128,ruler,15690,,22.938403163153815,3.1328125,False,False,0.0,False,0.0,False,string_match_all,ruler_public_string_match,True,string_match_all,0.0,0.0,0.0,317,317,253.5,387.7347419999933,108.33828474899929,12.661588501025108,0.0,23.01733679100289,0.0016205860083573498,0.028764374990714714,10.109316061696118,98.91866016425865,28,28,False,,,False
official_ruler_niah_single_qwen25_7b,20260611_225910,6,mlx-community/Qwen2.5-7B-Instruct-4bit,qwen,mlx,4,pyramidkv,attention,128,ruler,15690,,36.016759615546256,3.583984375,False,False,0.0,False,0.0,False,string_match_all,ruler_public_string_match,True,string_match_all,0.0,0.0,0.0,317,317,253.5,389.2331173740022,109.63825595800154,11.830636883976695,0.0,24.06324841501919,0.0015650820496375673,0.029158375989936758,10.819366806309644,92.42685065606793,28,28,False,,,False
official_ruler_niah_single_qwen25_7b,20260611_225910,7,mlx-community/Qwen2.5-7B-Instruct-4bit,qwen,mlx,4,pyramidkv,attention,128,ruler,15687,,21.973644325590612,3.08984375,False,False,0.0,False,0.0,False,string_match_all,ruler_public_string_match,True,string_match_all,0.0,0.0,0.0,317,317,253.5,387.57094199999847,109.30541887399158,11.162055203967611,0.0,24.20143266499508,0.001517625009000767,0.03093803900264902,11.467422231929271,87.20355628099696,28,28,False,,,False
official_ruler_niah_single_qwen25_7b,20260611_225910,8,mlx-community/Qwen2.5-7B-Instruct-4bit,qwen,mlx,4,pyramidkv,attention,128,ruler,15693,,27.240027749911206,3.3046875,False,False,0.0,False,0.0,False,string_match_all,ruler_public_string_match,True,string_match_all,0.0,0.0,0.0,317,317,253.5,387.60242324999126,108.81727633300034,11.641200425983698,0.0,23.52842337499169,0.0015587909947498702,0.03141637895896565,10.995429622042936,90.94687832799764,28,28,False,,,False
official_ruler_niah_single_qwen25_7b,20260611_225910,9,mlx-community/Qwen2.5-7B-Instruct-4bit,qwen,mlx,4,pyramidkv,attention,128,ruler,15690,,22.67116267165818,3.12109375,False,False,0.0,False,0.0,False,string_match_all,ruler_public_string_match,True,string_match_all,0.0,0.0,0.0,317,317,253.5,383.25615695799934,108.47779250000167,9.032332664981368,0.0,23.141853455003,0.001574039997649379,0.04072083099890733,14.17131152578779,70.56509894516694,28,28,False,,,False
official_ruler_niah_single_qwen25_7b,20260611_225910,10,mlx-community/Qwen2.5-7B-Instruct-4bit,qwen,mlx,4,pyramidkv,attention,128,ruler,15687,,43.19069160819034,3.765625,False,False,0.0,False,0.0,False,string_match_all,ruler_public_string_match,True,string_match_all,0.0,0.0,0.0,317,317,253.5,383.542035749997,109.06821295899863,9.026412702951347,0.0,23.69562970699917,0.0015332500042859465,0.031957831990439445,14.180605763588463,70.5188492418074,28,28,False,,,False
official_ruler_niah_single_qwen25_7b,20260611_225910,11,mlx-community/Qwen2.5-7B-Instruct-4bit,qwen,mlx,4,pyramidkv,attention,128,ruler,15684,,20.085536923187668,3.0,False,False,0.0,False,0.0,False,string_match_all,ruler_public_string_match,True,string_match_all,0.0,0.0,0.0,317,317,253.5,388.34989424900414,107.7672537920007,12.396624047985824,0.0,22.61227770998812,0.001541582983918488,0.029897997999796644,10.325391776384246,96.84862537488925,28,28,False,,,False
official_ruler_niah_single_qwen25_7b,20260611_225910,12,mlx-community/Qwen2.5-7B-Instruct-4bit,qwen,mlx,4,pyramidkv,attention,128,ruler,15687,,28.883810562338418,3.36328125,False,False,0.0,False,0.0,False,string_match_all,ruler_public_string_match,True,string_match_all,0.0,0.0,0.0,317,317,253.5,386.76612395900884,109.46724216599978,10.798080701038998,0.0,24.357994250989577,0.001561666009365581,0.0291757509985473,11.853958452790945,84.36000547686717,28,28,False,,,False
official_ruler_niah_single_qwen25_7b,20260611_225910,13,mlx-community/Qwen2.5-7B-Instruct-4bit,qwen,mlx,4,pyramidkv,attention,128,ruler,15684,,15.490615283867873,2.740234375,False,False,0.0,False,0.0,False,string_match_all,ruler_public_string_match,True,string_match_all,0.0,0.0,0.0,317,317,253.5,381.16617087499617,107.77655554100784,10.15475292094925,0.0,22.67751237700577,0.0017455420093028806,0.036182619995088317,12.6049349498141,79.33400719491601,28,28,False,,,False
official_ruler_niah_single_qwen25_7b,20260611_225910,14,mlx-community/Qwen2.5-7B-Instruct-4bit,qwen,mlx,4,pyramidkv,attention,128,ruler,15687,,76.24748070444613,4.333984375,False,False,0.0,False,0.0,False,string_match_all,ruler_public_string_match,True,string_match_all,0.0,0.0,0.0,317,317,253.5,383.07776549999835,108.82148420900194,8.849889040044218,0.0,23.35845412598428,0.0015130829997360706,0.024671083025168628,14.463458176799973,69.13975812534545,28,28,False,,,False
official_ruler_niah_single_qwen25_7b,20260611_225910,15,mlx-community/Qwen2.5-7B-Instruct-4bit,qwen,mlx,4,pyramidkv,attention,128,ruler,15684,,17.51891667538985,2.86328125,False,False,0.0,False,0.0,False,string_match_all,ruler_public_string_match,True,string_match_all,0.0,0.0,0.0,317,317,253.5,385.95240320899757,108.45873379099794,12.15599187099724,0.0,23.2974396260106,0.0015283739849110134,0.029257751994009595,10.529786574256672,94.96868649216594,28,28,False,,,False
official_ruler_niah_single_qwen25_7b,20260611_225910,16,mlx-community/Qwen2.5-7B-Instruct-4bit,qwen,mlx,4,pyramidkv,attention,128,ruler,15684,,23.71281513502692,3.166015625,False,False,0.0,False,0.0,False,string_match_all,ruler_public_string_match,True,string_match_all,0.0,0.0,0.0,317,317,253.5,386.24349070900644,107.77347537500464,11.761162740061991,0.0,22.631303748006758,0.0015564150162390433,0.030523292007273994,10.883277685121577,91.8840839067343,28,28,False,,,False
official_ruler_niah_single_qwen25_7b,20260611_225910,17,mlx-community/Qwen2.5-7B-Instruct-4bit,qwen,mlx,4,pyramidkv,attention,128,ruler,15684,,13.223972090529857,2.58203125,False,False,0.0,False,0.0,False,string_match_all,ruler_public_string_match,True,string_match_all,0.0,0.0,0.0,317,317,253.5,387.0853094589984,108.3318288340015,10.568854541910696,0.0,23.22111112598941,0.0015713320099166594,0.03400741599762114,12.111057020646577,82.56917610867731,28,28,False,,,False
official_ruler_niah_single_qwen25_7b,20260611_225910,18,mlx-community/Qwen2.5-7B-Instruct-4bit,qwen,mlx,4,pyramidkv,attention,128,ruler,15696,,51.99626426796157,3.951171875,False,False,0.0,False,0.0,False,string_match_all,ruler_public_string_match,True,string_match_all,0.0,0.0,0.0,317,317,253.5,386.77624233299866,108.48881416800577,9.664423584974429,0.0,23.183092714010854,0.0015075820192578249,0.03085716194618726,13.244452591979252,75.50330925761273,28,28,False,,,False
official_ruler_niah_single_qwen25_7b,20260611_225910,19,mlx-community/Qwen2.5-7B-Instruct-4bit,qwen,mlx,4,pyramidkv,attention,128,ruler,15687,,28.827451925481085,3.361328125,False,False,0.0,False,0.0,False,string_match_all,ruler_public_string_match,True,string_match_all,0.0,0.0,0.0,317,317,253.5,399.1682324170033,107.26660474900564,14.1570115799841,0.0,23.741039122985967,0.001622754025447648,0.03010825300589204,9.041456191289189,110.60165296862579,28,28,False,,,False
official_ruler_niah_single_qwen25_7b,20260611_225910,0,mlx-community/Qwen2.5-7B-Instruct-4bit,qwen,mlx,4,l2_prefill_only,geometry,128,ruler,15687,,5.555807349639592,1.71484375,True,False,0.0,True,100.0,True,string_match_all,ruler_public_string_match,True,string_match_all,100.0,0.0,0.0,128,128,128.0,178.42735054100194,83.46962933299801,5.494769172953966,2.41356392500893,0.03830506792291999,0.02955680609011324,0.9726751317939488,23.294882090777204,42.927884163702856,3612,3612,False,,,False
official_ruler_niah_single_qwen25_7b,20260611_225910,1,mlx-community/Qwen2.5-7B-Instruct-4bit,qwen,mlx,4,l2_prefill_only,geometry,128,ruler,15693,,6.5976844726682025,1.88671875,True,False,0.0,True,100.0,True,string_match_all,ruler_public_string_match,True,string_match_all,100.0,0.0,0.0,128,128,128.0,183.5495420839943,84.39583187500102,5.5108453320135595,2.3638334529532585,0.03487833597318968,0.02920380608702544,0.9672962002150598,23.226926594441583,43.053479156355934,3612,3612,False,,,False
official_ruler_niah_single_qwen25_7b,20260611_225910,2,mlx-community/Qwen2.5-7B-Instruct-4bit,qwen,mlx,4,l2_prefill_only,geometry,128,ruler,15687,,5.322137455434696,1.671875,True,False,0.0,True,100.0,True,string_match_all,ruler_public_string_match,True,string_match_all,100.0,0.0,0.0,128,128,128.0,179.7232073329942,85.06210066700442,5.4843165460042655,2.3607287960112444,0.03526861482532695,0.02960907603119267,0.9655768930824706,23.339280095576825,42.846223015658325,3612,3612,False,,,False
official_ruler_niah_single_qwen25_7b,20260611_225910,3,mlx-community/Qwen2.5-7B-Instruct-4bit,qwen,mlx,4,l2_prefill_only,geometry,128,ruler,15687,,4.770733181967603,1.5625,True,False,0.0,True,100.0,True,string_match_all,ruler_public_string_match,True,string_match_all,100.0,0.0,0.0,128,128,128.0,180.1773139989964,84.96349616600492,5.616556330984167,2.34649837003235,0.03464210029778769,0.029369500851316843,0.9474601729089045,22.78976519720422,43.87934633581381,3612,3612,False,,,False
official_ruler_niah_single_qwen25_7b,20260611_225910,4,mlx-community/Qwen2.5-7B-Instruct-4bit,qwen,mlx,4,l2_prefill_only,geometry,128,ruler,15687,,6.847119993775209,1.923828125,True,False,0.01904761904761905,True,100.0,True,string_match_all,ruler_public_string_match,True,string_match_all,100.0,0.0,0.0,128,128,128.0,180.509741707996,85.32213300000149,5.582409620947146,2.3957841729497886,0.034624217929376755,0.029002070914430078,0.9644648060057079,22.929166559132348,43.61257516364958,3612,3612,False,,,False
official_ruler_niah_single_qwen25_7b,20260611_225910,5,mlx-community/Qwen2.5-7B-Instruct-4bit,qwen,mlx,4,l2_prefill_only,geometry,128,ruler,15690,,5.63228727393077,1.728515625,True,False,0.0,True,100.0,True,string_match_all,ruler_public_string_match,True,string_match_all,100.0,0.0,0.0,128,128,128.0,180.29760191600508,85.39382954200119,5.6235870909222285,2.3549044160026824,0.03508062478067586,0.029270318016642705,0.9596106302342378,22.761272819375666,43.93427414782991,3612,3612,False,,,False
official_ruler_niah_single_qwen25_7b,20260611_225910,6,mlx-community/Qwen2.5-7B-Instruct-4bit,qwen,mlx,4,l2_prefill_only,geometry,128,ruler,15690,,4.8364059617471185,1.576171875,True,False,0.0,True,100.0,True,string_match_all,ruler_public_string_match,True,string_match_all,100.0,0.0,0.0,128,128,128.0,179.66613649999636,84.95831016699958,5.586625133044436,2.386895304029167,0.03430010297597619,0.029099161976773757,0.9648473797351471,22.911864847149015,43.64550885190965,3612,3612,False,,,False
official_ruler_niah_single_qwen25_7b,20260611_225910,7,mlx-community/Qwen2.5-7B-Instruct-4bit,qwen,mlx,4,l2_prefill_only,geometry,128,ruler,15687,,4.651126158960652,1.537109375,True,False,0.02197802197802198,True,100.0,True,string_match_all,ruler_public_string_match,True,string_match_all,100.0,0.0,0.0,128,128,128.0,178.92006441699777,84.56577804099652,5.582476241048425,2.3918086589837912,0.03461554913519649,0.029171440975915175,0.9632823850042769,22.928892927264975,43.613095633190824,3612,3612,False,,,False
official_ruler_niah_single_qwen25_7b,20260611_225910,8,mlx-community/Qwen2.5-7B-Instruct-4bit,qwen,mlx,4,l2_prefill_only,geometry,128,ruler,15693,,4.999685447724227,1.609375,True,False,0.02222222222222222,True,100.0,True,string_match_all,ruler_public_string_match,True,string_match_all,100.0,0.0,0.0,128,128,128.0,179.26867804100766,84.65183916699607,5.603833171982842,2.4080375480116345,0.034609215865202714,0.02955902299436275,0.9957737888980773,22.841507959222294,43.77994665611595,3612,3612,False,,,False
official_ruler_niah_single_qwen25_7b,20260611_225910,9,mlx-community/Qwen2.5-7B-Instruct-4bit,qwen,mlx,4,l2_prefill_only,geometry,128,ruler,15690,,5.687559524110652,1.73828125,True,False,0.020408163265306124,True,100.0,True,string_match_all,ruler_public_string_match,True,string_match_all,100.0,0.0,0.0,128,128,128.0,180.2021620000014,85.00052804200095,6.0762757109696395,2.3671304999952554,0.03543302415346261,0.02988491769792745,0.9606120239986922,21.065535220681095,47.47090399195031,3612,3612,False,,,False
official_ruler_niah_single_qwen25_7b,20260611_225910,10,mlx-community/Qwen2.5-7B-Instruct-4bit,qwen,mlx,4,l2_prefill_only,geometry,128,ruler,15687,,5.687559524110652,1.73828125,True,False,0.0,True,100.0,True,string_match_all,ruler_public_string_match,True,string_match_all,100.0,0.0,0.0,128,128,128.0,179.9761166669996,84.92255741700501,6.042665373024647,2.3694113740639295,0.03541150142700644,0.030099466093815863,0.957805170037318,21.18270532924278,47.208323226755056,3612,3612,False,,,False
official_ruler_niah_single_qwen25_7b,20260611_225910,11,mlx-community/Qwen2.5-7B-Instruct-4bit,qwen,mlx,4,l2_prefill_only,geometry,128,ruler,15684,,5.038898466692391,1.6171875,True,False,0.0,True,100.0,True,string_match_all,ruler_public_string_match,True,string_match_all,100.0,0.0,0.0,128,128,128.0,180.05968129100074,84.92587054199976,6.059683378000045,2.3887809139923775,0.03512925609538797,0.029920252025476657,0.9637182263541035,21.123215853935502,47.34127639062535,3612,3612,False,,,False
official_ruler_niah_single_qwen25_7b,20260611_225910,12,mlx-community/Qwen2.5-7B-Instruct-4bit,qwen,mlx,4,l2_prefill_only,geometry,128,ruler,15687,,6.623507079583559,1.890625,True,False,0.02197802197802198,True,100.0,True,string_match_all,ruler_public_string_match,True,string_match_all,100.0,0.0,0.0,128,128,128.0,179.52140675100236,84.81663608300005,5.614178672964044,2.3676995059577166,0.03444334720552433,0.02898447427287465,0.9566593653216842,22.79941687933874,43.8607708825316,3612,3612,False,,,False
official_ruler_niah_single_qwen25_7b,20260611_225910,13,mlx-community/Qwen2.5-7B-Instruct-4bit,qwen,mlx,4,l2_prefill_only,geometry,128,ruler,15684,,5.84522448197963,1.765625,True,False,0.0,True,100.0,True,string_match_all,ruler_public_string_match,True,string_match_all,100.0,0.0,0.0,128,128,128.0,179.38014866700541,84.74470858299901,5.579927082042559,2.400216252950486,0.034347123102634214,0.028998033500101883,0.96496897610632,22.939367865922897,43.59318032845749,3612,3612,False,,,False
official_ruler_niah_single_qwen25_7b,20260611_225910,14,mlx-community/Qwen2.5-7B-Instruct-4bit,qwen,mlx,4,l2_prefill_only,geometry,128,ruler,15687,,4.360803153871534,1.47265625,True,False,0.0,True,100.0,True,string_match_all,ruler_public_string_match,True,string_match_all,100.0,0.0,0.0,128,128,128.0,182.419840750008,84.72715512499417,5.632882253026764,2.353874923035619,0.034156035086198244,0.028861634142231196,0.9574066952482099,22.723713056707457,44.0068926017716,3612,3612,False,,,False
official_ruler_niah_single_qwen25_7b,20260611_225910,15,mlx-community/Qwen2.5-7B-Instruct-4bit,qwen,mlx,4,l2_prefill_only,geometry,128,ruler,15684,,6.76734862959388,1.912109375,True,False,0.0,True,100.0,True,string_match_all,ruler_public_string_match,True,string_match_all,100.0,0.0,0.0,128,128,128.0,175.08467487600137,82.63329104200238,5.434356501988077,2.358996332011884,0.03507507698668633,0.029375390193308704,0.9558411729158252,23.553846707181087,42.45591017178185,3612,3612,False,,,False
official_ruler_niah_single_qwen25_7b,20260611_225910,16,mlx-community/Qwen2.5-7B-Instruct-4bit,qwen,mlx,4,l2_prefill_only,geometry,128,ruler,15684,,5.555807349639592,1.71484375,True,False,0.0,True,100.0,True,string_match_all,ruler_public_string_match,True,string_match_all,100.0,0.0,0.0,128,128,128.0,175.43775150000147,82.84735633300443,5.434330590011086,2.369067002997326,0.034397049668768886,0.028895680872665253,0.9948894940462196,23.553959016641066,42.45570773446161,3612,3612,False,,,False
official_ruler_niah_single_qwen25_7b,20260611_225910,17,mlx-community/Qwen2.5-7B-Instruct-4bit,qwen,mlx,4,l2_prefill_only,geometry,128,ruler,15684,,4.687605393544834,1.544921875,True,False,0.0,True,100.0,True,string_match_all,ruler_public_string_match,True,string_match_all,100.0,0.0,0.0,128,128,128.0,175.96117166600743,83.11095487499551,5.792555953012197,2.3181230390036944,0.035042961077124346,0.029166270047426224,0.9504606069604051,22.09732647182087,45.25434338290779,3612,3612,False,,,False
official_ruler_niah_single_qwen25_7b,20260611_225910,18,mlx-community/Qwen2.5-7B-Instruct-4bit,qwen,mlx,4,l2_prefill_only,geometry,128,ruler,15696,,5.925688453768672,1.779296875,True,False,0.0,True,100.0,True,string_match_all,ruler_public_string_match,True,string_match_all,100.0,0.0,0.0,128,128,128.0,179.0053895000019,83.8446564170008,6.048942533911031,2.3787313769717002,0.03832012214115821,0.03026886805309914,0.9650803056065342,21.16072342932968,47.25736354617993,3612,3612,False,,,False
official_ruler_niah_single_qwen25_7b,20260611_225910,19,mlx-community/Qwen2.5-7B-Instruct-4bit,qwen,mlx,4,l2_prefill_only,geometry,128,ruler,15687,,4.980193521397919,1.60546875,True,False,0.020408163265306124,True,100.0,True,string_match_all,ruler_public_string_match,True,string_match_all,100.0,0.0,0.0,128,128,128.0,180.70978695900703,85.0565867500045,5.987547663047735,2.3704925339552574,0.034649458655621856,0.029399176077276934,0.9554213527735556,21.37770038808283,46.77771611756043,3612,3612,False,,,False
official_ruler_niah_single_qwen25_7b,20260611_225910,0,mlx-community/Qwen2.5-7B-Instruct-4bit,qwen,mlx,4,l2_key_prefill_only,geometry,128,ruler,15687,,5.698678894031116,1.740234375,True,False,0.0,True,100.0,True,string_match_all,ruler_public_string_match,True,string_match_all,100.0,0.0,0.0,128,128,128.0,178.73031058299966,85.53375362499355,5.698774462987785,2.3508269950107206,0.034677510062465444,0.02916204574285075,0.9583960101517732,22.460969605189717,44.52167549209207,3612,3612,False,,,False
official_ruler_niah_single_qwen25_7b,20260611_225910,1,mlx-community/Qwen2.5-7B-Instruct-4bit,qwen,mlx,4,l2_key_prefill_only,geometry,128,ruler,15693,,6.234373699944722,1.830078125,True,False,0.02469135802469136,True,100.0,True,string_match_all,ruler_public_string_match,True,string_match_all,100.0,0.0,0.0,128,128,128.0,175.82529558399983,83.00386583300133,5.8907323780003935,2.3873233660124242,0.03483838608372025,0.029324602051929105,0.978447248962766,21.72904688015203,46.021346703128074,3612,3612,False,,,False
official_ruler_niah_single_qwen25_7b,20260611_225910,2,mlx-community/Qwen2.5-7B-Instruct-4bit,qwen,mlx,4,l2_key_prefill_only,geometry,128,ruler,15687,,5.676461850514849,1.736328125,True,False,0.0,True,100.0,True,string_match_all,ruler_public_string_match,True,string_match_all,100.0,0.0,0.0,128,128,128.0,175.0565953339974,82.56313741600025,5.434052423006506,2.387991417941521,0.03438307579199318,0.02862186889979057,0.9615278488417971,23.555164734531814,42.453534554738326,3612,3612,False,,,False
official_ruler_niah_single_qwen25_7b,20260611_225910,3,mlx-community/Qwen2.5-7B-Instruct-4bit,qwen,mlx,4,l2_key_prefill_only,geometry,128,ruler,15687,,5.108262746083499,1.630859375,True,False,0.0,True,100.0,True,string_match_all,ruler_public_string_match,True,string_match_all,100.0,0.0,0.0,128,128,128.0,175.9528832079959,83.02319354099745,5.447394247996272,2.2692239170501125,0.034732146821625065,0.028911592016811483,0.9277504797501024,23.497473135358717,42.55776756247087,3612,3612,False,,,False
official_ruler_niah_single_qwen25_7b,20260611_225910,4,mlx-community/Qwen2.5-7B-Instruct-4bit,qwen,mlx,4,l2_key_prefill_only,geometry,128,ruler,15687,,6.584810946078217,1.884765625,True,False,0.0,True,100.0,True,string_match_all,ruler_public_string_match,True,string_match_all,100.0,0.0,0.0,128,128,128.0,178.38233399999444,83.57954483300273,5.462350665002305,2.337910796086362,0.034140760806621984,0.028360529024212155,0.9467056168286945,23.433134899248728,42.674614570330505,3612,3612,False,,,False
official_ruler_niah_single_qwen25_7b,20260611_225910,5,mlx-community/Qwen2.5-7B-Instruct-4bit,qwen,mlx,4,l2_key_prefill_only,geometry,128,ruler,15690,,6.234373699944722,1.830078125,True,False,0.0,True,100.0,True,string_match_all,ruler_public_string_match,True,string_match_all,100.0,0.0,0.0,128,128,128.0,183.04387283299002,86.41112775000511,6.067331536956772,2.3714854589416063,0.036260452478018124,0.031200875295326114,0.95926334822434,21.096589039240428,47.40102763247478,3612,3612,False,,,False
official_ruler_niah_single_qwen25_7b,20260611_225910,6,mlx-community/Qwen2.5-7B-Instruct-4bit,qwen,mlx,4,l2_key_prefill_only,geometry,128,ruler,15690,,5.84522448197963,1.765625,True,False,0.024999999999999998,True,100.0,True,string_match_all,ruler_public_string_match,True,string_match_all,100.0,0.0,0.0,128,128,128.0,181.95975916799944,85.93679854199581,5.650369203031005,2.364901663044293,0.034880069077189546,0.029036159903625958,0.9583094660847564,22.65338695590679,44.143509398679726,3612,3612,False,,,False
official_ruler_niah_single_qwen25_7b,20260611_225910,7,mlx-community/Qwen2.5-7B-Instruct-4bit,qwen,mlx,4,l2_key_prefill_only,geometry,128,ruler,15687,,4.6149308080322236,1.529296875,True,False,0.0,True,100.0,True,string_match_all,ruler_public_string_match,True,string_match_all,100.0,0.0,0.0,128,128,128.0,180.96538562499336,85.67897666600038,5.600264837012219,2.352995664012269,0.03489680291386321,0.029060613800538704,0.9555102319500293,22.85606194086509,43.75206903915796,3612,3612,False,,,False
official_ruler_niah_single_qwen25_7b,20260611_225910,8,mlx-community/Qwen2.5-7B-Instruct-4bit,qwen,mlx,4,l2_key_prefill_only,geometry,128,ruler,15693,,5.291044238648667,1.666015625,True,False,0.0,True,100.0,True,string_match_all,ruler_public_string_match,True,string_match_all,100.0,0.0,0.0,128,128,128.0,180.8270257910117,85.32558954200067,6.0659613789612195,2.4042039229534566,0.036004578141728416,0.029785123049805406,0.9757635971254786,21.101354262482904,47.39032327313453,3612,3612,False,,,False
official_ruler_niah_single_qwen25_7b,20260611_225910,9,mlx-community/Qwen2.5-7B-Instruct-4bit,qwen,mlx,4,l2_key_prefill_only,geometry,128,ruler,15690,,5.879574380370882,1.771484375,True,False,0.022988505747126436,True,100.0,True,string_match_all,ruler_public_string_match,True,string_match_all,100.0,0.0,0.0,128,128,128.0,180.2248094579918,84.96170458299457,6.054623289019219,2.404010916907282,0.036075813906791154,0.029969698189233895,0.9689563371211989,21.140869363770868,47.301744445462646,3612,3612,False,,,False
official_ruler_niah_single_qwen25_7b,20260611_225910,10,mlx-community/Qwen2.5-7B-Instruct-4bit,qwen,mlx,4,l2_key_prefill_only,geometry,128,ruler,15687,,5.178581877668445,1.64453125,True,False,0.02173913043478261,True,100.0,True,string_match_all,ruler_public_string_match,True,string_match_all,100.0,0.0,0.0,128,128,128.0,180.30494591601018,84.74734224999702,6.221139118082647,2.3602022070117528,0.03611837288190145,0.030039362027309835,0.9551604840526124,20.575010069771526,48.60264936002068,3612,3612,False,,,False
official_ruler_niah_single_qwen25_7b,20260611_225910,11,mlx-community/Qwen2.5-7B-Instruct-4bit,qwen,mlx,4,l2_key_prefill_only,geometry,128,ruler,15684,,5.353413393832282,1.677734375,True,False,0.024096385542168676,True,100.0,True,string_match_all,ruler_public_string_match,True,string_match_all,100.0,0.0,0.0,128,128,128.0,180.33591899999738,84.8158262500001,6.136336877003487,2.3664113980630646,0.03581250616116449,0.02981013712269487,0.9589583581109764,20.85935022239283,47.94013185158974,3612,3612,False,,,False
official_ruler_niah_single_qwen25_7b,20260611_225910,12,mlx-community/Qwen2.5-7B-Instruct-4bit,qwen,mlx,4,l2_key_prefill_only,geometry,128,ruler,15687,,6.584810946078217,1.884765625,True,False,0.024390243902439022,True,100.0,True,string_match_all,ruler_public_string_match,True,string_match_all,100.0,0.0,0.0,128,128,128.0,179.36705808300758,84.79253325000172,5.603329789955751,2.3797052839727257,0.03463289688079385,0.028900089993840083,0.9740562438164488,22.843559954198376,43.776013984029305,3612,3612,False,,,False
official_ruler_niah_single_qwen25_7b,20260611_225910,13,mlx-community/Qwen2.5-7B-Instruct-4bit,qwen,mlx,4,l2_key_prefill_only,geometry,128,ruler,15684,,5.84522448197963,1.765625,True,False,0.0,True,100.0,True,string_match_all,ruler_public_string_match,True,string_match_all,100.0,0.0,0.0,128,128,128.0,179.35329504100082,84.71800866699778,5.611678997018316,2.3663524119838257,0.03503070985607337,0.029163355015043635,0.9630206239671679,22.80957269081338,43.841242164205596,3612,3612,False,,,False
official_ruler_niah_single_qwen25_7b,20260611_225910,14,mlx-community/Qwen2.5-7B-Instruct-4bit,qwen,mlx,4,l2_key_prefill_only,geometry,128,ruler,15687,,4.543382937534215,1.513671875,True,False,0.024390243902439022,True,100.0,True,string_match_all,ruler_public_string_match,True,string_match_all,100.0,0.0,0.0,128,128,128.0,179.36755224999797,84.67273562500486,5.609575963011594,2.4020080860718735,0.035048168239882216,0.029688552851439454,0.9619711879422539,22.81812401579122,43.824812211028075,3612,3612,False,,,False
official_ruler_niah_single_qwen25_7b,20260611_225910,15,mlx-community/Qwen2.5-7B-Instruct-4bit,qwen,mlx,4,l2_key_prefill_only,geometry,128,ruler,15684,,6.887357605997627,1.9296875,True,False,0.024390243902439022,True,100.0,True,string_match_all,ruler_public_string_match,True,string_match_all,100.0,0.0,0.0,128,128,128.0,180.45427733399265,84.79416716700507,6.142111495020799,2.3682946230328525,0.036918277881341055,0.0304959150889772,0.9606175031149178,20.83973892427144,47.985246054849995,3612,3612,False,,,False
official_ruler_niah_single_qwen25_7b,20260611_225910,16,mlx-community/Qwen2.5-7B-Instruct-4bit,qwen,mlx,4,l2_key_prefill_only,geometry,128,ruler,15684,,5.0784190371800815,1.625,True,False,0.0,True,100.0,True,string_match_all,ruler_public_string_match,True,string_match_all,100.0,0.0,0.0,128,128,128.0,179.52280712500215,84.84764787500171,5.621833665027225,2.364386625078623,0.035853343091730494,0.029639539490744937,0.9560377150046406,22.76837196309687,43.920575508025195,3612,3612,False,,,False
official_ruler_niah_single_qwen25_7b,20260611_225910,17,mlx-community/Qwen2.5-7B-Instruct-4bit,qwen,mlx,4,l2_key_prefill_only,geometry,128,ruler,15684,,4.980193521397919,1.60546875,True,False,0.0,True,100.0,True,string_match_all,ruler_public_string_match,True,string_match_all,100.0,0.0,0.0,128,128,128.0,179.9163691250069,84.70759299999918,5.6403468300632085,2.4088557960130856,0.03541827775188722,0.029399364961136598,0.9932191800398869,22.693639922594187,44.065209609868816,3612,3612,False,,,False
official_ruler_niah_single_qwen25_7b,20260611_225910,18,mlx-community/Qwen2.5-7B-Instruct-4bit,qwen,mlx,4,l2_key_prefill_only,geometry,128,ruler,15696,,5.914126138506464,1.77734375,True,False,0.02,True,100.0,True,string_match_all,ruler_public_string_match,True,string_match_all,100.0,0.0,0.0,128,128,128.0,180.54012224999315,85.1448940420014,6.099732332011627,2.399189925097744,0.035959627784905024,0.03022142375994008,0.9747129499228322,20.98452735839754,47.65415884384083,3612,3612,False,,,False
official_ruler_niah_single_qwen25_7b,20260611_225910,19,mlx-community/Qwen2.5-7B-Instruct-4bit,qwen,mlx,4,l2_key_prefill_only,geometry,128,ruler,15687,,5.029066472806668,1.615234375,True,False,0.022727272727272724,True,100.0,True,string_match_all,ruler_public_string_match,True,string_match_all,100.0,0.0,0.0,128,128,128.0,180.32227012500516,85.20985074999771,6.0661251280180295,2.3569810350236367,0.03539753524819389,0.0297457900524023,0.954491281278024,21.100784652264686,47.391602562640855,3612,3612,False,,,False
official_ruler_niah_single_qwen25_7b,20260611_225910,0,mlx-community/Qwen2.5-7B-Instruct-4bit,qwen,mlx,4,l2_leverage,geometry,128,ruler,15687,,5.448348308054142,1.6953125,True,False,0.0,True,100.0,True,string_match_all,ruler_public_string_match,True,string_match_all,100.0,0.0,0.0,128,128,128.0,180.82708154099237,84.68876762499713,5.612894084995787,3.8779833349544788,0.03749167093337746,0.032213704944297206,0.9678424960075063,22.804634839300743,43.85073503902959,3612,3612,False,,,False
official_ruler_niah_single_qwen25_7b,20260611_225910,1,mlx-community/Qwen2.5-7B-Instruct-4bit,qwen,mlx,4,l2_leverage,geometry,128,ruler,15693,,6.701582885090683,1.90234375,True,False,0.02197802197802198,True,100.0,True,string_match_all,ruler_public_string_match,True,string_match_all,100.0,0.0,0.0,128,128,128.0,181.81174166600977,85.08666045800055,6.071639242996753,3.8123946330233593,0.03759979258029489,0.03193440012546489,0.9615488420604379,21.08162143322988,47.43468158591213,3612,3612,False,,,False
official_ruler_niah_single_qwen25_7b,20260611_225910,2,mlx-community/Qwen2.5-7B-Instruct-4bit,qwen,mlx,4,l2_leverage,geometry,128,ruler,15687,,5.301388407866708,1.66796875,True,False,0.02985074626865672,True,100.0,True,string_match_all,ruler_public_string_match,True,string_match_all,100.0,0.0,0.0,128,128,128.0,180.84636554299504,84.76615974999731,5.597137163946172,3.885278575042321,0.036821768968366086,0.0312644006771734,0.9757348737330176,22.868833878953154,43.72763409332947,3612,3612,False,,,False
official_ruler_niah_single_qwen25_7b,20260611_225910,3,mlx-community/Qwen2.5-7B-Instruct-4bit,qwen,mlx,4,l2_leverage,geometry,128,ruler,15687,,4.789405303704607,1.56640625,True,False,0.0196078431372549,True,100.0,True,string_match_all,ruler_public_string_match,True,string_match_all,100.0,0.0,0.0,128,128,128.0,180.86801216700405,84.7791301660036,5.658035008003935,3.8087931740665226,0.03709954782971181,0.03164795058546588,0.9553122378638363,22.62269494955924,44.203398500030744,3612,3612,False,,,False
official_ruler_niah_single_qwen25_7b,20260611_225910,4,mlx-community/Qwen2.5-7B-Instruct-4bit,qwen,mlx,4,l2_leverage,geometry,128,ruler,15687,,7.203805117768055,1.974609375,True,False,0.020202020202020204,True,100.0,True,string_match_all,ruler_public_string_match,True,string_match_all,100.0,0.0,0.0,128,128,128.0,180.807926417001,84.75712929199653,5.626125248047174,3.78891350406775,0.036477917798038106,0.03137233503366588,0.9555542399320984,22.751004351427966,43.95410350036855,3612,3612,False,,,False
official_ruler_niah_single_qwen25_7b,20260611_225910,5,mlx-community/Qwen2.5-7B-Instruct-4bit,qwen,mlx,4,l2_leverage,geometry,128,ruler,15690,,5.63228727393077,1.728515625,True,False,0.020408163265306124,True,100.0,True,string_match_all,ruler_public_string_match,True,string_match_all,100.0,0.0,0.0,128,128,128.0,182.08506050000142,85.20227724999859,6.070920332960668,3.82726041485148,0.03760860887996387,0.03204259595804615,0.9701490349325468,21.084117889845036,47.42906510125522,3612,3612,False,,,False
official_ruler_niah_single_qwen25_7b,20260611_225910,6,mlx-community/Qwen2.5-7B-Instruct-4bit,qwen,mlx,4,l2_leverage,geometry,128,ruler,15690,,4.883867859070157,1.5859375,True,False,0.0,True,100.0,True,string_match_all,ruler_public_string_match,True,string_match_all,100.0,0.0,0.0,128,128,128.0,181.38961891699728,85.00641912500578,5.6063325380091555,3.863156670013268,0.037163644992688205,0.03173647819494363,0.9614235737535637,22.831324958375305,43.79947295319653,3612,3612,False,,,False
official_ruler_niah_single_qwen25_7b,20260611_225910,7,mlx-community/Qwen2.5-7B-Instruct-4bit,qwen,mlx,4,l2_leverage,geometry,128,ruler,15687,,4.660219266837412,1.5390625,True,False,0.0,True,100.0,True,string_match_all,ruler_public_string_match,True,string_match_all,100.0,0.0,0.0,128,128,128.0,181.04342520800856,84.87329804100591,5.596261865961424,3.8462903700128663,0.036607654074032325,0.030937369076127652,0.9599233150147484,22.87241073877266,43.72079582782362,3612,3612,False,,,False
official_ruler_niah_single_qwen25_7b,20260611_225910,8,mlx-community/Qwen2.5-7B-Instruct-4bit,qwen,mlx,4,l2_leverage,geometry,128,ruler,15693,,5.1483273473571085,1.638671875,True,False,0.0,True,100.0,True,string_match_all,ruler_public_string_match,True,string_match_all,100.0,0.0,0.0,128,128,128.0,182.04162191700743,85.0968187920007,6.093754337001883,3.8323988280099,0.03922280503320508,0.03268071557977237,0.964514714301913,21.005113255513315,47.60745575782721,3612,3612,False,,,False
official_ruler_niah_single_qwen25_7b,20260611_225910,9,mlx-community/Qwen2.5-7B-Instruct-4bit,qwen,mlx,4,l2_leverage,geometry,128,ruler,15690,,5.676461850514849,1.736328125,True,False,0.0,True,100.0,True,string_match_all,ruler_public_string_match,True,string_match_all,100.0,0.0,0.0,128,128,128.0,182.0798210829962,85.19413024999812,6.074296372047684,3.807101912032522,0.03762030732468702,0.032074480288429186,0.9580012622245704,21.072399527461712,47.45544040662253,3612,3612,False,,,False
official_ruler_niah_single_qwen25_7b,20260611_225910,10,mlx-community/Qwen2.5-7B-Instruct-4bit,qwen,mlx,4,l2_leverage,geometry,128,ruler,15687,,5.5125717138305035,1.70703125,True,False,0.0,True,100.0,True,string_match_all,ruler_public_string_match,True,string_match_all,100.0,0.0,0.0,128,128,128.0,181.99234712500765,85.25539995899453,6.079920998017769,3.820794038962049,0.038408259890275076,0.03276958005153574,0.9652194928712561,21.05290513507194,47.49938279701382,3612,3612,False,,,False
official_ruler_niah_single_qwen25_7b,20260611_225910,11,mlx-community/Qwen2.5-7B-Instruct-4bit,qwen,mlx,4,l2_leverage,geometry,128,ruler,15684,,5.038898466692391,1.6171875,True,False,0.0,True,100.0,True,string_match_all,ruler_public_string_match,True,string_match_all,100.0,0.0,0.0,128,128,128.0,181.75103945799492,85.03833600000507,6.077065295015927,3.809872705976886,0.03752327091933694,0.031790098975761794,0.9664333890541457,21.062798207052097,47.47707261731193,3612,3612,False,,,False
official_ruler_niah_single_qwen25_7b,20260611_225910,12,mlx-community/Qwen2.5-7B-Instruct-4bit,qwen,mlx,4,l2_leverage,geometry,128,ruler,15687,,6.508095574867789,1.873046875,True,False,0.023255813953488372,True,100.0,True,string_match_all,ruler_public_string_match,True,string_match_all,100.0,0.0,0.0,128,128,128.0,181.19157562399778,84.92634358299983,5.5979061179823475,3.829112544968666,0.03626336581510259,0.030844556022202596,0.9518254878348671,22.865692511137542,43.73364154673709,3612,3612,False,,,False
official_ruler_niah_single_qwen25_7b,20260611_225910,13,mlx-community/Qwen2.5-7B-Instruct-4bit,qwen,mlx,4,l2_leverage,geometry,128,ruler,15684,,5.84522448197963,1.765625,True,False,0.0,True,100.0,True,string_match_all,ruler_public_string_match,True,string_match_all,100.0,0.0,0.0,128,128,128.0,181.2137640830042,84.96466795799643,5.594618624949362,3.8200487100039027,0.03718619003484491,0.03192318901710678,0.9841859819935053,22.879128780857435,43.70795800741689,3612,3612,False,,,False
official_ruler_niah_single_qwen25_7b,20260611_225910,14,mlx-community/Qwen2.5-7B-Instruct-4bit,qwen,mlx,4,l2_leverage,geometry,128,ruler,15687,,4.4035977400109205,1.482421875,True,False,0.0,True,100.0,True,string_match_all,ruler_public_string_match,True,string_match_all,100.0,0.0,0.0,128,128,128.0,181.68998879099672,84.99408958399727,5.6920872049668105,3.764102004948654,0.03774093879474094,0.0320804940056405,0.942803271842422,22.487357517697472,44.46943128880321,3612,3612,False,,,False
official_ruler_niah_single_qwen25_7b,20260611_225910,15,mlx-community/Qwen2.5-7B-Instruct-4bit,qwen,mlx,4,l2_leverage,geometry,128,ruler,15684,,6.701582885090683,1.90234375,True,False,0.0,True,100.0,True,string_match_all,ruler_public_string_match,True,string_match_all,100.0,0.0,0.0,128,128,128.0,182.1364519169947,85.25394970899652,5.677377629028342,3.775091215116845,0.03712550672207726,0.031557934744341765,0.9462237108527916,22.54562024296887,44.35451272678392,3612,3612,False,,,False
official_ruler_niah_single_qwen25_7b,20260611_225910,16,mlx-community/Qwen2.5-7B-Instruct-4bit,qwen,mlx,4,l2_leverage,geometry,128,ruler,15684,,5.5666691396332775,1.716796875,True,False,0.0,True,100.0,True,string_match_all,ruler_public_string_match,True,string_match_all,100.0,0.0,0.0,128,128,128.0,183.6747485829983,85.65570512500562,5.555867547023809,3.7863905370395514,0.03669856016495032,0.032426700032374356,0.9465602919226512,23.038706181641714,43.405215211123505,3612,3612,False,,,False
official_ruler_niah_single_qwen25_7b,20260611_225910,17,mlx-community/Qwen2.5-7B-Instruct-4bit,qwen,mlx,4,l2_leverage,geometry,128,ruler,15684,,4.669330152045518,1.541015625,True,False,0.0,True,100.0,True,string_match_all,ruler_public_string_match,True,string_match_all,100.0,0.0,0.0,128,128,128.0,187.19665204200282,87.72728370899858,5.442825470003299,3.802196494048985,0.03575885488680797,0.03157693918183213,0.9450434009631863,23.517197217775642,42.52207398440078,3612,3612,False,,,False
official_ruler_niah_single_qwen25_7b,20260611_225910,18,mlx-community/Qwen2.5-7B-Instruct-4bit,qwen,mlx,4,l2_leverage,geometry,128,ruler,15696,,5.948880942630247,1.783203125,True,False,0.0,True,100.0,True,string_match_all,ruler_public_string_match,True,string_match_all,100.0,0.0,0.0,128,128,128.0,185.68996700100251,88.22923141700448,5.923984292974637,3.775169790023938,0.03752231608814327,0.033074795675929636,0.9420347098857746,21.607079571733095,46.281127288864354,3612,3612,False,,,False
official_ruler_niah_single_qwen25_7b,20260611_225910,19,mlx-community/Qwen2.5-7B-Instruct-4bit,qwen,mlx,4,l2_leverage,geometry,128,ruler,15687,,5.1483273473571085,1.638671875,True,False,0.0,True,100.0,True,string_match_all,ruler_public_string_match,True,string_match_all,100.0,0.0,0.0,128,128,128.0,181.57856412499677,84.6925102499954,6.118460127014259,3.681901504052803,0.03845433154492639,0.03212475508189527,0.9192229929030873,20.920296503176296,47.8004697422989,3612,3612,False,,,False
official_ruler_niah_single_qwen25_7b,20260611_225910,0,mlx-community/Qwen2.5-7B-Instruct-4bit,qwen,mlx,4,l1_prefill_only,geometry,128,ruler,15687,,5.765853117540196,1.751953125,True,False,0.024999999999999998,True,100.0,True,string_match_all,ruler_public_string_match,True,string_match_all,100.0,0.0,0.0,128,128,128.0,177.85873716700735,84.4965994170052,5.590177001016855,2.409987582046597,0.2777577361339354,0.028780481850844808,0.9934388729307102,22.89730718306715,43.67325782044418,3612,3612,False,,,False
official_ruler_niah_single_qwen25_7b,20260611_225910,1,mlx-community/Qwen2.5-7B-Instruct-4bit,qwen,mlx,4,l1_prefill_only,geometry,128,ruler,15693,,6.780579023486763,1.9140625,True,False,0.0,True,100.0,True,string_match_all,ruler_public_string_match,True,string_match_all,100.0,0.0,0.0,128,128,128.0,179.26626991700323,85.10059375000128,6.044300748013484,2.4088932190279593,0.31363868498738157,0.029459305878845043,0.9509718058470753,21.17697403493173,47.22109959385534,3612,3612,False,,,False
official_ruler_niah_single_qwen25_7b,20260611_225910,2,mlx-community/Qwen2.5-7B-Instruct-4bit,qwen,mlx,4,l1_prefill_only,geometry,128,ruler,15687,,4.69676981955058,1.546875,True,False,0.0,True,100.0,True,string_match_all,ruler_public_string_match,True,string_match_all,100.0,0.0,0.0,128,128,128.0,178.50880562500242,84.79630929099949,5.608567503026279,2.356379041004402,0.25790954897820484,0.02955978620593669,0.9386972490829066,22.82222687538905,43.816933617392806,3612,3612,False,,,False
official_ruler_niah_single_qwen25_7b,20260611_225910,3,mlx-community/Qwen2.5-7B-Instruct-4bit,qwen,mlx,4,l1_prefill_only,geometry,128,ruler,15687,,5.009460000718975,1.611328125,True,False,0.023255813953488372,True,100.0,True,string_match_all,ruler_public_string_match,True,string_match_all,100.0,0.0,0.0,128,128,128.0,178.08244166700024,84.78174037500139,5.7440032869781135,2.383043128058489,0.26890767592703924,0.02911207360739354,0.9476571248887922,22.284109810692684,44.87502567951651,3612,3612,False,,,False
official_ruler_niah_single_qwen25_7b,20260611_225910,4,mlx-community/Qwen2.5-7B-Instruct-4bit,qwen,mlx,4,l1_prefill_only,geometry,128,ruler,15687,,6.584810946078217,1.884765625,True,False,0.02150537634408602,True,100.0,True,string_match_all,ruler_public_string_match,True,string_match_all,100.0,0.0,0.0,128,128,128.0,177.94354004200432,84.6214383330007,5.63288041902706,2.3705885379531537,0.2500250110460911,0.029082351735269185,0.9524666717697983,22.72372045528153,44.00687827364891,3612,3612,False,,,False
official_ruler_niah_single_qwen25_7b,20260611_225910,5,mlx-community/Qwen2.5-7B-Instruct-4bit,qwen,mlx,4,l1_prefill_only,geometry,128,ruler,15690,,5.8566520921888525,1.767578125,True,False,0.02469135802469136,True,100.0,True,string_match_all,ruler_public_string_match,True,string_match_all,100.0,0.0,0.0,128,128,128.0,178.98255479100771,85.31933150000259,5.629264501985745,2.40483175200643,0.2572849139542086,0.029353971913224086,0.9504435787312104,22.73831687156422,43.97862892176363,3612,3612,False,,,False
official_ruler_niah_single_qwen25_7b,20260611_225910,6,mlx-community/Qwen2.5-7B-Instruct-4bit,qwen,mlx,4,l1_prefill_only,geometry,128,ruler,15690,,5.676461850514849,1.736328125,True,False,0.0,True,100.0,True,string_match_all,ruler_public_string_match,True,string_match_all,100.0,0.0,0.0,128,128,128.0,178.83907233299396,85.10348725000222,5.606692745059263,2.3386165849879035,0.248239124121028,0.02976457791373832,0.935635160014499,22.829858139238382,43.80228707077549,3612,3612,False,,,False
official_ruler_niah_single_qwen25_7b,20260611_225910,7,mlx-community/Qwen2.5-7B-Instruct-4bit,qwen,mlx,4,l1_prefill_only,geometry,128,ruler,15687,,4.001697915783243,1.38671875,True,False,0.0,True,100.0,True,string_match_all,ruler_public_string_match,True,string_match_all,100.0,0.0,0.0,128,128,128.0,178.72474758300086,85.0346137910019,5.623856131001958,2.4051675489899935,0.2539224972570082,0.02943224212503992,0.9502535321880714,22.760183941119998,43.936376023452794,3612,3612,False,,,False
official_ruler_niah_single_qwen25_7b,20260611_225910,8,mlx-community/Qwen2.5-7B-Instruct-4bit,qwen,mlx,4,l1_prefill_only,geometry,128,ruler,15693,,4.90298277741367,1.58984375,True,False,0.020618556701030924,True,100.0,True,string_match_all,ruler_public_string_match,True,string_match_all,100.0,0.0,0.0,128,128,128.0,179.8241607079981,85.27297433400236,6.067146084031265,2.3851757899246877,0.3044204409015947,0.029617780004628003,0.9607695542363217,21.097233893361516,47.399578781494256,3612,3612,False,,,False
official_ruler_niah_single_qwen25_7b,20260611_225910,9,mlx-community/Qwen2.5-7B-Instruct-4bit,qwen,mlx,4,l1_prefill_only,geometry,128,ruler,15690,,5.799736584178129,1.7578125,True,False,0.022988505747126436,True,100.0,True,string_match_all,ruler_public_string_match,True,string_match_all,100.0,0.0,0.0,128,128,128.0,179.27916091699444,85.29487508300372,5.595447576983133,2.3891228770589805,0.25231010973948287,0.028921237411850598,0.9612947189889383,22.875739293229703,43.71443419518073,3612,3612,False,,,False
official_ruler_niah_single_qwen25_7b,20260611_225910,10,mlx-community/Qwen2.5-7B-Instruct-4bit,qwen,mlx,4,l1_prefill_only,geometry,128,ruler,15687,,5.676461850514849,1.736328125,True,False,0.0,True,100.0,True,string_match_all,ruler_public_string_match,True,string_match_all,100.0,0.0,0.0,128,128,128.0,187.5024372080079,93.33653741700255,6.045294622963411,2.3677332500592456,0.4014209110609954,0.033688930969219655,0.968681425692921,21.17349244051471,47.22886424190165,3612,3612,False,,,False
official_ruler_niah_single_qwen25_7b,20260611_225910,11,mlx-community/Qwen2.5-7B-Instruct-4bit,qwen,mlx,4,l1_prefill_only,geometry,128,ruler,15684,,5.491080233448797,1.703125,True,False,0.0,True,100.0,True,string_match_all,ruler_public_string_match,True,string_match_all,100.0,0.0,0.0,128,128,128.0,177.82756066600268,84.70409108400054,5.9534183359501185,2.434746330996859,0.29916220113955205,0.029222702825791202,0.97417783569108,21.500252926468036,46.5110807496103,3612,3612,False,,,False
official_ruler_niah_single_qwen25_7b,20260611_225910,12,mlx-community/Qwen2.5-7B-Instruct-4bit,qwen,mlx,4,l1_prefill_only,geometry,128,ruler,15687,,6.234373699944722,1.830078125,True,False,0.0,True,100.0,True,string_match_all,ruler_public_string_match,True,string_match_all,100.0,0.0,0.0,128,128,128.0,191.93855299999996,84.38423024999793,5.508899332940928,2.3823023798977374,0.25245476107375,0.02878256925032474,0.9647550738809514,23.235131423551927,43.038276038601,3612,3612,False,,,False
official_ruler_niah_single_qwen25_7b,20260611_225910,13,mlx-community/Qwen2.5-7B-Instruct-4bit,qwen,mlx,4,l1_prefill_only,geometry,128,ruler,15684,,4.7987687519542765,1.568359375,True,False,0.02173913043478261,True,100.0,True,string_match_all,ruler_public_string_match,True,string_match_all,100.0,0.0,0.0,128,128,128.0,205.3489225000012,103.4494507499985,9.288363870982721,3.511611924004683,0.39883134384581354,0.034149004153732676,1.3877760450050118,13.780683205131307,72.56534274205251,3612,3612,False,,,False
official_ruler_niah_single_qwen25_7b,20260611_225910,14,mlx-community/Qwen2.5-7B-Instruct-4bit,qwen,mlx,4,l1_prefill_only,geometry,128,ruler,15687,,4.185560497160428,1.431640625,True,False,0.0,True,100.0,True,string_match_all,ruler_public_string_match,True,string_match_all,100.0,0.0,0.0,128,128,128.0,177.97384708300524,85.25531866600068,5.780826921967673,2.3743409129601787,0.29215680700872326,0.029223034041933715,0.9607894902146654,22.142160927459745,45.162710327872446,3612,3612,False,,,False
official_ruler_niah_single_qwen25_7b,20260611_225910,15,mlx-community/Qwen2.5-7B-Instruct-4bit,qwen,mlx,4,l1_prefill_only,geometry,128,ruler,15684,,6.320194607432744,1.84375,True,False,0.029411764705882353,True,100.0,True,string_match_all,ruler_public_string_match,True,string_match_all,100.0,0.0,0.0,128,128,128.0,176.79905616699398,84.275285290998,5.570247375013423,2.357214124938764,0.2513840883257217,0.028776109305908903,0.9585279688835726,22.979230792185696,43.51755761729237,3612,3612,False,,,False
official_ruler_niah_single_qwen25_7b,20260611_225910,16,mlx-community/Qwen2.5-7B-Instruct-4bit,qwen,mlx,4,l1_prefill_only,geometry,128,ruler,15684,,5.048749682456427,1.619140625,True,False,0.0,True,100.0,True,string_match_all,ruler_public_string_match,True,string_match_all,100.0,0.0,0.0,128,128,128.0,183.97823733400583,90.43355062499904,6.036928706009348,2.5273116570315324,0.2776004949337221,0.031163599953288212,1.0006611488279304,21.202834459943976,47.163505515698034,3612,3612,False,,,False
official_ruler_niah_single_qwen25_7b,20260611_225910,17,mlx-community/Qwen2.5-7B-Instruct-4bit,qwen,mlx,4,l1_prefill_only,geometry,128,ruler,15684,,5.384873127618627,1.68359375,True,False,0.019801980198019802,True,100.0,True,string_match_all,ruler_public_string_match,True,string_match_all,100.0,0.0,0.0,128,128,128.0,176.30560575099662,83.95927154199308,5.671452376984234,2.422935912916728,0.25238297429314116,0.029283073323313147,0.9972601682311506,22.569174788357007,44.30822169518933,3612,3612,False,,,False
official_ruler_niah_single_qwen25_7b,20260611_225910,18,mlx-community/Qwen2.5-7B-Instruct-4bit,qwen,mlx,4,l1_prefill_only,geometry,128,ruler,15696,,6.344931149723057,1.84765625,True,False,0.0,True,100.0,True,string_match_all,ruler_public_string_match,True,string_match_all,100.0,0.0,0.0,128,128,128.0,175.56475362499623,83.34371975000249,5.883592708982178,2.396766384015791,0.30273301299166633,0.02892291307944106,0.9943936539566494,21.755414817308647,45.965568038923266,3612,3612,False,,,False
official_ruler_niah_single_qwen25_7b,20260611_225910,19,mlx-community/Qwen2.5-7B-Instruct-4bit,qwen,mlx,4,l1_prefill_only,geometry,128,ruler,15687,,5.219197998726548,1.65234375,True,False,0.0,True,100.0,True,string_match_all,ruler_public_string_match,True,string_match_all,100.0,0.0,0.0,128,128,128.0,175.4778348329928,83.16213662500377,5.9476497460273094,2.3772355328983394,0.31567117587837856,0.029294829786522314,0.9549296987970592,21.521105893213818,46.466013640838355,3612,3612,False,,,False
official_ruler_niah_single_qwen25_7b,20260611_225910,0,mlx-community/Qwen2.5-7B-Instruct-4bit,qwen,mlx,4,l1_leverage,geometry,128,ruler,15687,,5.765853117540196,1.751953125,True,False,0.02222222222222222,True,100.0,True,string_match_all,ruler_public_string_match,True,string_match_all,100.0,0.0,0.0,128,128,128.0,175.94529033300205,83.2344050410029,6.049238501000218,2.558505549110123,0.3941217821047758,0.029196942210546695,0.8888188519558753,21.1596881126171,47.259675789064204,3612,3612,False,,,False
official_ruler_niah_single_qwen25_7b,20260611_225910,1,mlx-community/Qwen2.5-7B-Instruct-4bit,qwen,mlx,4,l1_leverage,geometry,128,ruler,15693,,6.780579023486763,1.9140625,True,False,0.0,True,100.0,True,string_match_all,ruler_public_string_match,True,string_match_all,100.0,0.0,0.0,128,128,128.0,178.3956871239934,85.46717524999985,6.170883414037235,2.8489530459119123,0.4553421211094246,0.031696402351371944,0.9993638448941056,20.74257305021055,48.210026672165895,3612,3612,False,,,False
official_ruler_niah_single_qwen25_7b,20260611_225910,2,mlx-community/Qwen2.5-7B-Instruct-4bit,qwen,mlx,4,l1_leverage,geometry,128,ruler,15687,,4.69676981955058,1.546875,True,False,0.0,True,100.0,True,string_match_all,ruler_public_string_match,True,string_match_all,100.0,0.0,0.0,128,128,128.0,176.5905099169977,82.98955783299607,5.520653584047977,2.664550997062179,0.3635715850323322,0.028922732220962644,0.9495686618829495,23.185660547486293,43.13010612537482,3612,3612,False,,,False
official_ruler_niah_single_qwen25_7b,20260611_225910,3,mlx-community/Qwen2.5-7B-Instruct-4bit,qwen,mlx,4,l1_leverage,geometry,128,ruler,15687,,5.009460000718975,1.611328125,True,False,0.0,True,100.0,True,string_match_all,ruler_public_string_match,True,string_match_all,100.0,0.0,0.0,128,128,128.0,187.45582320800168,89.43471400000271,5.657824458961841,2.6861000029894058,0.37604627398832235,0.030210958917450625,0.9635965362467687,22.623536825581688,44.20175358563938,3612,3612,False,,,False
official_ruler_niah_single_qwen25_7b,20260611_225910,4,mlx-community/Qwen2.5-7B-Instruct-4bit,qwen,mlx,4,l1_leverage,geometry,128,ruler,15687,,6.584810946078217,1.884765625,True,False,0.024096385542168676,True,100.0,True,string_match_all,ruler_public_string_match,True,string_match_all,100.0,0.0,0.0,128,128,128.0,200.3061670419993,98.99011508399417,9.431716658022196,4.846178911931929,0.47632750390766887,0.053676338924560696,1.5747482971128193,13.571230417649254,73.68528639079841,3612,3612,False,,,False
official_ruler_niah_single_qwen25_7b,20260611_225910,5,mlx-community/Qwen2.5-7B-Instruct-4bit,qwen,mlx,4,l1_leverage,geometry,128,ruler,15690,,5.8566520921888525,1.767578125,True,False,0.021276595744680854,True,100.0,True,string_match_all,ruler_public_string_match,True,string_match_all,100.0,0.0,0.0,128,128,128.0,191.9675458329948,88.63914245900378,6.729998658025579,3.20773933493183,0.4154879711131798,0.033113470090029296,1.089013953373069,19.01932028580109,52.578114515824836,3612,3612,False,,,False
official_ruler_niah_single_qwen25_7b,20260611_225910,6,mlx-community/Qwen2.5-7B-Instruct-4bit,qwen,mlx,4,l1_leverage,geometry,128,ruler,15690,,5.676461850514849,1.736328125,True,False,0.02197802197802198,True,100.0,True,string_match_all,ruler_public_string_match,True,string_match_all,100.0,0.0,0.0,128,128,128.0,191.45831808300136,87.2667640840009,5.540800252019835,2.673132800977328,0.36196852728608064,0.028961682073713746,0.9527190588487429,23.10135615398499,43.28750196890496,3612,3612,False,,,False
official_ruler_niah_single_qwen25_7b,20260611_225910,7,mlx-community/Qwen2.5-7B-Instruct-4bit,qwen,mlx,4,l1_leverage,geometry,128,ruler,15687,,4.001697915783243,1.38671875,True,False,0.0,True,100.0,True,string_match_all,ruler_public_string_match,True,string_match_all,100.0,0.0,0.0,128,128,128.0,191.32607308400475,96.4220237499976,5.533334243991703,2.703456915951392,0.3687387070895056,0.029174716655688826,0.9607599465089152,23.13252631340445,43.22917378118518,3612,3612,False,,,False
official_ruler_niah_single_qwen25_7b,20260611_225910,8,mlx-community/Qwen2.5-7B-Instruct-4bit,qwen,mlx,4,l1_leverage,geometry,128,ruler,15693,,4.90298277741367,1.58984375,True,False,0.020618556701030924,True,100.0,True,string_match_all,ruler_public_string_match,True,string_match_all,100.0,0.0,0.0,128,128,128.0,184.93886058300268,91.25073062500451,5.954277417964477,2.677430076051678,0.44383833825122565,0.030211569857783616,0.948413763762801,21.49715087406155,46.517792327847474,3612,3612,False,,,False
official_ruler_niah_single_qwen25_7b,20260611_225910,9,mlx-community/Qwen2.5-7B-Instruct-4bit,qwen,mlx,4,l1_leverage,geometry,128,ruler,15690,,5.799736584178129,1.7578125,True,False,0.022727272727272724,True,100.0,True,string_match_all,ruler_public_string_match,True,string_match_all,100.0,0.0,0.0,128,128,128.0,179.49271095699805,86.15251141699991,5.951891379030712,2.7441457899840316,0.41941672924440354,0.0305991930727032,1.002257511150674,21.505768813416296,46.49915139867744,3612,3612,False,,,False
official_ruler_niah_single_qwen25_7b,20260611_225910,10,mlx-community/Qwen2.5-7B-Instruct-4bit,qwen,mlx,4,l1_leverage,geometry,128,ruler,15687,,5.676461850514849,1.736328125,True,False,0.0,True,100.0,True,string_match_all,ruler_public_string_match,True,string_match_all,100.0,0.0,0.0,128,128,128.0,177.49522891699598,84.32845054200152,5.9508532589970855,2.6720402839346207,0.43052860726311337,0.029718109923123848,0.9500991153545328,21.509520471955344,46.49104108591473,3612,3612,False,,,False
official_ruler_niah_single_qwen25_7b,20260611_225910,11,mlx-community/Qwen2.5-7B-Instruct-4bit,qwen,mlx,4,l1_leverage,geometry,128,ruler,15684,,5.491080233448797,1.703125,True,False,0.0,True,100.0,True,string_match_all,ruler_public_string_match,True,string_match_all,100.0,0.0,0.0,128,128,128.0,177.41444704199967,84.06115658400086,5.973773576988606,2.6980759609214147,0.4202651578816585,0.029956793281598948,0.9526166129508056,21.426992227001197,46.67010607022348,3612,3612,False,,,False
official_ruler_niah_single_qwen25_7b,20260611_225910,12,mlx-community/Qwen2.5-7B-Instruct-4bit,qwen,mlx,4,l1_leverage,geometry,128,ruler,15687,,6.234373699944722,1.830078125,True,False,0.0,True,100.0,True,string_match_all,ruler_public_string_match,True,string_match_all,100.0,0.0,0.0,128,128,128.0,177.08708733299864,83.83566466699995,5.530059044009249,2.6768300830590306,0.3653196529921843,0.02906231294036843,0.9575916183384834,23.146226646289296,43.20358628132226,3612,3612,False,,,False
official_ruler_niah_single_qwen25_7b,20260611_225910,13,mlx-community/Qwen2.5-7B-Instruct-4bit,qwen,mlx,4,l1_leverage,geometry,128,ruler,15684,,4.7987687519542765,1.568359375,True,False,0.020202020202020204,True,100.0,True,string_match_all,ruler_public_string_match,True,string_match_all,100.0,0.0,0.0,128,128,128.0,175.68126433299767,83.28157020799699,5.5371462880357285,2.6635806580234203,0.38142604718450457,0.029597239947179332,0.942078355285048,23.116600743703177,43.25895537527913,3612,3612,False,,,False
official_ruler_niah_single_qwen25_7b,20260611_225910,14,mlx-community/Qwen2.5-7B-Instruct-4bit,qwen,mlx,4,l1_leverage,geometry,128,ruler,15687,,4.185560497160428,1.431640625,True,False,0.0,True,100.0,True,string_match_all,ruler_public_string_match,True,string_match_all,100.0,0.0,0.0,128,128,128.0,175.60864424899773,83.32227799999964,5.642572035008925,2.6522340990049997,0.3708614649513038,0.03105531227629399,0.9514002248397446,22.68469045779715,44.08259402350723,3612,3612,False,,,False
official_ruler_niah_single_qwen25_7b,20260611_225910,15,mlx-community/Qwen2.5-7B-Instruct-4bit,qwen,mlx,4,l1_leverage,geometry,128,ruler,15684,,6.320194607432744,1.84375,True,False,0.029411764705882353,True,100.0,True,string_match_all,ruler_public_string_match,True,string_match_all,100.0,0.0,0.0,128,128,128.0,174.6521713330003,82.9831349580054,5.470820289025141,2.672210085016559,0.36396471197804203,0.02944964810012607,0.9459697708807653,23.396857004566062,42.74078350800892,3612,3612,False,,,False
official_ruler_niah_single_qwen25_7b,20260611_225910,16,mlx-community/Qwen2.5-7B-Instruct-4bit,qwen,mlx,4,l1_leverage,geometry,128,ruler,15684,,5.048749682456427,1.619140625,True,False,0.0,True,100.0,True,string_match_all,ruler_public_string_match,True,string_match_all,100.0,0.0,0.0,128,128,128.0,175.40583324999898,83.01108050000039,5.476724584033946,2.6255044170102337,0.3610996690185857,0.029666470043594018,0.9472995922478731,23.371633544099108,42.7869108127652,3612,3612,False,,,False
official_ruler_niah_single_qwen25_7b,20260611_225910,17,mlx-community/Qwen2.5-7B-Instruct-4bit,qwen,mlx,4,l1_leverage,geometry,128,ruler,15684,,5.384873127618627,1.68359375,True,False,0.020833333333333332,True,100.0,True,string_match_all,ruler_public_string_match,True,string_match_all,100.0,0.0,0.0,128,128,128.0,175.20240141599788,83.17399079100142,5.4784176659959485,2.6773118299825,0.3661883990789647,0.029136355879018083,0.9505401280839578,23.364410638948655,42.80013801559335,3612,3612,False,,,False
official_ruler_niah_single_qwen25_7b,20260611_225910,18,mlx-community/Qwen2.5-7B-Instruct-4bit,qwen,mlx,4,l1_leverage,geometry,128,ruler,15696,,6.344931149723057,1.84765625,True,False,0.0,True,100.0,True,string_match_all,ruler_public_string_match,True,string_match_all,100.0,0.0,0.0,128,128,128.0,180.19458358299744,85.21613962500123,6.067684797009861,2.766731346018787,0.4197368739260128,0.030324240869958885,0.9691079300755518,21.095360797758985,47.403787476639536,3612,3612,False,,,False
official_ruler_niah_single_qwen25_7b,20260611_225910,19,mlx-community/Qwen2.5-7B-Instruct-4bit,qwen,mlx,4,l1_leverage,geometry,128,ruler,15687,,5.219197998726548,1.65234375,True,False,0.02197802197802198,True,100.0,True,string_match_all,ruler_public_string_match,True,string_match_all,100.0,0.0,0.0,128,128,128.0,180.10609108299832,85.31275487500534,6.062295285977598,2.6919297829590505,0.43098626891878666,0.030160233975038864,0.9550710489347694,21.114115027697615,47.36168192169998,3612,3612,False,,,False
official_ruler_niah_single_qwen25_7b,20260611_225910,0,mlx-community/Qwen2.5-7B-Instruct-4bit,qwen,mlx,4,attention_l2,hybrid,128,ruler,15687,,4.90298277741367,1.58984375,True,False,0.022727272727272724,True,100.0,True,string_match_all,ruler_public_string_match,True,string_match_all,100.0,0.0,0.0,128,128,128.0,246.84239112499927,85.47740183299902,9.014628453995101,14.788043080065108,29.772108091245173,8.827187545633933,0.8400244122531149,14.199143165270776,70.42678479683673,3612,3612,False,,,False
official_ruler_niah_single_qwen25_7b,20260611_225910,1,mlx-community/Qwen2.5-7B-Instruct-4bit,qwen,mlx,4,attention_l2,hybrid,128,ruler,15693,,5.914126138506464,1.77734375,True,False,0.0,True,100.0,True,string_match_all,ruler_public_string_match,True,string_match_all,100.0,0.0,0.0,128,128,128.0,244.02809574999992,84.77243350000208,9.490566335050971,14.916050248044485,27.75922415763489,8.844170938100433,0.8212437902766396,13.487077112275676,74.14504949258571,3612,3612,False,,,False
official_ruler_niah_single_qwen25_7b,20260611_225910,2,mlx-community/Qwen2.5-7B-Instruct-4bit,qwen,mlx,4,attention_l2,hybrid,128,ruler,15687,,5.038898466692391,1.6171875,True,False,0.0,True,100.0,True,string_match_all,ruler_public_string_match,True,string_match_all,100.0,0.0,0.0,128,128,128.0,249.19616945800226,84.99435462499969,9.65843338099512,15.13698304304853,29.153806097863708,9.014918081011274,0.8357088102929993,13.252666861259854,75.45651078902438,3612,3612,False,,,False
official_ruler_niah_single_qwen25_7b,20260611_225910,3,mlx-community/Qwen2.5-7B-Instruct-4bit,qwen,mlx,4,attention_l2,hybrid,128,ruler,15687,,4.429475811142603,1.48828125,True,False,0.0,True,100.0,True,string_match_all,ruler_public_string_match,True,string_match_all,100.0,0.0,0.0,128,128,128.0,247.79527049999888,84.99543483299931,8.599545036980999,15.398536338019767,27.059822354232892,9.188102678119321,0.869450989899633,14.884508360565125,67.18394560141405,3612,3612,False,,,False
official_ruler_niah_single_qwen25_7b,20260611_225910,4,mlx-community/Qwen2.5-7B-Instruct-4bit,qwen,mlx,4,attention_l2,hybrid,128,ruler,15687,,6.419723190321737,1.859375,True,False,0.0,True,100.0,True,string_match_all,ruler_public_string_match,True,string_match_all,100.0,0.0,0.0,128,128,128.0,246.87737029099662,84.97208091700304,8.826730594955734,15.106511836027494,27.242531601077644,9.009433419079869,0.8402899199427338,14.501405545689696,68.95883277309167,3612,3612,False,,,False
official_ruler_niah_single_qwen25_7b,20260611_225910,5,mlx-community/Qwen2.5-7B-Instruct-4bit,qwen,mlx,4,attention_l2,hybrid,128,ruler,15690,,5.138281833772044,1.63671875,True,False,0.0,True,100.0,True,string_match_all,ruler_public_string_match,True,string_match_all,100.0,0.0,0.0,128,128,128.0,244.98913658399397,85.23312645799888,8.62030045902793,15.1774018781216,27.364671475042996,9.04490685894416,0.8482299431343563,14.848670369249977,67.34609733615571,3612,3612,False,,,False
official_ruler_niah_single_qwen25_7b,20260611_225910,6,mlx-community/Qwen2.5-7B-Instruct-4bit,qwen,mlx,4,attention_l2,hybrid,128,ruler,15690,,4.446812289294302,1.4921875,True,False,0.0,True,100.0,True,string_match_all,ruler_public_string_match,True,string_match_all,100.0,0.0,0.0,128,128,128.0,249.64659579200088,85.30199029199866,10.358067080960609,15.16512192000664,28.99105212118593,9.033649725715804,0.8416926652644179,12.35751796155864,80.92239907000476,3612,3612,False,,,False
official_ruler_niah_single_qwen25_7b,20260611_225910,7,mlx-community/Qwen2.5-7B-Instruct-4bit,qwen,mlx,4,attention_l2,hybrid,128,ruler,15687,,4.464216620503004,1.49609375,True,False,0.0,True,100.0,True,string_match_all,ruler_public_string_match,True,string_match_all,100.0,0.0,0.0,128,128,128.0,262.17375612500473,85.67604454200045,10.828935834004369,14.712780165093136,31.001407321105944,8.746057015931001,0.8272775211007684,11.820182699583661,84.60106120315913,3612,3612,False,,,False
official_ruler_niah_single_qwen25_7b,20260611_225910,8,mlx-community/Qwen2.5-7B-Instruct-4bit,qwen,mlx,4,attention_l2,hybrid,128,ruler,15693,,5.058620157678194,1.62109375,True,False,0.01904761904761905,True,100.0,True,string_match_all,ruler_public_string_match,True,string_match_all,100.0,0.0,0.0,128,128,128.0,288.35641370799567,99.47108779100381,14.28396967396111,22.639085373019043,40.96753834406263,13.226044780720258,1.2017882040090626,8.961094354137208,111.59351307782117,3612,3612,False,,,False
official_ruler_niah_single_qwen25_7b,20260611_225910,9,mlx-community/Qwen2.5-7B-Instruct-4bit,qwen,mlx,4,attention_l2,hybrid,128,ruler,15690,,5.3429677124787425,1.67578125,True,False,0.02380952380952381,True,100.0,True,string_match_all,ruler_public_string_match,True,string_match_all,100.0,0.0,0.0,128,128,128.0,248.84382599899982,83.55374337499961,9.391234589013038,14.724612207071914,29.62626752097276,8.749927066055534,0.8342555249255383,13.629730871567125,73.36902022666436,3612,3612,False,,,False
official_ruler_niah_single_qwen25_7b,20260611_225910,10,mlx-community/Qwen2.5-7B-Instruct-4bit,qwen,mlx,4,attention_l2,hybrid,128,ruler,15687,,5.11824957134376,1.6328125,True,False,0.02173913043478261,True,100.0,True,string_match_all,ruler_public_string_match,True,string_match_all,100.0,0.0,0.0,128,128,128.0,249.34102591699047,83.56431412500388,10.17205487400497,14.7213765390552,30.537832092995814,8.648301054861804,0.8242111972795101,12.5834948381087,79.46917870316383,3612,3612,False,,,False
official_ruler_niah_single_qwen25_7b,20260611_225910,11,mlx-community/Qwen2.5-7B-Instruct-4bit,qwen,mlx,4,attention_l2,hybrid,128,ruler,15684,,4.605926067851898,1.52734375,True,False,0.022988505747126436,True,100.0,True,string_match_all,ruler_public_string_match,True,string_match_all,100.0,0.0,0.0,128,128,128.0,251.44912900099735,84.18934679200174,9.631501333969936,15.009515624973574,28.618341716988652,8.92397181096021,0.8335386219041538,13.289724577885787,75.24610417164013,3612,3612,False,,,False
official_ruler_niah_single_qwen25_7b,20260611_225910,12,mlx-community/Qwen2.5-7B-Instruct-4bit,qwen,mlx,4,attention_l2,hybrid,128,ruler,15687,,5.654331423042719,1.732421875,True,False,0.020202020202020204,True,100.0,True,string_match_all,ruler_public_string_match,True,string_match_all,100.0,0.0,0.0,128,128,128.0,247.95102845800284,84.90296004199627,10.619109129023855,15.24365878795652,27.78196441217733,9.072567443872686,0.8439332527777879,12.05374183886612,82.96179007049886,3612,3612,False,,,False
official_ruler_niah_single_qwen25_7b,20260611_225910,13,mlx-community/Qwen2.5-7B-Instruct-4bit,qwen,mlx,4,attention_l2,hybrid,128,ruler,15684,,5.239625362128489,1.65625,True,False,0.03333333333333333,True,100.0,True,string_match_all,ruler_public_string_match,True,string_match_all,100.0,0.0,0.0,128,128,128.0,247.68652729100722,85.09127137500036,9.704004461069417,15.12904163201165,28.226186257219524,8.98989654800971,0.8512380307365675,13.190430869391205,75.81253485210482,3612,3612,False,,,False
official_ruler_niah_single_qwen25_7b,20260611_225910,14,mlx-community/Qwen2.5-7B-Instruct-4bit,qwen,mlx,4,attention_l2,hybrid,128,ruler,15687,,4.3099982582618726,1.4609375,True,False,0.0,True,100.0,True,string_match_all,ruler_public_string_match,True,string_match_all,100.0,0.0,0.0,128,128,128.0,247.85191033300362,85.07857499999955,9.820780964997539,15.16305079599988,27.741540389994043,9.038187001067854,0.8415455901122186,13.033586682791075,76.72485128904327,3612,3612,False,,,False
official_ruler_niah_single_qwen25_7b,20260611_225910,15,mlx-community/Qwen2.5-7B-Instruct-4bit,qwen,mlx,4,attention_l2,hybrid,128,ruler,15684,,6.344931149723057,1.84765625,True,False,0.02222222222222222,True,100.0,True,string_match_all,ruler_public_string_match,True,string_match_all,100.0,0.0,0.0,128,128,128.0,273.2144525420008,84.98605775000033,20.625742032003473,14.625236046049395,29.10600655667804,8.577278322001803,0.8167162910394836,6.20583733673153,161.13860962502713,3612,3612,False,,,False
official_ruler_niah_single_qwen25_7b,20260611_225910,16,mlx-community/Qwen2.5-7B-Instruct-4bit,qwen,mlx,4,attention_l2,hybrid,128,ruler,15684,,5.260132675970259,1.66015625,True,False,0.0,True,100.0,True,string_match_all,ruler_public_string_match,True,string_match_all,100.0,0.0,0.0,128,128,128.0,256.42032637500233,90.63931933399726,9.377783541072858,14.886122388030344,30.180756112204108,8.839546036200773,0.8322511483274866,13.649280711096074,73.2639339146317,3612,3612,False,,,False
official_ruler_niah_single_qwen25_7b,20260611_225910,17,mlx-community/Qwen2.5-7B-Instruct-4bit,qwen,mlx,4,attention_l2,hybrid,128,ruler,15684,,4.6149308080322236,1.529296875,True,False,0.020618556701030924,True,100.0,True,string_match_all,ruler_public_string_match,True,string_match_all,100.0,0.0,0.0,128,128,128.0,262.16432299999724,83.53465954199783,9.412948841003526,14.795272263938386,29.60411342097359,8.70787834085786,0.8397020978154615,13.598289140000654,73.53866282034005,3612,3612,False,,,False
official_ruler_niah_single_qwen25_7b,20260611_225910,18,mlx-community/Qwen2.5-7B-Instruct-4bit,qwen,mlx,4,attention_l2,hybrid,128,ruler,15696,,5.891069145785306,1.7734375,True,False,0.0,True,100.0,True,string_match_all,ruler_public_string_match,True,string_match_all,100.0,0.0,0.0,128,128,128.0,262.1237276249958,93.80990554199525,11.002662750979653,15.452786327034119,30.90979807714757,9.13698420097353,0.8590527160995407,11.633547523630419,85.95830274202854,3612,3612,False,,,False
official_ruler_niah_single_qwen25_7b,20260611_225910,19,mlx-community/Qwen2.5-7B-Instruct-4bit,qwen,mlx,4,attention_l2,hybrid,128,ruler,15687,,4.455505956692757,1.494140625,True,False,0.0,True,100.0,True,string_match_all,ruler_public_string_match,True,string_match_all,100.0,0.0,0.0,128,128,128.0,267.3499253750051,83.24067100000684,10.538875458965776,14.998275948993978,29.621729819045868,8.802047466830118,0.870326631658827,12.14550836077165,82.33496452317013,3612,3612,False,,,False
official_ruler_niah_single_qwen25_7b,20260611_225910,0,mlx-community/Qwen2.5-7B-Instruct-4bit,qwen,mlx,4,attention_l1,hybrid,128,ruler,15687,,5.11824957134376,1.6328125,True,False,0.02222222222222222,True,100.0,True,string_match_all,ruler_public_string_match,True,string_match_all,100.0,0.0,0.0,128,128,128.0,254.74808541699895,88.92210774999694,12.288685791936587,13.132640375886695,29.24772605492035,8.766533759975573,0.8478788951033494,10.416085346082264,96.00535774950458,3612,3612,False,,,False
official_ruler_niah_single_qwen25_7b,20260611_225910,1,mlx-community/Qwen2.5-7B-Instruct-4bit,qwen,mlx,4,attention_l1,hybrid,128,ruler,15693,,6.101860654522169,1.80859375,True,False,0.0,True,100.0,True,string_match_all,ruler_public_string_match,True,string_match_all,100.0,0.0,0.0,128,128,128.0,260.26928162599506,87.46180608299619,14.02117429212376,12.920948584986036,34.46022442332469,8.666169869407895,0.8230838316958398,9.129049916446911,109.54042415721688,3612,3612,False,,,False
official_ruler_niah_single_qwen25_7b,20260611_225910,2,mlx-community/Qwen2.5-7B-Instruct-4bit,qwen,mlx,4,attention_l1,hybrid,128,ruler,15687,,4.789405303704607,1.56640625,True,False,0.02173913043478261,True,100.0,True,string_match_all,ruler_public_string_match,True,string_match_all,100.0,0.0,0.0,128,128,128.0,241.5498845839902,83.51850783400005,7.7489961690152995,13.251050799895893,27.537976364706992,8.884839016885962,0.8280183088645572,16.518268587073717,60.53903257043203,3612,3612,False,,,False
official_ruler_niah_single_qwen25_7b,20260611_225910,3,mlx-community/Qwen2.5-7B-Instruct-4bit,qwen,mlx,4,attention_l1,hybrid,128,ruler,15687,,4.508026051006968,1.505859375,True,False,0.0,True,100.0,True,string_match_all,ruler_public_string_match,True,string_match_all,100.0,0.0,0.0,128,128,128.0,245.11004500099807,83.07004916601,9.274647128971992,13.309601826927974,26.64538907703536,8.910694198988494,0.8350386072706897,13.80106415047918,72.45818069509369,3612,3612,False,,,False
official_ruler_niah_single_qwen25_7b,20260611_225910,4,mlx-community/Qwen2.5-7B-Instruct-4bit,qwen,mlx,4,attention_l1,hybrid,128,ruler,15687,,6.137718694555804,1.814453125,True,False,0.0,True,100.0,True,string_match_all,ruler_public_string_match,True,string_match_all,100.0,0.0,0.0,128,128,128.0,247.19325212499825,83.53042525000637,9.430310125942924,13.112644667198765,28.15429776070232,8.773607011185959,0.8260807432961883,13.573254568571407,73.6742978589291,3612,3612,False,,,False
official_ruler_niah_single_qwen25_7b,20260611_225910,5,mlx-community/Qwen2.5-7B-Instruct-4bit,qwen,mlx,4,attention_l1,hybrid,128,ruler,15690,,4.789405303704607,1.56640625,True,False,0.0,True,100.0,True,string_match_all,ruler_public_string_match,True,string_match_all,100.0,0.0,0.0,128,128,128.0,242.52198016700277,83.21391633400344,8.239265172058367,13.387378750107018,27.37488748312171,8.950029071012978,0.8448976026993478,15.535365997696433,64.369259156706,3612,3612,False,,,False
official_ruler_niah_single_qwen25_7b,20260611_225910,6,mlx-community/Qwen2.5-7B-Instruct-4bit,qwen,mlx,4,attention_l1,hybrid,128,ruler,15690,,5.188706179193045,1.646484375,True,False,0.0,True,100.0,True,string_match_all,ruler_public_string_match,True,string_match_all,100.0,0.0,0.0,128,128,128.0,243.71467337598733,83.44099324999843,9.084907926080632,13.159602870189701,27.601778820477193,8.830452199865249,0.8363881935365498,14.08930074376892,70.97584317250494,3612,3612,False,,,False
official_ruler_niah_single_qwen25_7b,20260611_225910,7,mlx-community/Qwen2.5-7B-Instruct-4bit,qwen,mlx,4,attention_l1,hybrid,128,ruler,15687,,4.395005356905533,1.48046875,True,False,0.0,True,100.0,True,string_match_all,ruler_public_string_match,True,string_match_all,100.0,0.0,0.0,128,128,128.0,242.69521387500572,82.93718249999802,8.608443037956022,13.117585167943616,28.602297652701964,8.793650292878738,0.8218239224661374,14.86912318936505,67.25346123403142,3612,3612,False,,,False
official_ruler_niah_single_qwen25_7b,20260611_225910,8,mlx-community/Qwen2.5-7B-Instruct-4bit,qwen,mlx,4,attention_l1,hybrid,128,ruler,15693,,4.989929967021947,1.607421875,True,False,0.02,True,100.0,True,string_match_all,ruler_public_string_match,True,string_match_all,100.0,0.0,0.0,128,128,128.0,250.17734300099255,83.24560129200108,8.797466332951444,15.578448623957229,28.417233775689965,9.181285591534106,2.093843546361313,14.549643630981368,68.73020572618316,3612,3612,False,,,False
official_ruler_niah_single_qwen25_7b,20260611_225910,9,mlx-community/Qwen2.5-7B-Instruct-4bit,qwen,mlx,4,attention_l1,hybrid,128,ruler,15690,,5.353413393832282,1.677734375,True,False,0.020408163265306124,True,100.0,True,string_match_all,ruler_public_string_match,True,string_match_all,100.0,0.0,0.0,128,128,128.0,250.32083762498223,85.00343229199643,10.52515812589263,13.222130204885616,27.339726684818743,8.866204013698734,0.8166069740691455,12.161337480062269,82.22779785853618,3612,3612,False,,,False
official_ruler_niah_single_qwen25_7b,20260611_225910,10,mlx-community/Qwen2.5-7B-Instruct-4bit,qwen,mlx,4,attention_l1,hybrid,128,ruler,15687,,4.922172509432291,1.59375,True,False,0.020408163265306124,True,100.0,True,string_match_all,ruler_public_string_match,True,string_match_all,100.0,0.0,0.0,128,128,128.0,243.42819925000367,83.84024012500595,8.617504541020025,13.116456545991241,28.97339908189315,8.807385907202843,0.8331877176824491,14.853487966349139,67.32425422671895,3612,3612,False,,,False
official_ruler_niah_single_qwen25_7b,20260611_225910,11,mlx-community/Qwen2.5-7B-Instruct-4bit,qwen,mlx,4,attention_l1,hybrid,128,ruler,15684,,4.922172509432291,1.59375,True,False,0.0,True,100.0,True,string_match_all,ruler_public_string_match,True,string_match_all,100.0,0.0,0.0,128,128,128.0,241.48709970898926,83.11743245800608,8.26974683694425,13.201602954941336,26.68863431646605,8.852071136294398,0.83638293693366,15.478103807020194,64.60739716362696,3612,3612,False,,,False
official_ruler_niah_single_qwen25_7b,20260611_225910,12,mlx-community/Qwen2.5-7B-Instruct-4bit,qwen,mlx,4,attention_l1,hybrid,128,ruler,15687,,5.480365933956924,1.701171875,True,False,0.0196078431372549,True,100.0,True,string_match_all,ruler_public_string_match,True,string_match_all,100.0,0.0,0.0,128,128,128.0,241.28865808300907,82.85468262500945,8.568484587900457,13.160026836019824,27.259489800868323,8.870304984651739,0.8315020120207919,14.938464169119076,66.94128584297232,3612,3612,False,,,False
official_ruler_niah_single_qwen25_7b,20260611_225910,13,mlx-community/Qwen2.5-7B-Instruct-4bit,qwen,mlx,4,attention_l1,hybrid,128,ruler,15684,,5.038898466692391,1.6171875,True,False,0.0,True,100.0,True,string_match_all,ruler_public_string_match,True,string_match_all,100.0,0.0,0.0,128,128,128.0,245.29208270799427,82.92793287499808,8.696266587008722,13.540385413987678,27.217676832835423,8.712104258214822,0.8337912145652808,14.718959994995796,67.93958271100564,3612,3612,False,,,False
official_ruler_niah_single_qwen25_7b,20260611_225910,14,mlx-community/Qwen2.5-7B-Instruct-4bit,qwen,mlx,4,attention_l1,hybrid,128,ruler,15687,,4.104604428812962,1.412109375,True,False,0.02150537634408602,True,100.0,True,string_match_all,ruler_public_string_match,True,string_match_all,100.0,0.0,0.0,128,128,128.0,244.207932291014,84.75592999999935,10.041522042956785,13.17482084511721,26.09453226297046,8.812702898867428,0.8089336433477001,12.747071554733116,78.44939096059989,3612,3612,False,,,False
official_ruler_niah_single_qwen25_7b,20260611_225910,15,mlx-community/Qwen2.5-7B-Instruct-4bit,qwen,mlx,4,attention_l1,hybrid,128,ruler,15684,,5.777125554065775,1.75390625,True,False,0.025641025641025647,True,100.0,True,string_match_all,ruler_public_string_match,True,string_match_all,100.0,0.0,0.0,128,128,128.0,240.05334287499136,84.88849291599763,8.492923330908525,13.321560524040251,25.616904064445407,8.930954620722332,0.8239624188863672,15.071371189018762,66.35096352272285,3612,3612,False,,,False
official_ruler_niah_single_qwen25_7b,20260611_225910,16,mlx-community/Qwen2.5-7B-Instruct-4bit,qwen,mlx,4,attention_l1,hybrid,128,ruler,15684,,5.038898466692391,1.6171875,True,False,0.0,True,100.0,True,string_match_all,ruler_public_string_match,True,string_match_all,100.0,0.0,0.0,128,128,128.0,240.09442920799484,84.64159008298884,8.47741420698003,13.227336876036134,24.640516761646722,8.847233154476271,0.8283573803200852,15.098943719726345,66.22979849203148,3612,3612,False,,,False
official_ruler_niah_single_qwen25_7b,20260611_225910,17,mlx-community/Qwen2.5-7B-Instruct-4bit,qwen,mlx,4,attention_l1,hybrid,128,ruler,15684,,4.516839393365801,1.5078125,True,False,0.020618556701030924,True,100.0,True,string_match_all,ruler_public_string_match,True,string_match_all,100.0,0.0,0.0,128,128,128.0,245.20734429100412,84.29670904099476,10.408082291905885,13.00952388397127,26.884441425077966,8.722289741330314,0.8049554525059648,12.298134892682635,81.31314290551472,3612,3612,False,,,False
official_ruler_niah_single_qwen25_7b,20260611_225910,18,mlx-community/Qwen2.5-7B-Instruct-4bit,qwen,mlx,4,attention_l1,hybrid,128,ruler,15696,,6.234373699944722,1.830078125,True,False,0.0,True,100.0,True,string_match_all,ruler_public_string_match,True,string_match_all,100.0,0.0,0.0,128,128,128.0,240.43907158300863,84.02526837500045,10.864040074957302,13.013149703940144,25.196669868950266,8.700483686421649,0.802786571366596,11.781988939368219,84.87531308560392,3612,3612,False,,,False
official_ruler_niah_single_qwen25_7b,20260611_225910,19,mlx-community/Qwen2.5-7B-Instruct-4bit,qwen,mlx,4,attention_l1,hybrid,128,ruler,15687,,4.395005356905533,1.48046875,True,False,0.0,True,100.0,True,string_match_all,ruler_public_string_match,True,string_match_all,100.0,0.0,0.0,128,128,128.0,237.92225670801417,83.69946470900322,7.105760666934657,12.94511251001677,24.499430048352224,8.642045789107215,0.8040513869345887,18.013553509566446,55.51375521042701,3612,3612,False,,,False
official_ruler_niah_single_qwen25_7b,20260611_225910,0,mlx-community/Qwen2.5-7B-Instruct-4bit,qwen,mlx,4,full,recency,256,ruler,15687,,5.720982892597131,1.744140625,True,False,0.021052631578947368,True,100.0,True,string_match_all,ruler_public_string_match,True,string_match_all,100.0,0.0,0.0,15806,15806,15742.5,179.80156912498933,83.51485691699781,11.065469668101287,0.0,0.0,0.0,0.0,11.567516231957951,86.4489817820413,0,15551,False,,,False
official_ruler_niah_single_qwen25_7b,20260611_225910,1,mlx-community/Qwen2.5-7B-Instruct-4bit,qwen,mlx,4,full,recency,256,ruler,15693,,6.457449173295932,1.865234375,True,False,0.0,True,100.0,True,string_match_all,ruler_public_string_match,True,string_match_all,100.0,0.0,0.0,15812,15812,15748.5,182.66447250101191,85.44997308299935,11.08663300605258,0.0,0.0,0.0,0.0,11.545434933231787,86.61432035978578,0,15557,False,,,False
official_ruler_niah_single_qwen25_7b,20260611_225910,2,mlx-community/Qwen2.5-7B-Instruct-4bit,qwen,mlx,4,full,recency,256,ruler,15687,,5.058620157678194,1.62109375,True,False,0.0196078431372549,True,100.0,True,string_match_all,ruler_public_string_match,True,string_match_all,100.0,0.0,0.0,15806,15806,15742.5,184.2089506249904,85.67666100000497,11.067940786015242,0.0,0.0,0.0,0.0,11.564933574792231,86.46828739074408,0,15551,False,,,False
official_ruler_niah_single_qwen25_7b,20260611_225910,3,mlx-community/Qwen2.5-7B-Instruct-4bit,qwen,mlx,4,full,recency,256,ruler,15687,,5.1483273473571085,1.638671875,True,False,0.0,True,100.0,True,string_match_all,ruler_public_string_match,True,string_match_all,100.0,0.0,0.0,15806,15806,15742.5,185.71257737500127,87.2398324169917,11.055350339927827,0.0,0.0,0.0,0.0,11.578104362528563,86.36992453068615,0,15551,False,,,False
official_ruler_niah_single_qwen25_7b,20260611_225910,4,mlx-community/Qwen2.5-7B-Instruct-4bit,qwen,mlx,4,full,recency,256,ruler,15687,,6.793835283244129,1.916015625,True,False,0.0,True,100.0,True,string_match_all,ruler_public_string_match,True,string_match_all,100.0,0.0,0.0,15806,15806,15742.5,185.29468691600778,86.84432383300737,11.081368581100833,0.0,0.0,0.0,0.0,11.550919822151098,86.57319203985026,0,15551,False,,,False
official_ruler_niah_single_qwen25_7b,20260611_225910,5,mlx-community/Qwen2.5-7B-Instruct-4bit,qwen,mlx,4,full,recency,256,ruler,15690,,6.042562186131676,1.798828125,True,False,0.0,True,100.0,True,string_match_all,ruler_public_string_match,True,string_match_all,100.0,0.0,0.0,15809,15809,15745.5,185.40805262498907,86.96520208400034,11.07171487499727,0.0,0.0,0.0,0.0,11.560991359076302,86.49777246091617,0,15554,False,,,False
official_ruler_niah_single_qwen25_7b,20260611_225910,6,mlx-community/Qwen2.5-7B-Instruct-4bit,qwen,mlx,4,full,recency,256,ruler,15690,,5.128255921182873,1.634765625,True,False,0.021276595744680854,True,100.0,True,string_match_all,ruler_public_string_match,True,string_match_all,100.0,0.0,0.0,15809,15809,15745.5,185.37217129100463,86.8554510410031,11.093322584070847,0.0,0.0,0.0,0.0,11.538472719056966,86.6665826880535,0,15554,False,,,False
official_ruler_niah_single_qwen25_7b,20260611_225910,7,mlx-community/Qwen2.5-7B-Instruct-4bit,qwen,mlx,4,full,recency,256,ruler,15687,,4.587969263865388,1.5234375,True,False,0.02150537634408602,True,100.0,True,string_match_all,ruler_public_string_match,True,string_match_all,100.0,0.0,0.0,15806,15806,15742.5,185.50460954198206,86.93298316599976,11.063354462909047,0.0,0.0,0.0,0.0,11.569727827950576,86.43245674147693,0,15551,False,,,False
official_ruler_niah_single_qwen25_7b,20260611_225910,8,mlx-community/Qwen2.5-7B-Instruct-4bit,qwen,mlx,4,full,recency,256,ruler,15693,,5.654331423042719,1.732421875,True,False,0.020202020202020204,True,100.0,True,string_match_all,ruler_public_string_match,True,string_match_all,100.0,0.0,0.0,15812,15812,15748.5,187.1557990819856,87.28615149999678,11.216331626972533,0.0,0.0,0.0,0.0,11.41193076818372,87.62759083572291,0,15557,False,,,False
official_ruler_niah_single_qwen25_7b,20260611_225910,9,mlx-community/Qwen2.5-7B-Instruct-4bit,qwen,mlx,4,full,recency,256,ruler,15690,,6.007260073480564,1.79296875,True,False,0.0,True,100.0,True,string_match_all,ruler_public_string_match,True,string_match_all,100.0,0.0,0.0,15809,15809,15745.5,186.77364133299852,87.69809362498927,11.078961290069856,0.0,0.0,0.0,0.0,11.553429662646012,86.55438507867075,0,15554,False,,,False
official_ruler_niah_single_qwen25_7b,20260611_225910,10,mlx-community/Qwen2.5-7B-Instruct-4bit,qwen,mlx,4,full,recency,256,ruler,15687,,5.270416412044913,1.662109375,True,False,0.0,True,100.0,True,string_match_all,ruler_public_string_match,True,string_match_all,100.0,0.0,0.0,15806,15806,15742.5,187.13471404201118,87.93327141700138,11.085027755019837,0.0,0.0,0.0,0.0,11.547106856997756,86.60177933609248,0,15551,False,,,False
official_ruler_niah_single_qwen25_7b,20260611_225910,11,mlx-community/Qwen2.5-7B-Instruct-4bit,qwen,mlx,4,full,recency,256,ruler,15684,,5.448348308054142,1.6953125,True,False,0.021276595744680854,True,100.0,True,string_match_all,ruler_public_string_match,True,string_match_all,100.0,0.0,0.0,15803,15803,15739.5,186.58750737499213,87.53411100000085,11.061350791947916,0.0,0.0,0.0,0.0,11.571823587149709,86.4168030620931,0,15548,False,,,False
official_ruler_niah_single_qwen25_7b,20260611_225910,12,mlx-community/Qwen2.5-7B-Instruct-4bit,qwen,mlx,4,full,recency,256,ruler,15687,,6.089954588733513,1.806640625,True,False,0.0,True,100.0,True,string_match_all,ruler_public_string_match,True,string_match_all,100.0,0.0,0.0,15806,15806,15742.5,187.85143966699252,87.95229699999618,11.09675012997468,0.0,0.0,0.0,0.0,11.534908734607333,86.69336039042719,0,15551,False,,,False
official_ruler_niah_single_qwen25_7b,20260611_225910,13,mlx-community/Qwen2.5-7B-Instruct-4bit,qwen,mlx,4,full,recency,256,ruler,15684,,5.15839250025867,1.640625,True,False,0.0,True,100.0,True,string_match_all,ruler_public_string_match,True,string_match_all,100.0,0.0,0.0,15803,15803,15739.5,188.41564995900262,88.38288041600026,11.050923502014484,0.0,0.0,0.0,0.0,11.582742381364485,86.33533985948816,0,15548,False,,,False
official_ruler_niah_single_qwen25_7b,20260611_225910,14,mlx-community/Qwen2.5-7B-Instruct-4bit,qwen,mlx,4,full,recency,256,ruler,15687,,5.249869005715721,1.658203125,True,False,0.01941747572815534,True,100.0,True,string_match_all,ruler_public_string_match,True,string_match_all,100.0,0.0,0.0,15806,15806,15742.5,187.60732029100473,88.15335341601167,11.15945974891656,0.0,0.0,0.0,0.0,11.470089312560775,87.18327928841063,0,15551,False,,,False
official_ruler_niah_single_qwen25_7b,20260611_225910,15,mlx-community/Qwen2.5-7B-Instruct-4bit,qwen,mlx,4,full,recency,256,ruler,15684,,6.754144051095517,1.91015625,True,False,0.0,True,100.0,True,string_match_all,ruler_public_string_match,True,string_match_all,100.0,0.0,0.0,15803,15803,15739.5,190.10548158299935,88.07048391700664,11.318575752913603,0.0,0.0,0.0,0.0,11.308843338089646,88.42637306963752,0,15548,False,,,False
official_ruler_niah_single_qwen25_7b,20260611_225910,16,mlx-community/Qwen2.5-7B-Instruct-4bit,qwen,mlx,4,full,recency,256,ruler,15684,,5.6103290668115555,1.724609375,True,False,0.0,True,100.0,True,string_match_all,ruler_public_string_match,True,string_match_all,100.0,0.0,0.0,15803,15803,15739.5,182.04119787499076,87.28463116599596,11.151454162958544,0.0,0.0,0.0,0.0,11.478323645464448,87.12073564811362,0,15548,False,,,False
official_ruler_niah_single_qwen25_7b,20260611_225910,17,mlx-community/Qwen2.5-7B-Instruct-4bit,qwen,mlx,4,full,recency,256,ruler,15684,,4.941437347938466,1.59765625,True,False,0.0,True,100.0,True,string_match_all,ruler_public_string_match,True,string_match_all,100.0,0.0,0.0,15803,15803,15739.5,175.54055950000475,82.32566525001312,10.764010211089044,0.0,0.0,0.0,0.0,11.89147887170665,84.09382977413316,0,15548,False,,,False
official_ruler_niah_single_qwen25_7b,20260611_225910,18,mlx-community/Qwen2.5-7B-Instruct-4bit,qwen,mlx,4,full,recency,256,ruler,15696,,6.271010462790426,1.8359375,True,False,0.0,True,100.0,True,string_match_all,ruler_public_string_match,True,string_match_all,100.0,0.0,0.0,15815,15815,15751.5,177.92139025000506,82.5393406249932,11.568953622932895,0.0,0.0,0.0,0.0,11.064094832765884,90.38245017916324,0,15560,False,,,False
official_ruler_niah_single_qwen25_7b,20260611_225910,19,mlx-community/Qwen2.5-7B-Instruct-4bit,qwen,mlx,4,full,recency,256,ruler,15687,,4.960777586890675,1.6015625,True,False,0.0,True,100.0,True,string_match_all,ruler_public_string_match,True,string_match_all,100.0,0.0,0.0,15806,15806,15742.5,176.52006920799613,82.62076499999966,11.270084006013349,0.0,0.0,0.0,0.0,11.357501854618242,88.04753129697929,0,15551,False,,,False
official_ruler_niah_single_qwen25_7b,20260611_225910,0,mlx-community/Qwen2.5-7B-Instruct-4bit,qwen,mlx,4,random,random,256,ruler,15687,,26.66103470132838,3.283203125,False,False,0.0,False,0.0,False,string_match_all,ruler_public_string_match,True,string_match_all,0.0,0.0,0.0,256,256,256.0,172.40975341601006,82.44558308400156,5.5283035449974705,1.6099202870536828,0.002304000430740416,0.2522119658533484,0.7118369362869998,23.15357667287037,43.18987144529274,0,3612,False,,,False
official_ruler_niah_single_qwen25_7b,20260611_225910,1,mlx-community/Qwen2.5-7B-Instruct-4bit,qwen,mlx,4,random,random,256,ruler,15693,,32.002701224411915,3.4658203125,False,False,0.0,False,0.0,False,string_match_all,ruler_public_string_match,True,string_match_all,0.0,0.0,0.0,256,256,256.0,173.73085849999916,82.98485479199735,6.0081259059370495,1.5940784079721197,0.002350450027734041,0.24487824481911957,0.707219286399777,21.30448029950808,46.9384836401332,0,3612,False,,,False
official_ruler_niah_single_qwen25_7b,20260611_225910,2,mlx-community/Qwen2.5-7B-Instruct-4bit,qwen,mlx,4,random,random,256,ruler,15687,,23.52828054362271,3.158203125,False,False,0.0,False,0.0,False,string_match_all,ruler_public_string_match,True,string_match_all,0.0,0.0,0.0,256,256,256.0,177.33505599900673,84.71002387499902,6.108723547949921,1.5370285009703366,0.0023938425147207454,0.23496734219952486,0.6732037630572449,20.95364096857135,47.72440271835876,0,3612,False,,,False
official_ruler_niah_single_qwen25_7b,20260611_225910,3,mlx-community/Qwen2.5-7B-Instruct-4bit,qwen,mlx,4,random,random,256,ruler,15687,,29.396022468352484,3.380859375,False,False,0.0,False,0.0,False,string_match_all,ruler_public_string_match,True,string_match_all,0.0,0.0,0.0,256,256,256.0,175.57230070799415,84.89448037499096,5.993768867847393,1.6028161690483103,0.0026043935358757153,0.2555283069523284,0.6968656848039245,21.355511502392986,46.82631928005776,0,3612,False,,,False
official_ruler_niah_single_qwen25_7b,20260611_225910,4,mlx-community/Qwen2.5-7B-Instruct-4bit,qwen,mlx,4,random,random,256,ruler,15687,,35.32013242426123,3.564453125,False,False,0.0,False,0.0,False,string_match_all,ruler_public_string_match,True,string_match_all,0.0,0.0,0.0,256,256,256.0,172.5590472920012,82.76318783299939,5.528034670060151,1.5806949999532662,0.0023271831159945577,0.23973372820182703,0.6980673177167773,23.154702826530432,43.18777085984493,0,3612,False,,,False
official_ruler_niah_single_qwen25_7b,20260611_225910,5,mlx-community/Qwen2.5-7B-Instruct-4bit,qwen,mlx,4,random,random,256,ruler,15690,,764.8260615874276,6.6396484375,False,False,0.0,False,0.0,False,string_match_all,ruler_public_string_match,True,string_match_all,0.0,0.0,0.0,256,256,256.0,173.44390529199154,83.02284887499991,6.090888093953254,1.5846902060002321,0.002298062972840853,0.24769816202751826,0.6961194798059296,21.014997817325252,47.585063234009795,0,3612,False,,,False
official_ruler_niah_single_qwen25_7b,20260611_225910,6,mlx-community/Qwen2.5-7B-Instruct-4bit,qwen,mlx,4,random,random,256,ruler,15690,,1048.4604457250437,6.955078125,False,False,0.0,False,0.0,False,string_match_all,ruler_public_string_match,True,string_match_all,0.0,0.0,0.0,256,256,256.0,173.2500502920011,82.60977495899715,5.531432247895282,1.586513745089178,0.0023045228590490296,0.24428030611306895,0.6991634597361553,23.1404804874369,43.21431443668189,0,3612,False,,,False
official_ruler_niah_single_qwen25_7b,20260611_225910,7,mlx-community/Qwen2.5-7B-Instruct-4bit,qwen,mlx,4,random,random,256,ruler,15687,,33.735634676714525,3.5185546875,False,False,0.0,False,0.0,False,string_match_all,ruler_public_string_match,True,string_match_all,0.0,0.0,0.0,256,256,256.0,176.0459108750074,84.47466895800608,5.69990362408862,1.579956079061958,0.002330483912373893,0.23442120490653906,0.6916950446611736,22.456520046944902,44.53049706319234,0,3612,False,,,False
official_ruler_niah_single_qwen25_7b,20260611_225910,8,mlx-community/Qwen2.5-7B-Instruct-4bit,qwen,mlx,4,random,random,256,ruler,15693,,28.214717811314713,3.33984375,False,False,0.0,False,0.0,False,string_match_all,ruler_public_string_match,True,string_match_all,0.0,0.0,0.0,256,256,256.0,176.98749554200913,84.74653541699809,6.166812837036559,1.597025169772678,0.0023777955066179857,0.23485154546506237,0.7005826918320963,20.7562647647192,48.17822528934812,0,3612,False,,,False
official_ruler_niah_single_qwen25_7b,20260611_225910,9,mlx-community/Qwen2.5-7B-Instruct-4bit,qwen,mlx,4,random,random,256,ruler,15690,,437.0633389579708,6.080078125,False,False,0.0,False,0.0,False,string_match_all,ruler_public_string_match,True,string_match_all,0.0,0.0,0.0,256,256,256.0,176.72640633299307,84.46579324999766,6.155682539043482,1.5954543000843842,0.002335971308639273,0.23472832900006324,0.7005846703104908,20.793794869722056,48.091269836277206,0,3612,False,,,False
official_ruler_niah_single_qwen25_7b,20260611_225910,10,mlx-community/Qwen2.5-7B-Instruct-4bit,qwen,mlx,4,random,random,256,ruler,15687,,18.576084986220376,2.921875,False,False,0.0,False,0.0,False,string_match_all,ruler_public_string_match,True,string_match_all,0.0,0.0,0.0,256,256,256.0,176.5721846259985,84.49411595800484,6.171717627919861,1.5842541248566704,0.002314289245987311,0.2335608950088499,0.694482292921748,20.739769334382462,48.216543968123915,0,3612,False,,,False
official_ruler_niah_single_qwen25_7b,20260611_225910,11,mlx-community/Qwen2.5-7B-Instruct-4bit,qwen,mlx,4,random,random,256,ruler,15684,,340.38527063227053,5.830078125,False,False,0.0,False,0.0,False,string_match_all,ruler_public_string_match,True,string_match_all,0.0,0.0,0.0,256,256,256.0,177.06664499999897,84.42027054198843,6.156659209067584,1.5920207960298285,0.002321129883057438,0.23534125297737774,0.7001259324752027,20.790496217734518,48.0989000708405,0,3612,False,,,False
official_ruler_niah_single_qwen25_7b,20260611_225910,12,mlx-community/Qwen2.5-7B-Instruct-4bit,qwen,mlx,4,random,random,256,ruler,15687,,23.390822626823073,3.15234375,False,False,0.0,False,0.0,False,string_match_all,ruler_public_string_match,True,string_match_all,0.0,0.0,0.0,256,256,256.0,175.75695608400565,85.08253037500253,6.0922767930605914,1.566367544044624,0.0024583358026575297,0.24017194061889313,0.6878543768398231,21.010207570640652,47.59591244578587,0,3612,False,,,False
official_ruler_niah_single_qwen25_7b,20260611_225910,13,mlx-community/Qwen2.5-7B-Instruct-4bit,qwen,mlx,4,random,random,256,ruler,15684,,72.33079701870139,4.28125,False,False,0.0,False,0.0,False,string_match_all,ruler_public_string_match,True,string_match_all,0.0,0.0,0.0,256,256,256.0,172.53820745798294,82.66504691699811,5.570715215915698,1.5726686120469822,0.00239388232876081,0.24501729597977828,0.6868334280297859,22.97730094590013,43.52121262434139,0,3612,False,,,False
official_ruler_niah_single_qwen25_7b,20260611_225910,14,mlx-community/Qwen2.5-7B-Instruct-4bit,qwen,mlx,4,random,random,256,ruler,15687,,23.16350836406023,3.142578125,False,False,0.0,False,0.0,False,string_match_all,ruler_public_string_match,True,string_match_all,0.0,0.0,0.0,256,256,256.0,172.41599987501104,82.55379616699065,5.569704083012766,1.5639540798438247,0.002351514238398522,0.23953889330732636,0.6849021223606542,22.981472281515213,43.513313148537236,0,3612,False,,,False
official_ruler_niah_single_qwen25_7b,20260611_225910,15,mlx-community/Qwen2.5-7B-Instruct-4bit,qwen,mlx,4,random,random,256,ruler,15684,,91.43469485205186,4.515625,False,False,0.0,False,0.0,False,string_match_all,ruler_public_string_match,True,string_match_all,0.0,0.0,0.0,256,256,256.0,172.3721310839901,82.5536279999942,5.566810125092161,1.5677947079675505,0.0023534800275228918,0.2388907300628489,0.6885438580211485,22.993419413219325,43.49070410228251,0,3612,False,,,False
official_ruler_niah_single_qwen25_7b,20260611_225910,16,mlx-community/Qwen2.5-7B-Instruct-4bit,qwen,mlx,4,random,random,256,ruler,15684,,51.79355004464666,3.947265625,False,False,0.0,False,0.0,False,string_match_all,ruler_public_string_match,True,string_match_all,0.0,0.0,0.0,256,256,256.0,174.74220241600415,82.99957354199432,5.702179908024846,1.5921099999832222,0.002331606956431642,0.23296319246583153,0.7001840425946284,22.447555507651,44.54828053144411,0,3612,False,,,False
official_ruler_niah_single_qwen25_7b,20260611_225910,17,mlx-community/Qwen2.5-7B-Instruct-4bit,qwen,mlx,4,random,random,256,ruler,15684,,256.68549034578547,5.5478515625,False,False,0.0,False,0.0,False,string_match_all,ruler_public_string_match,True,string_match_all,0.0,0.0,0.0,256,256,256.0,176.02882749900164,84.29951333299687,5.703923258086434,1.5927757860481506,0.0023213566455524415,0.23500402698118705,0.7018606920464663,22.440694625148545,44.56190045380026,0,3612,False,,,False
official_ruler_niah_single_qwen25_7b,20260611_225910,18,mlx-community/Qwen2.5-7B-Instruct-4bit,qwen,mlx,4,random,random,256,ruler,15696,,54.173263858709824,3.9921875,False,False,0.0,False,0.0,False,string_match_all,ruler_public_string_match,True,string_match_all,0.0,0.0,0.0,256,256,256.0,177.19710725000186,84.7270856660034,6.240579204051755,1.5819961738889106,0.0024234154261648655,0.24491097101417836,0.6964769980695564,20.51091666569904,48.75452503165434,0,3612,False,,,False
official_ruler_niah_single_qwen25_7b,20260611_225910,19,mlx-community/Qwen2.5-7B-Instruct-4bit,qwen,mlx,4,random,random,256,ruler,15687,,8.115290514356445,2.09375,False,False,0.0,False,0.0,False,string_match_all,ruler_public_string_match,True,string_match_all,0.0,0.0,0.0,256,256,256.0,178.61370508400432,84.64716729200154,6.1780267572030425,1.58978365897201,0.002316328915185295,0.23399197252001613,0.7037166889349464,20.718589451035175,48.26583404064877,0,3612,False,,,False
official_ruler_niah_single_qwen25_7b,20260611_225910,0,mlx-community/Qwen2.5-7B-Instruct-4bit,qwen,mlx,4,recency,recency,256,ruler,15687,,233.9431471639231,5.455078125,False,False,0.0,False,0.0,False,string_match_all,ruler_public_string_match,True,string_match_all,0.0,0.0,0.0,256,256,256.0,203.84469908301253,99.53464566700859,5.339659162040334,0.0,0.0,0.0,0.0,23.97156749441101,41.71608720344011,0,15551,False,,,False
official_ruler_niah_single_qwen25_7b,20260611_225910,1,mlx-community/Qwen2.5-7B-Instruct-4bit,qwen,mlx,4,recency,recency,256,ruler,15693,,144.4099673433467,4.97265625,False,False,0.0,False,0.0,False,string_match_all,ruler_public_string_match,True,string_match_all,0.0,0.0,0.0,256,256,256.0,204.52973158298119,99.72469274999457,5.528671454099822,0.0,0.0,0.0,0.0,23.152035902781087,43.19274573515486,0,15557,False,,,False
official_ruler_niah_single_qwen25_7b,20260611_225910,2,mlx-community/Qwen2.5-7B-Instruct-4bit,qwen,mlx,4,recency,recency,256,ruler,15687,,93.05615470842727,4.533203125,False,False,0.0,False,0.0,False,string_match_all,ruler_public_string_match,True,string_match_all,0.0,0.0,0.0,256,256,256.0,204.39909366700158,99.29758074998972,5.348262622064794,0.0,0.0,0.0,0.0,23.93300573384769,41.783301734881206,0,15551,False,,,False
official_ruler_niah_single_qwen25_7b,20260611_225910,3,mlx-community/Qwen2.5-7B-Instruct-4bit,qwen,mlx,4,recency,recency,256,ruler,15687,,84.06922990995152,4.431640625,False,False,0.0,False,0.0,False,string_match_all,ruler_public_string_match,True,string_match_all,0.0,0.0,0.0,256,256,256.0,207.31169062400295,99.99570537499676,5.333753872924717,0.0,0.0,0.0,0.0,23.998107721047187,41.66995213222435,0,15551,False,,,False
official_ruler_niah_single_qwen25_7b,20260611_225910,4,mlx-community/Qwen2.5-7B-Instruct-4bit,qwen,mlx,4,recency,recency,256,ruler,15687,,121.36810590020536,4.798828125,False,False,0.0,False,0.0,False,string_match_all,ruler_public_string_match,True,string_match_all,0.0,0.0,0.0,256,256,256.0,205.73687504099507,100.47609387499688,5.406413291901117,0.0,0.0,0.0,0.0,23.675585473967704,42.23760384297748,0,15551,False,,,False
official_ruler_niah_single_qwen25_7b,20260611_225910,5,mlx-community/Qwen2.5-7B-Instruct-4bit,qwen,mlx,4,recency,recency,256,ruler,15690,,170.1565252164996,5.13671875,False,False,0.0,False,0.0,False,string_match_all,ruler_public_string_match,True,string_match_all,0.0,0.0,0.0,256,256,256.0,204.66783066600328,99.93447495800501,5.32469227904221,0.0,0.0,0.0,0.0,24.038947847522234,41.59915843001727,0,15554,False,,,False
official_ruler_niah_single_qwen25_7b,20260611_225910,6,mlx-community/Qwen2.5-7B-Instruct-4bit,qwen,mlx,4,recency,recency,256,ruler,15690,,235.7779860079121,5.462890625,False,False,0.0,False,0.0,False,string_match_all,ruler_public_string_match,True,string_match_all,0.0,0.0,0.0,256,256,256.0,204.75114758299605,99.43383983398962,5.339973290101625,0.0,0.0,0.0,0.0,23.970157348402022,41.718541328918946,0,15554,False,,,False
official_ruler_niah_single_qwen25_7b,20260611_225910,7,mlx-community/Qwen2.5-7B-Instruct-4bit,qwen,mlx,4,recency,recency,256,ruler,15687,,110.29129477712178,4.703125,False,False,0.0,False,0.0,False,string_match_all,ruler_public_string_match,True,string_match_all,0.0,0.0,0.0,256,256,256.0,208.21539687500626,101.35929274999944,5.492736122949282,0.0,0.0,0.0,0.0,23.30350432550388,42.91200096054126,0,15551,False,,,False
official_ruler_niah_single_qwen25_7b,20260611_225910,8,mlx-community/Qwen2.5-7B-Instruct-4bit,qwen,mlx,4,recency,recency,256,ruler,15693,,221.06073880966076,5.3984375,False,False,0.0,False,0.0,False,string_match_all,ruler_public_string_match,True,string_match_all,0.0,0.0,0.0,256,256,256.0,209.00401058299758,101.80015233300219,5.527640042069834,0.0,0.0,0.0,0.0,23.156355881681144,43.184687828670576,0,15557,False,,,False
official_ruler_niah_single_qwen25_7b,20260611_225910,9,mlx-community/Qwen2.5-7B-Instruct-4bit,qwen,mlx,4,recency,recency,256,ruler,15690,,308.7160353724083,5.732421875,False,False,0.0,False,0.0,False,string_match_all,ruler_public_string_match,True,string_match_all,0.0,0.0,0.0,256,256,256.0,208.8186426670145,101.6580692500138,5.496739001930109,0.0,0.0,0.0,0.0,23.286534062296653,42.94327345257898,0,15554,False,,,False
official_ruler_niah_single_qwen25_7b,20260611_225910,10,mlx-community/Qwen2.5-7B-Instruct-4bit,qwen,mlx,4,recency,recency,256,ruler,15687,,696.3820537288369,6.5458984375,False,False,0.0,False,0.0,False,string_match_all,ruler_public_string_match,True,string_match_all,0.0,0.0,0.0,256,256,256.0,208.29180445798556,101.32456499998807,5.489284554947517,0.0,0.0,0.0,0.0,23.318157169431675,42.885035585527476,0,15551,False,,,False
official_ruler_niah_single_qwen25_7b,20260611_225910,11,mlx-community/Qwen2.5-7B-Instruct-4bit,qwen,mlx,4,recency,recency,256,ruler,15684,,82.60436300370014,4.4140625,False,False,0.0,False,0.0,False,string_match_all,ruler_public_string_match,True,string_match_all,0.0,0.0,0.0,256,256,256.0,209.60628966600052,102.2199396250071,5.533075123035815,0.0,0.0,0.0,0.0,23.133609639077275,43.2271493987173,0,15548,False,,,False
official_ruler_niah_single_qwen25_7b,20260611_225910,12,mlx-community/Qwen2.5-7B-Instruct-4bit,qwen,mlx,4,recency,recency,256,ruler,15687,,175.90109467422238,5.169921875,False,False,0.0,False,0.0,False,string_match_all,ruler_public_string_match,True,string_match_all,0.0,0.0,0.0,256,256,256.0,204.78768600001058,100.24330633299542,5.4821739989565685,0.0,0.0,0.0,0.0,23.348401569224627,42.82948436684819,0,15551,False,,,False
official_ruler_niah_single_qwen25_7b,20260611_225910,13,mlx-community/Qwen2.5-7B-Instruct-4bit,qwen,mlx,4,recency,recency,256,ruler,15684,,202.8567368308649,5.3125,False,False,0.0,False,0.0,False,string_match_all,ruler_public_string_match,True,string_match_all,0.0,0.0,0.0,256,256,256.0,204.89663812499202,99.34286812500795,5.327712050013361,0.0,0.0,0.0,0.0,24.025322464580082,41.62275039072938,0,15548,False,,,False
official_ruler_niah_single_qwen25_7b,20260611_225910,14,mlx-community/Qwen2.5-7B-Instruct-4bit,qwen,mlx,4,recency,recency,256,ruler,15687,,470.7357400040708,6.154296875,False,False,0.0,False,0.0,False,string_match_all,ruler_public_string_match,True,string_match_all,0.0,0.0,0.0,256,256,256.0,204.0438780830009,99.57745154200529,5.34045928803971,0.0,0.0,0.0,0.0,23.967975991627526,41.72233818781024,0,15551,False,,,False
official_ruler_niah_single_qwen25_7b,20260611_225910,15,mlx-community/Qwen2.5-7B-Instruct-4bit,qwen,mlx,4,recency,recency,256,ruler,15684,,236.23893989057657,5.46484375,False,False,0.0,False,0.0,False,string_match_all,ruler_public_string_match,True,string_match_all,0.0,0.0,0.0,256,256,256.0,204.03748858399922,99.38603362500726,5.316228083000169,0.0,0.0,0.0,0.0,24.077221293290386,41.53303189843882,0,15548,False,,,False
official_ruler_niah_single_qwen25_7b,20260611_225910,16,mlx-community/Qwen2.5-7B-Instruct-4bit,qwen,mlx,4,recency,recency,256,ruler,15684,,183.6240801339607,5.212890625,False,False,0.0,False,0.0,False,string_match_all,ruler_public_string_match,True,string_match_all,0.0,0.0,0.0,256,256,256.0,205.88911887498398,99.24721575000149,5.326178074959898,0.0,0.0,0.0,0.0,24.0322419187916,41.610766210624206,0,15548,False,,,False
official_ruler_niah_single_qwen25_7b,20260611_225910,17,mlx-community/Qwen2.5-7B-Instruct-4bit,qwen,mlx,4,recency,recency,256,ruler,15684,,118.3252868447224,4.7734375,False,False,0.0,False,0.0,False,string_match_all,ruler_public_string_match,True,string_match_all,0.0,0.0,0.0,256,256,256.0,209.0342762079963,101.7813619160006,5.49552637700981,0.0,0.0,0.0,0.0,23.29167239292672,42.93379982038914,0,15548,False,,,False
official_ruler_niah_single_qwen25_7b,20260611_225910,18,mlx-community/Qwen2.5-7B-Instruct-4bit,qwen,mlx,4,recency,recency,256,ruler,15696,,112.46659565031442,4.72265625,False,False,0.0,False,0.0,False,string_match_all,ruler_public_string_match,True,string_match_all,0.0,0.0,0.0,256,256,256.0,210.53312999999616,102.89742883299186,5.572599748993525,0.0,0.0,0.0,0.0,22.969530518160443,43.535935539011916,0,15560,False,,,False
official_ruler_niah_single_qwen25_7b,20260611_225910,19,mlx-community/Qwen2.5-7B-Instruct-4bit,qwen,mlx,4,recency,recency,256,ruler,15687,,119.72006788311512,4.78515625,False,False,0.0,False,0.0,False,string_match_all,ruler_public_string_match,True,string_match_all,0.0,0.0,0.0,256,256,256.0,208.187448081997,101.3619475000014,5.493916750900098,0.0,0.0,0.0,0.0,23.298496465027263,42.92122461640702,0,15551,False,,,False
official_ruler_niah_single_qwen25_7b,20260611_225910,0,mlx-community/Qwen2.5-7B-Instruct-4bit,qwen,mlx,4,sink_recent,recency,256,ruler,15687,,184.8836230426822,5.2197265625,False,False,0.0,False,0.0,False,string_match_all,ruler_public_string_match,True,string_match_all,0.0,0.0,0.0,256,256,256.0,208.11713179199432,101.26133341700188,5.492840797014651,0.0,0.0,0.0,0.0,23.30306024335673,42.91281872667696,0,15551,False,,,False
official_ruler_niah_single_qwen25_7b,20260611_225910,1,mlx-community/Qwen2.5-7B-Instruct-4bit,qwen,mlx,4,sink_recent,recency,256,ruler,15693,,166.86540009848025,5.1171875,False,False,0.0,False,0.0,False,string_match_all,ruler_public_string_match,True,string_match_all,0.0,0.0,0.0,256,256,256.0,208.87792895799794,101.73917445799452,5.482088960998226,0.0,0.0,0.0,0.0,23.348763748754024,42.82882000779864,0,15557,False,,,False
official_ruler_niah_single_qwen25_7b,20260611_225910,2,mlx-community/Qwen2.5-7B-Instruct-4bit,qwen,mlx,4,sink_recent,recency,256,ruler,15687,,106.89798837141365,4.671875,False,False,0.0,False,0.0,False,string_match_all,ruler_public_string_match,True,string_match_all,0.0,0.0,0.0,256,256,256.0,208.38035295800364,101.27985033400182,5.552303421965917,0.0,0.0,0.0,0.0,23.053495148267448,43.377370484108724,0,15551,False,,,False
official_ruler_niah_single_qwen25_7b,20260611_225910,3,mlx-community/Qwen2.5-7B-Instruct-4bit,qwen,mlx,4,sink_recent,recency,256,ruler,15687,,309.92431577182936,5.736328125,False,False,0.0,False,0.0,False,string_match_all,ruler_public_string_match,True,string_match_all,0.0,0.0,0.0,256,256,256.0,208.12235608301125,101.28254120799829,5.481507550124661,0.0,0.0,0.0,0.0,23.351240298317023,42.824277735348915,0,15551,False,,,False
official_ruler_niah_single_qwen25_7b,20260611_225910,4,mlx-community/Qwen2.5-7B-Instruct-4bit,qwen,mlx,4,sink_recent,recency,256,ruler,15687,,162.3644906197382,5.08984375,False,False,0.0,False,0.0,False,string_match_all,ruler_public_string_match,True,string_match_all,0.0,0.0,0.0,256,256,256.0,208.07568199999514,101.27569383299851,5.488772917102324,0.0,0.0,0.0,0.0,23.320330779429433,42.881038414861905,0,15551,False,,,False
official_ruler_niah_single_qwen25_7b,20260611_225910,5,mlx-community/Qwen2.5-7B-Instruct-4bit,qwen,mlx,4,sink_recent,recency,256,ruler,15690,,147.5460934605264,4.994140625,False,False,0.0,False,0.0,False,string_match_all,ruler_public_string_match,True,string_match_all,0.0,0.0,0.0,256,256,256.0,209.35554337501526,101.96068670800014,5.561833594882046,0.0,0.0,0.0,0.0,23.013993104321667,43.45182496001598,0,15554,False,,,False
official_ruler_niah_single_qwen25_7b,20260611_225910,6,mlx-community/Qwen2.5-7B-Instruct-4bit,qwen,mlx,4,sink_recent,recency,256,ruler,15690,,177.2807040584729,5.177734375,False,False,0.0,False,0.0,False,string_match_all,ruler_public_string_match,True,string_match_all,0.0,0.0,0.0,256,256,256.0,210.2665593339916,102.17022308299784,5.489493537083035,0.0,0.0,0.0,0.0,23.317269459436442,42.886668258461214,0,15554,False,,,False
official_ruler_niah_single_qwen25_7b,20260611_225910,7,mlx-community/Qwen2.5-7B-Instruct-4bit,qwen,mlx,4,sink_recent,recency,256,ruler,15687,,127.44134888284603,4.84765625,False,False,0.0,False,0.0,False,string_match_all,ruler_public_string_match,True,string_match_all,0.0,0.0,0.0,256,256,256.0,210.77329800000007,102.53727437500493,5.50543020501209,0.0,0.0,0.0,0.0,23.249772539749948,43.01117347665695,0,15551,False,,,False
official_ruler_niah_single_qwen25_7b,20260611_225910,8,mlx-community/Qwen2.5-7B-Instruct-4bit,qwen,mlx,4,sink_recent,recency,256,ruler,15693,,165.2437861001544,5.107421875,False,False,0.0,False,0.0,False,string_match_all,ruler_public_string_match,True,string_match_all,0.0,0.0,0.0,256,256,256.0,217.6686895830062,105.59931387500546,5.504788080841536,0.0,0.0,0.0,0.0,23.25248458618814,43.0061568815745,0,15557,False,,,False
official_ruler_niah_single_qwen25_7b,20260611_225910,9,mlx-community/Qwen2.5-7B-Instruct-4bit,qwen,mlx,4,sink_recent,recency,256,ruler,15690,,185.06426164389595,5.220703125,False,False,0.0,False,0.0,False,string_match_all,ruler_public_string_match,True,string_match_all,0.0,0.0,0.0,256,256,256.0,219.64804441700107,106.92980316698959,5.505533001138247,0.0,0.0,0.0,0.0,23.24933843345168,43.01197657139255,0,15554,False,,,False
official_ruler_niah_single_qwen25_7b,20260611_225910,10,mlx-community/Qwen2.5-7B-Instruct-4bit,qwen,mlx,4,sink_recent,recency,256,ruler,15687,,750.765798300995,6.62109375,False,False,0.0,False,0.0,False,string_match_all,ruler_public_string_match,True,string_match_all,0.0,0.0,0.0,256,256,256.0,219.59613220799656,106.84012058300141,5.498662126978161,0.0,0.0,0.0,0.0,23.278389732657306,42.95829786701688,0,15551,False,,,False
official_ruler_niah_single_qwen25_7b,20260611_225910,11,mlx-community/Qwen2.5-7B-Instruct-4bit,qwen,mlx,4,sink_recent,recency,256,ruler,15684,,111.37363446277664,4.712890625,False,False,0.0,False,0.0,False,string_match_all,ruler_public_string_match,True,string_match_all,0.0,0.0,0.0,256,256,256.0,221.3837493750034,108.09357266599545,5.543894462956814,0.0,0.0,0.0,0.0,23.088462606074163,43.31167549185011,0,15548,False,,,False
official_ruler_niah_single_qwen25_7b,20260611_225910,12,mlx-community/Qwen2.5-7B-Instruct-4bit,qwen,mlx,4,sink_recent,recency,256,ruler,15687,,175.21532129628568,5.166015625,False,False,0.0,False,0.0,False,string_match_all,ruler_public_string_match,True,string_match_all,0.0,0.0,0.0,256,256,256.0,219.02482962500653,106.60804420799832,5.496557549893623,0.0,0.0,0.0,0.0,23.287302795997693,42.94185585854393,0,15551,False,,,False
official_ruler_niah_single_qwen25_7b,20260611_225910,13,mlx-community/Qwen2.5-7B-Instruct-4bit,qwen,mlx,4,sink_recent,recency,256,ruler,15684,,156.14440466345445,5.05078125,False,False,0.0,False,0.0,False,string_match_all,ruler_public_string_match,True,string_match_all,0.0,0.0,0.0,256,256,256.0,220.05980616700253,107.25674554199213,5.50475591509894,0.0,0.0,0.0,0.0,23.252620456596464,43.00590558671047,0,15548,False,,,False
official_ruler_niah_single_qwen25_7b,20260611_225910,14,mlx-community/Qwen2.5-7B-Instruct-4bit,qwen,mlx,4,sink_recent,recency,256,ruler,15687,,182.19510620545222,5.205078125,False,False,0.0,False,0.0,False,string_match_all,ruler_public_string_match,True,string_match_all,0.0,0.0,0.0,256,256,256.0,220.53187733299274,107.1492713339976,5.501582456068718,0.0,0.0,0.0,0.0,23.266033186288976,42.98111293803686,0,15551,False,,,False
official_ruler_niah_single_qwen25_7b,20260611_225910,15,mlx-community/Qwen2.5-7B-Instruct-4bit,qwen,mlx,4,sink_recent,recency,256,ruler,15684,,190.1944319553356,5.248046875,False,False,0.0,False,0.0,False,string_match_all,ruler_public_string_match,True,string_match_all,0.0,0.0,0.0,256,256,256.0,222.05382912399364,108.09414004199789,5.5010891291021835,0.0,0.0,0.0,0.0,23.268119638863315,42.97725882111081,0,15548,False,,,False
official_ruler_niah_single_qwen25_7b,20260611_225910,16,mlx-community/Qwen2.5-7B-Instruct-4bit,qwen,mlx,4,sink_recent,recency,256,ruler,15684,,166.86540009848025,5.1171875,False,False,0.0,False,0.0,False,string_match_all,ruler_public_string_match,True,string_match_all,0.0,0.0,0.0,256,256,256.0,221.49510670900054,107.88158320900402,5.514588376972824,0.0,0.0,0.0,0.0,23.211161241786872,43.08272169510019,0,15548,False,,,False
official_ruler_niah_single_qwen25_7b,20260611_225910,17,mlx-community/Qwen2.5-7B-Instruct-4bit,qwen,mlx,4,sink_recent,recency,256,ruler,15684,,124.73255373099722,4.826171875,False,False,0.0,False,0.0,False,string_match_all,ruler_public_string_match,True,string_match_all,0.0,0.0,0.0,256,256,256.0,221.95994220802095,107.98690524999984,5.501001843964332,0.0,0.0,0.0,0.0,23.268488837254413,42.97657690597134,0,15548,False,,,False
official_ruler_niah_single_qwen25_7b,20260611_225910,18,mlx-community/Qwen2.5-7B-Instruct-4bit,qwen,mlx,4,sink_recent,recency,256,ruler,15696,,171.82635020483724,5.146484375,False,False,0.0,False,0.0,False,string_match_all,ruler_public_string_match,True,string_match_all,0.0,0.0,0.0,256,256,256.0,224.06747325099423,109.17078837499139,5.531940923072398,0.0,0.0,0.0,0.0,23.138352665000944,43.21828846150311,0,15560,False,,,False
official_ruler_niah_single_qwen25_7b,20260611_225910,19,mlx-community/Qwen2.5-7B-Instruct-4bit,qwen,mlx,4,sink_recent,recency,256,ruler,15687,,125.9566121960733,4.8359375,False,False,0.0,False,0.0,False,string_match_all,ruler_public_string_match,True,string_match_all,0.0,0.0,0.0,256,256,256.0,223.43567787500797,109.03284020799038,5.503820707992418,0.0,0.0,0.0,0.0,23.256571532957782,42.998599281190764,0,15551,False,,,False
official_ruler_niah_single_qwen25_7b,20260611_225910,0,mlx-community/Qwen2.5-7B-Instruct-4bit,qwen,mlx,4,attention,attention,256,ruler,15687,,5.732167606325711,1.74609375,True,False,0.0,True,100.0,True,string_match_all,ruler_public_string_match,True,string_match_all,100.0,0.0,0.0,256,256,256.0,240.8255850840069,89.80297649999557,9.044593043989153,3.0529922450659797,0.010779229414765723,0.04436886102485005,1.7410770678106928,14.152101634364426,70.66088315616526,3612,3612,False,,,False
official_ruler_niah_single_qwen25_7b,20260611_225910,1,mlx-community/Qwen2.5-7B-Instruct-4bit,qwen,mlx,4,attention,attention,256,ruler,15693,,6.4071969051480036,1.857421875,True,False,0.0,True,100.0,True,string_match_all,ruler_public_string_match,True,string_match_all,100.0,0.0,0.0,256,256,256.0,230.03765370800102,86.49320841699955,8.658475372969406,3.0840227090811823,0.009705826916615479,0.02584622889116872,1.6147454049350927,14.783203102892545,67.64433885132348,3612,3612,False,,,False
official_ruler_niah_single_qwen25_7b,20260611_225910,2,mlx-community/Qwen2.5-7B-Instruct-4bit,qwen,mlx,4,attention,attention,256,ruler,15687,,5.009460000718975,1.611328125,True,False,0.0,True,100.0,True,string_match_all,ruler_public_string_match,True,string_match_all,100.0,0.0,0.0,256,256,256.0,234.4397883329948,88.18128920800518,9.182369503047084,3.0462541739543667,0.009515459692920558,0.025582806585589424,1.6079795832629316,13.939757048278702,71.73726174255535,3612,3612,False,,,False
official_ruler_niah_single_qwen25_7b,20260611_225910,3,mlx-community/Qwen2.5-7B-Instruct-4bit,qwen,mlx,4,attention,attention,256,ruler,15687,,4.941437347938466,1.59765625,True,False,0.020618556701030924,True,100.0,True,string_match_all,ruler_public_string_match,True,string_match_all,100.0,0.0,0.0,256,256,256.0,233.46454379199713,87.27542658298626,8.217411336052464,3.0311490429157857,0.009610706649255008,0.025753467009053566,1.6190541460964596,15.576681605120854,64.19852606290988,3612,3612,False,,,False
official_ruler_niah_single_qwen25_7b,20260611_225910,4,mlx-community/Qwen2.5-7B-Instruct-4bit,qwen,mlx,4,attention,attention,256,ruler,15687,,6.688506629955475,1.900390625,True,False,0.0,True,100.0,True,string_match_all,ruler_public_string_match,True,string_match_all,100.0,0.0,0.0,256,256,256.0,234.68597183299426,86.5168485000031,9.704995539868833,3.077546290878672,0.010442777143907733,0.025689126414363272,1.6270667996577686,13.189083856264192,75.82027765522525,3612,3612,False,,,False
official_ruler_niah_single_qwen25_7b,20260611_225910,5,mlx-community/Qwen2.5-7B-Instruct-4bit,qwen,mlx,4,attention,attention,256,ruler,15690,,6.125742661881986,1.8125,True,False,0.02247191011235955,True,100.0,True,string_match_all,ruler_public_string_match,True,string_match_all,100.0,0.0,0.0,256,256,256.0,233.48273145900748,86.80229562500608,7.877809500947478,3.064288459107047,0.00955738736956846,0.026130014201044105,1.6083777095045662,16.248171523391775,61.545386726152174,3612,3612,False,,,False
official_ruler_niah_single_qwen25_7b,20260611_225910,6,mlx-community/Qwen2.5-7B-Instruct-4bit,qwen,mlx,4,attention,attention,256,ruler,15690,,5.291044238648667,1.666015625,True,False,0.0,True,100.0,True,string_match_all,ruler_public_string_match,True,string_match_all,100.0,0.0,0.0,256,256,256.0,234.16873454200686,87.35089729100582,9.046165586012648,3.042001755995443,0.009649216997786425,0.026290448440704495,1.6365202532615513,14.149641500915704,70.67316864072382,3612,3612,False,,,False
official_ruler_niah_single_qwen25_7b,20260611_225910,7,mlx-community/Qwen2.5-7B-Instruct-4bit,qwen,mlx,4,attention,attention,256,ruler,15687,,9.846434155787346,2.287109375,False,False,0.0,False,0.0,False,string_match_all,ruler_public_string_match,True,string_match_all,0.0,0.0,0.0,256,256,256.0,234.50959945899376,86.41828199999873,8.81777395492827,3.0446176660916535,0.009967702790163457,0.025882545349304564,1.6437046574428678,14.516135325567124,68.88885902287711,3612,3612,False,,,False
official_ruler_niah_single_qwen25_7b,20260611_225910,8,mlx-community/Qwen2.5-7B-Instruct-4bit,qwen,mlx,4,attention,attention,256,ruler,15693,,5.427107211002928,1.69140625,True,False,0.0,True,100.0,True,string_match_all,ruler_public_string_match,True,string_match_all,100.0,0.0,0.0,256,256,256.0,235.65233254198392,86.38520849999622,10.366184580983827,3.017716702845064,0.009611994319129735,0.025629913798184134,1.623311609364464,12.347841098142192,80.98581703893615,3612,3612,False,,,False
official_ruler_niah_single_qwen25_7b,20260611_225910,9,mlx-community/Qwen2.5-7B-Instruct-4bit,qwen,mlx,4,attention,attention,256,ruler,15690,,5.891069145785306,1.7734375,True,False,0.0,True,100.0,True,string_match_all,ruler_public_string_match,True,string_match_all,100.0,0.0,0.0,256,256,256.0,236.29738074999477,86.12757870799396,10.149132540987921,3.055643547209911,0.009652146138250828,0.02583257957303431,1.6162874967267271,12.611915302422528,79.29009797646813,3612,3612,False,,,False
official_ruler_niah_single_qwen25_7b,20260611_225910,10,mlx-community/Qwen2.5-7B-Instruct-4bit,qwen,mlx,4,attention,attention,256,ruler,15687,,5.384873127618627,1.68359375,True,False,0.0,True,100.0,True,string_match_all,ruler_public_string_match,True,string_match_all,100.0,0.0,0.0,256,256,256.0,231.89658979199885,85.22387233401241,9.296029004020966,2.9043315869639628,0.009955453395377845,0.02648869517724961,1.5790274398750626,13.76932020593245,72.6252265939138,3612,3612,False,,,False
official_ruler_niah_single_qwen25_7b,20260611_225910,11,mlx-community/Qwen2.5-7B-Instruct-4bit,qwen,mlx,4,attention,attention,256,ruler,15684,,5.57755216479126,1.71875,True,False,0.0,True,100.0,True,string_match_all,ruler_public_string_match,True,string_match_all,100.0,0.0,0.0,256,256,256.0,232.86352670899942,85.48424050000904,9.570918204874033,3.034916925971629,0.009581066115060821,0.02576917881378904,1.6008647182607092,13.373847447031302,74.77279847557838,3612,3612,False,,,False
official_ruler_niah_single_qwen25_7b,20260611_225910,12,mlx-community/Qwen2.5-7B-Instruct-4bit,qwen,mlx,4,attention,attention,256,ruler,15687,,40.33685733281881,3.697265625,False,False,0.0,False,0.0,False,string_match_all,ruler_public_string_match,True,string_match_all,0.0,0.0,0.0,256,256,256.0,230.53072500000417,85.16932512499625,8.822535455823527,3.0528177149535622,0.011139251058921218,0.026364354009274393,1.6253739060048247,14.508301002690844,68.9260582486213,3612,3612,False,,,False
official_ruler_niah_single_qwen25_7b,20260611_225910,13,mlx-community/Qwen2.5-7B-Instruct-4bit,qwen,mlx,4,attention,attention,256,ruler,15684,,5.098295407305361,1.62890625,True,False,0.0,True,100.0,True,string_match_all,ruler_public_string_match,True,string_match_all,100.0,0.0,0.0,256,256,256.0,232.53375079100078,85.39876324999204,9.794991209128057,3.0311020068911603,0.009587616761564277,0.02591533061058726,1.631463754674769,13.067903509777063,76.52336882131294,3612,3612,False,,,False
official_ruler_niah_single_qwen25_7b,20260611_225910,14,mlx-community/Qwen2.5-7B-Instruct-4bit,qwen,mlx,4,attention,attention,256,ruler,15687,,4.82696907506264,1.57421875,True,False,0.01941747572815534,True,100.0,True,string_match_all,ruler_public_string_match,True,string_match_all,100.0,0.0,0.0,256,256,256.0,234.35243433401047,86.78178391599795,8.914530166046461,3.057149914180627,0.009707408797112294,0.025858705354039557,1.6242141136026476,14.358580611182923,69.64476692223798,3612,3612,False,,,False
official_ruler_niah_single_qwen25_7b,20260611_225910,15,mlx-community/Qwen2.5-7B-Instruct-4bit,qwen,mlx,4,attention,attention,256,ruler,15684,,6.67545588945633,1.8984375,True,False,0.02,True,100.0,True,string_match_all,ruler_public_string_match,True,string_match_all,100.0,0.0,0.0,256,256,256.0,234.21595695799624,86.73540199999115,9.276151369980653,3.0544556719396496,0.009767269875737838,0.025617550971219316,1.6385509768297197,13.798826139710457,72.46993257797385,3612,3612,False,,,False
official_ruler_niah_single_qwen25_7b,20260611_225910,16,mlx-community/Qwen2.5-7B-Instruct-4bit,qwen,mlx,4,attention,attention,256,ruler,15684,,18.83179895971962,2.935546875,False,False,0.0,False,0.0,False,string_match_all,ruler_public_string_match,True,string_match_all,0.0,0.0,0.0,256,256,256.0,232.8816854159959,86.38974533299915,9.209649833966978,3.0341282228619093,0.009767199357156642,0.027507515173056163,1.6174949902197113,13.89846544739531,71.95038932786701,3612,3612,False,,,False
official_ruler_niah_single_qwen25_7b,20260611_225910,17,mlx-community/Qwen2.5-7B-Instruct-4bit,qwen,mlx,4,attention,attention,256,ruler,15684,,9.23182034919064,2.22265625,False,False,0.0,False,0.0,False,string_match_all,ruler_public_string_match,True,string_match_all,0.0,0.0,0.0,256,256,256.0,232.3985464580037,86.52414791699266,8.64740716596134,3.0574621340056183,0.009759750770172104,0.026281946877134033,1.6365601940633496,14.802124792255011,67.55786848407297,3612,3612,False,,,False
official_ruler_niah_single_qwen25_7b,20260611_225910,18,mlx-community/Qwen2.5-7B-Instruct-4bit,qwen,mlx,4,attention,attention,256,ruler,15696,,6.44484927647148,1.86328125,True,False,0.0,True,100.0,True,string_match_all,ruler_public_string_match,True,string_match_all,100.0,0.0,0.0,256,256,256.0,234.04149512399454,85.73493175000476,10.609120213019196,3.039574342954438,0.009803640874451958,0.026308649277780205,1.6456328990752809,12.065090924591676,82.88375166421247,3612,3612,False,,,False
official_ruler_niah_single_qwen25_7b,20260611_225910,19,mlx-community/Qwen2.5-7B-Instruct-4bit,qwen,mlx,4,attention,attention,256,ruler,15687,,4.951098023941522,1.599609375,True,False,0.0,True,100.0,True,string_match_all,ruler_public_string_match,True,string_match_all,100.0,0.0,0.0,256,256,256.0,232.1860780420102,84.69820487500692,9.581159256049432,3.0515792578080436,0.009630244167055935,0.025895822036545724,1.6578762173012365,13.359552490392256,74.85280668788619,3612,3612,False,,,False
official_ruler_niah_single_qwen25_7b,20260611_225910,0,mlx-community/Qwen2.5-7B-Instruct-4bit,qwen,mlx,4,snapkv,attention,256,ruler,15687,,5.743374186545336,1.748046875,True,False,0.022988505747126436,True,100.0,True,string_match_all,ruler_public_string_match,True,string_match_all,100.0,0.0,0.0,384,384,320.5,475.64685291699425,107.40287183399778,11.180882337939693,0.0,22.775622335990192,0.006680335980490781,0.043157498963410035,11.448112602496685,87.35064326515385,28,28,False,,,False
official_ruler_niah_single_qwen25_7b,20260611_225910,1,mlx-community/Qwen2.5-7B-Instruct-4bit,qwen,mlx,4,snapkv,attention,256,ruler,15693,,16.554212894695087,2.806640625,False,False,0.0,False,0.0,False,string_match_all,ruler_public_string_match,True,string_match_all,0.0,0.0,0.0,384,384,320.5,477.31679112499114,107.92260316699685,9.650362416025018,0.0,22.599376707017655,0.0027194549911655486,0.035524253064068034,13.263750570387714,75.39345637519546,28,28,False,,,False
official_ruler_niah_single_qwen25_7b,20260611_225910,2,mlx-community/Qwen2.5-7B-Instruct-4bit,qwen,mlx,4,snapkv,attention,256,ruler,15687,,7.133797847157793,1.96484375,False,False,0.0,False,0.0,False,string_match_all,ruler_public_string_match,True,string_match_all,0.0,0.0,0.0,384,384,320.5,481.4021105000138,110.66800570700434,11.329862880083965,0.0,25.34657566304668,0.0029247930215205997,0.03454700195288751,11.297577151176554,88.51455375065598,28,28,False,,,False
official_ruler_niah_single_qwen25_7b,20260611_225910,3,mlx-community/Qwen2.5-7B-Instruct-4bit,qwen,mlx,4,snapkv,attention,256,ruler,15687,,5.5666691396332775,1.716796875,False,False,0.0,False,0.0,False,string_match_all,ruler_public_string_match,True,string_match_all,0.0,0.0,0.0,384,384,320.5,477.6337464590033,109.43605575000402,10.462162872965564,0.0,24.125650584013783,0.002677209980902262,0.031826039994484745,12.234563880739664,81.73564744504347,28,28,False,,,False
official_ruler_niah_single_qwen25_7b,20260611_225910,4,mlx-community/Qwen2.5-7B-Instruct-4bit,qwen,mlx,4,snapkv,attention,256,ruler,15687,,8.689447643985499,2.162109375,False,False,0.0,False,0.0,False,string_match_all,ruler_public_string_match,True,string_match_all,0.0,0.0,0.0,384,384,320.5,475.82721141599177,108.41537162500026,9.97761882803752,0.0,23.110139913027524,0.002684210005099885,0.030219000051147304,12.828712161293907,77.95014709404313,28,28,False,,,False
official_ruler_niah_single_qwen25_7b,20260611_225910,5,mlx-community/Qwen2.5-7B-Instruct-4bit,qwen,mlx,4,snapkv,attention,256,ruler,15690,,5.879574380370882,1.771484375,True,False,0.027027027027027025,True,100.0,True,string_match_all,ruler_public_string_match,True,string_match_all,100.0,0.0,0.0,384,384,320.5,479.6446124579961,108.65784412599169,10.36064291515504,0.0,23.087799170039943,0.0028681229887297377,0.0338929170393385,12.35444566985007,80.94252277464875,28,28,False,,,False
official_ruler_niah_single_qwen25_7b,20260611_225910,6,mlx-community/Qwen2.5-7B-Instruct-4bit,qwen,mlx,4,snapkv,attention,256,ruler,15690,,5.5666691396332775,1.716796875,True,False,0.0,True,100.0,True,string_match_all,ruler_public_string_match,True,string_match_all,100.0,0.0,0.0,384,384,320.5,478.7192659160064,109.29046170899528,10.841340124112321,0.0,23.771550208024564,0.0027532880048966035,0.03793271095491946,11.80665845132135,84.69796971962751,28,28,False,,,False
official_ruler_niah_single_qwen25_7b,20260611_225910,7,mlx-community/Qwen2.5-7B-Instruct-4bit,qwen,mlx,4,snapkv,attention,256,ruler,15687,,5.459000012011871,1.697265625,True,False,0.0,True,100.0,True,string_match_all,ruler_public_string_match,True,string_match_all,100.0,0.0,0.0,384,384,320.5,477.862306873998,109.47642475101748,10.217782373976661,0.0,24.134562628009007,0.002910832015913911,0.03514725298737176,12.527180097904518,79.82642479669266,28,28,False,,,False
official_ruler_niah_single_qwen25_7b,20260611_225910,8,mlx-community/Qwen2.5-7B-Instruct-4bit,qwen,mlx,4,snapkv,attention,256,ruler,15693,,5.363879496843748,1.6796875,True,False,0.0,True,100.0,True,string_match_all,ruler_public_string_match,True,string_match_all,100.0,0.0,0.0,384,384,320.5,479.6525698330079,109.15471333399182,11.067946539042168,0.0,23.570156791072804,0.002807998040225357,0.029785710969008505,11.564927563435562,86.46833233626694,28,28,False,,,False
official_ruler_niah_single_qwen25_7b,20260611_225910,9,mlx-community/Qwen2.5-7B-Instruct-4bit,qwen,mlx,4,snapkv,attention,256,ruler,15690,,5.937273373745607,1.78125,True,False,0.02150537634408602,True,100.0,True,string_match_all,ruler_public_string_match,True,string_match_all,100.0,0.0,0.0,384,384,320.5,478.66637950000586,109.25596404100361,9.650081422005314,0.0,23.75280470692087,0.0029831250139977783,0.031041169000673108,13.26413678832994,75.39126110941652,28,28,False,,,False
official_ruler_niah_single_qwen25_7b,20260611_225910,10,mlx-community/Qwen2.5-7B-Instruct-4bit,qwen,mlx,4,snapkv,attention,256,ruler,15687,,9.053260780008058,2.203125,False,False,0.0,False,0.0,False,string_match_all,ruler_public_string_match,True,string_match_all,0.0,0.0,0.0,384,384,320.5,482.1940488760156,109.6989765830076,10.70522320602322,0.0,24.356886708003003,0.0028607469866983593,0.03611170696967747,11.956780119071379,83.6345562970564,28,28,False,,,False
official_ruler_niah_single_qwen25_7b,20260611_225910,11,mlx-community/Qwen2.5-7B-Instruct-4bit,qwen,mlx,4,snapkv,attention,256,ruler,15684,,8.210950990931725,2.10546875,False,False,0.0,False,0.0,False,string_match_all,ruler_public_string_match,True,string_match_all,0.0,0.0,0.0,384,384,320.5,474.8943663750106,107.8480194159929,9.572760668073897,0.0,22.548977710030158,0.0029832879808964208,0.034521376990596764,13.371273391059765,74.78719271932732,28,28,False,,,False
official_ruler_niah_single_qwen25_7b,20260611_225910,12,mlx-community/Qwen2.5-7B-Instruct-4bit,qwen,mlx,4,snapkv,attention,256,ruler,15687,,8.147052863378178,2.09765625,False,False,0.0,False,0.0,False,string_match_all,ruler_public_string_match,True,string_match_all,0.0,0.0,0.0,384,384,320.5,480.8774939989962,109.22784241600311,10.348510291834828,0.0,23.879201045027003,0.0027768360159825534,0.03719375000218861,12.368930057594323,80.84773665495959,28,28,False,,,False
official_ruler_niah_single_qwen25_7b,20260611_225910,13,mlx-community/Qwen2.5-7B-Instruct-4bit,qwen,mlx,4,snapkv,attention,256,ruler,15684,,6.610583167435106,1.888671875,False,False,0.0,False,0.0,False,string_match_all,ruler_public_string_match,True,string_match_all,0.0,0.0,0.0,384,384,320.5,474.8831164169969,107.76517533398874,8.883411627932219,0.0,22.493924540976877,0.0030447940080193803,0.03063466798630543,14.408878633691593,69.40165334322046,28,28,False,,,False
official_ruler_niah_single_qwen25_7b,20260611_225910,14,mlx-community/Qwen2.5-7B-Instruct-4bit,qwen,mlx,4,snapkv,attention,256,ruler,15687,,6.740965237620187,1.908203125,False,False,0.0,False,0.0,False,string_match_all,ruler_public_string_match,True,string_match_all,0.0,0.0,0.0,384,384,320.5,475.7799207509961,107.59925133299839,8.856859460036503,0.0,22.208371333006653,0.002794252024614252,0.03284350098692812,14.452075318294872,69.19421453153518,28,28,False,,,False
official_ruler_niah_single_qwen25_7b,20260611_225910,15,mlx-community/Qwen2.5-7B-Instruct-4bit,qwen,mlx,4,snapkv,attention,256,ruler,15684,,7.773972150238821,2.05078125,False,False,0.0,False,0.0,False,string_match_all,ruler_public_string_match,True,string_match_all,0.0,0.0,0.0,384,384,320.5,475.2539235840086,107.59397733300284,9.499863918957999,0.0,22.20136024997919,0.002863916990463622,0.03232908100471832,13.473877214658017,74.21768686685937,28,28,False,,,False
official_ruler_niah_single_qwen25_7b,20260611_225910,16,mlx-community/Qwen2.5-7B-Instruct-4bit,qwen,mlx,4,snapkv,attention,256,ruler,15684,,8.638681785041102,2.15625,False,False,0.0,False,0.0,False,string_match_all,ruler_public_string_match,True,string_match_all,0.0,0.0,0.0,384,384,320.5,477.7184791250038,108.6265101670142,10.549946756000281,0.0,23.23855700198328,0.0028894979768665507,0.03810133803926874,12.132762653726191,82.4214590312522,28,28,False,,,False
official_ruler_niah_single_qwen25_7b,20260611_225910,17,mlx-community/Qwen2.5-7B-Instruct-4bit,qwen,mlx,4,snapkv,attention,256,ruler,15684,,8.372897488127265,2.125,False,False,0.0,False,0.0,False,string_match_all,ruler_public_string_match,True,string_match_all,0.0,0.0,0.0,384,384,320.5,475.5323479580111,108.14629241700459,9.658404374014935,0.0,22.76984254299896,0.0029693319811485708,0.03075725000235252,13.252706662849242,75.45628417199168,28,28,False,,,False
official_ruler_niah_single_qwen25_7b,20260611_225910,18,mlx-community/Qwen2.5-7B-Instruct-4bit,qwen,mlx,4,snapkv,attention,256,ruler,15696,,10.33914833878563,2.3359375,False,False,0.0,False,0.0,False,string_match_all,ruler_public_string_match,True,string_match_all,0.0,0.0,0.0,384,384,320.5,476.97856262599817,109.1215908749873,10.707902588983416,0.0,23.531197209013044,0.0027835800137836486,0.03349987698311452,11.953788235960413,83.65548897643293,28,28,False,,,False
official_ruler_niah_single_qwen25_7b,20260611_225910,19,mlx-community/Qwen2.5-7B-Instruct-4bit,qwen,mlx,4,snapkv,attention,256,ruler,15687,,5.219197998726548,1.65234375,True,False,0.020408163265306124,True,100.0,True,string_match_all,ruler_public_string_match,True,string_match_all,100.0,0.0,0.0,384,384,320.5,474.751562541991,107.64850245800335,10.574277048013755,0.0,22.251596456000698,0.0029815009620506316,0.027706084001692943,12.104846451327203,82.61153943760746,28,28,False,,,False
official_ruler_niah_single_qwen25_7b,20260611_225910,0,mlx-community/Qwen2.5-7B-Instruct-4bit,qwen,mlx,4,compactor,hybrid,256,ruler,15687,,36.37020880080945,3.59375,False,False,0.0,False,0.0,False,string_match_all,ruler_public_string_match,True,string_match_all,0.0,0.0,0.0,809,809,745.5,493.77074041601736,92.82430458298768,7.127479377013515,0.0,7.430049459027941,0.003744123983778991,0.030368584950338118,17.958662975975287,55.683432632918084,28,28,False,,,False
official_ruler_niah_single_qwen25_7b,20260611_225910,1,mlx-community/Qwen2.5-7B-Instruct-4bit,qwen,mlx,4,compactor,hybrid,256,ruler,15693,,33.31005738633129,3.505859375,False,False,0.0,False,0.0,False,string_match_all,ruler_public_string_match,True,string_match_all,0.0,0.0,0.0,807,807,743.5,493.28438241600816,92.35987120900245,7.099485664890381,0.0,6.668516251040273,0.0037022529868409038,0.031148456007940695,18.02947509747192,55.4647317569561,28,28,False,,,False
official_ruler_niah_single_qwen25_7b,20260611_225910,2,mlx-community/Qwen2.5-7B-Instruct-4bit,qwen,mlx,4,compactor,hybrid,256,ruler,15687,,20.007230835729846,2.99609375,False,False,0.0,False,0.0,False,string_match_all,ruler_public_string_match,True,string_match_all,0.0,0.0,0.0,808,808,744.5,492.975934083006,91.90185000000929,7.157987843005685,0.0,6.46828250301769,0.0037474589771591127,0.03064237099897582,17.882120339876405,55.921780023481915,28,28,False,,,False
official_ruler_niah_single_qwen25_7b,20260611_225910,3,mlx-community/Qwen2.5-7B-Instruct-4bit,qwen,mlx,4,compactor,hybrid,256,ruler,15687,,50.49503426195374,3.921875,False,False,0.0,False,0.0,False,string_match_all,ruler_public_string_match,True,string_match_all,0.0,0.0,0.0,810,810,746.5,494.8576150419831,91.993884334006,7.096391011989908,0.0,6.642443375021685,0.0037292069609975442,0.030176416999893263,18.037337540129055,55.44055478117116,28,28,False,,,False
official_ruler_niah_single_qwen25_7b,20260611_225910,4,mlx-community/Qwen2.5-7B-Instruct-4bit,qwen,mlx,4,compactor,hybrid,256,ruler,15687,,28.940279382223952,3.365234375,False,False,0.0,False,0.0,False,string_match_all,ruler_public_string_match,True,string_match_all,0.0,0.0,0.0,810,810,746.5,495.095531458006,91.96085112501169,7.101733535906533,0.0,6.620283916970948,0.003696080020745285,0.027929667019634508,18.02376833104607,55.48229324926979,28,28,False,,,False
official_ruler_niah_single_qwen25_7b,20260611_225910,5,mlx-community/Qwen2.5-7B-Instruct-4bit,qwen,mlx,4,compactor,hybrid,256,ruler,15690,,52.609179777419676,3.962890625,False,False,0.0,False,0.0,False,string_match_all,ruler_public_string_match,True,string_match_all,0.0,0.0,0.0,811,811,747.5,495.25752191699576,92.47389216600277,7.5388700439507375,0.0,6.893240582023282,0.0037394149840110913,0.03053370902489405,16.978671770938462,58.897422218365136,28,28,False,,,False
official_ruler_niah_single_qwen25_7b,20260611_225910,6,mlx-community/Qwen2.5-7B-Instruct-4bit,qwen,mlx,4,compactor,hybrid,256,ruler,15690,,93.14707424658984,4.5341796875,False,False,0.0,False,0.0,False,string_match_all,ruler_public_string_match,True,string_match_all,0.0,0.0,0.0,810,810,746.5,493.91695716600225,92.23366670800897,7.202099707981688,0.0,6.66694679298962,0.0037009570660302415,0.030339540986460634,17.772594825109778,56.26640396860694,28,28,False,,,False
official_ruler_niah_single_qwen25_7b,20260611_225910,7,mlx-community/Qwen2.5-7B-Instruct-4bit,qwen,mlx,4,compactor,hybrid,256,ruler,15687,,30.151962130172098,3.40625,False,False,0.0,False,0.0,False,string_match_all,ruler_public_string_match,True,string_match_all,0.0,0.0,0.0,807,807,743.5,494.7321342080104,92.54849199998716,7.897328626946546,0.0,7.075067041965667,0.0037705419963458553,0.030441961978795007,16.208012360439206,61.69787989801989,28,28,False,,,False
official_ruler_niah_single_qwen25_7b,20260611_225910,8,mlx-community/Qwen2.5-7B-Instruct-4bit,qwen,mlx,4,compactor,hybrid,256,ruler,15693,,244.21448474313812,5.498046875,False,False,0.0,False,0.0,False,string_match_all,ruler_public_string_match,True,string_match_all,0.0,0.0,0.0,813,813,749.5,494.48169066599803,92.57175220800855,8.012242289143614,0.0,6.889466665001237,0.0037121679342817515,0.0315695420576958,15.97555283287386,62.59564288393449,28,28,False,,,False
official_ruler_niah_single_qwen25_7b,20260611_225910,9,mlx-community/Qwen2.5-7B-Instruct-4bit,qwen,mlx,4,compactor,hybrid,256,ruler,15690,,42.438114061533675,3.748046875,False,False,0.0,False,0.0,False,string_match_all,ruler_public_string_match,True,string_match_all,0.0,0.0,0.0,813,813,749.5,495.9595730000001,92.61527258298884,8.096448454001802,0.0,6.929773544048658,0.003784374028327875,0.02958316901640501,15.809400964781528,63.25350354688908,28,28,False,,,False
official_ruler_niah_single_qwen25_7b,20260611_225910,10,mlx-community/Qwen2.5-7B-Instruct-4bit,qwen,mlx,4,compactor,hybrid,256,ruler,15687,,48.56059987746486,3.8828125,False,False,0.0,False,0.0,False,string_match_all,ruler_public_string_match,True,string_match_all,0.0,0.0,0.0,816,816,752.5,496.5325470419921,92.525369666997,8.401177375097177,0.0,7.042664122942369,0.0037600390351144597,0.031013628089567646,15.235959709578138,65.6341982429467,28,28,False,,,False
official_ruler_niah_single_qwen25_7b,20260611_225910,11,mlx-community/Qwen2.5-7B-Instruct-4bit,qwen,mlx,4,compactor,hybrid,256,ruler,15684,,21.464625403032095,3.06640625,False,False,0.0,False,0.0,False,string_match_all,ruler_public_string_match,True,string_match_all,0.0,0.0,0.0,819,819,755.5,495.9999581669981,92.46701833300176,8.157471838028869,0.0,6.996785546987667,0.0037030849925940856,0.030729705904377624,15.691135996729262,63.730248734600536,28,28,False,,,False
official_ruler_niah_single_qwen25_7b,20260611_225910,12,mlx-community/Qwen2.5-7B-Instruct-4bit,qwen,mlx,4,compactor,hybrid,256,ruler,15687,,39.172256347947744,3.66796875,False,False,0.0,False,0.0,False,string_match_all,ruler_public_string_match,True,string_match_all,0.0,0.0,0.0,809,809,745.5,496.08051479200367,93.41131454199785,7.686014494945994,0.0,7.047418248068425,0.0038155809888849035,0.02860358398174867,16.653624591024062,60.046988241765575,28,28,False,,,False
official_ruler_niah_single_qwen25_7b,20260611_225910,13,mlx-community/Qwen2.5-7B-Instruct-4bit,qwen,mlx,4,compactor,hybrid,256,ruler,15684,,39.94485987582193,3.6875,False,False,0.0,False,0.0,False,string_match_all,ruler_public_string_match,True,string_match_all,0.0,0.0,0.0,811,811,747.5,495.0543167910073,93.96040387600078,7.919922205910552,0.0,7.1181365430529695,0.003789413007325493,0.030811377000645734,16.161774910424622,61.87439223367619,28,28,False,,,False
official_ruler_niah_single_qwen25_7b,20260611_225910,14,mlx-community/Qwen2.5-7B-Instruct-4bit,qwen,mlx,4,compactor,hybrid,256,ruler,15687,,60.78979168757815,4.107421875,False,False,0.0,False,0.0,False,string_match_all,ruler_public_string_match,True,string_match_all,0.0,0.0,0.0,810,810,746.5,496.5308133750077,93.53140875000099,8.106873998985975,0.0,6.975790790980682,0.003717083964147605,0.0314545419823844,15.789069870336027,63.33495311707793,28,28,False,,,False
official_ruler_niah_single_qwen25_7b,20260611_225910,15,mlx-community/Qwen2.5-7B-Instruct-4bit,qwen,mlx,4,compactor,hybrid,256,ruler,15684,,187.61181231093738,5.234375,False,False,0.0,False,0.0,False,string_match_all,ruler_public_string_match,True,string_match_all,0.0,0.0,0.0,812,812,748.5,495.32489949901355,92.52550829100073,8.355498584060115,0.0,7.084144295062288,0.0037845840415684506,0.03158153998083435,15.319253388922492,65.27733268796965,28,28,False,,,False
official_ruler_niah_single_qwen25_7b,20260611_225910,16,mlx-community/Qwen2.5-7B-Instruct-4bit,qwen,mlx,4,compactor,hybrid,256,ruler,15684,,41.943695056893915,3.736328125,False,False,0.0,False,0.0,False,string_match_all,ruler_public_string_match,True,string_match_all,0.0,0.0,0.0,805,805,741.5,495.6501133330021,92.12749395900755,7.794530252111144,0.0,6.7190197069285205,0.0037590429856209084,0.031436543009476736,16.4217721735484,60.894767594618315,28,28,False,,,False
official_ruler_niah_single_qwen25_7b,20260611_225910,17,mlx-community/Qwen2.5-7B-Instruct-4bit,qwen,mlx,4,compactor,hybrid,256,ruler,15684,,48.56059987746486,3.8828125,False,False,0.0,False,0.0,False,string_match_all,ruler_public_string_match,True,string_match_all,0.0,0.0,0.0,811,811,747.5,494.857064833981,91.96341187499638,7.872820252989186,0.0,6.592816418968141,0.0037183769600233063,0.028801246036891825,16.258468488646162,61.506408226478015,28,28,False,,,False
official_ruler_niah_single_qwen25_7b,20260611_225910,18,mlx-community/Qwen2.5-7B-Instruct-4bit,qwen,mlx,4,compactor,hybrid,256,ruler,15696,,35.806340977539655,3.578125,False,False,0.0,False,0.0,False,string_match_all,ruler_public_string_match,True,string_match_all,0.0,0.0,0.0,814,814,750.5,496.9850744580035,92.71645591699053,8.41613212795346,0.0,7.098341167002218,0.003680626003188081,0.030773287944612093,15.208886701630906,65.75103224963641,28,28,False,,,False
official_ruler_niah_single_qwen25_7b,20260611_225910,19,mlx-community/Qwen2.5-7B-Instruct-4bit,qwen,mlx,4,compactor,hybrid,256,ruler,15687,,32.28521466114651,3.474609375,False,False,0.0,False,0.0,False,string_match_all,ruler_public_string_match,True,string_match_all,0.0,0.0,0.0,810,810,746.5,495.62255812599324,92.54347762401449,8.372498921002261,0.0,7.089760124028544,0.003822621947620064,0.03117624801234342,15.28814768538391,65.41014782033017,28,28,False,,,False
official_ruler_niah_single_qwen25_7b,20260611_225910,0,mlx-community/Qwen2.5-7B-Instruct-4bit,qwen,mlx,4,pyramidkv,attention,256,ruler,15687,,6.470073703341919,1.8671875,False,False,0.0,False,0.0,False,string_match_all,ruler_public_string_match,True,string_match_all,0.0,0.0,0.0,567,567,503.5,485.92540041700704,109.95147916700807,11.039746037014993,0.0,24.512021170987282,0.003131332981865853,0.04394150397274643,11.594469616495777,86.24801591417963,28,28,False,,,False
official_ruler_niah_single_qwen25_7b,20260611_225910,1,mlx-community/Qwen2.5-7B-Instruct-4bit,qwen,mlx,4,pyramidkv,attention,256,ruler,15693,,49.133016862271724,3.89453125,False,False,0.0,False,0.0,False,string_match_all,ruler_public_string_match,True,string_match_all,0.0,0.0,0.0,567,567,503.5,478.5703907080024,107.74322070801281,8.798949131014524,0.0,22.222389543021563,0.003001334029249847,0.029152248942409642,14.547191726433077,68.74179008605097,28,28,False,,,False
official_ruler_niah_single_qwen25_7b,20260611_225910,2,mlx-community/Qwen2.5-7B-Instruct-4bit,qwen,mlx,4,pyramidkv,attention,256,ruler,15687,,13.564035954639001,2.607421875,False,False,0.0,False,0.0,False,string_match_all,ruler_public_string_match,True,string_match_all,0.0,0.0,0.0,567,567,503.5,481.5491117920028,108.53291854199779,9.581137786997715,0.0,23.1101505849947,0.003082915980485268,0.03296974999830127,13.359582425972947,74.85263896091965,28,28,False,,,False
official_ruler_niah_single_qwen25_7b,20260611_225910,3,mlx-community/Qwen2.5-7B-Instruct-4bit,qwen,mlx,4,pyramidkv,attention,256,ruler,15687,,15.642631884188171,2.75,False,False,0.0,False,0.0,False,string_match_all,ruler_public_string_match,True,string_match_all,0.0,0.0,0.0,567,567,503.5,482.16438637500687,108.6300482499937,10.685739915061276,0.0,23.22683321002114,0.0029419560014503077,0.033634461025940254,11.978580895421878,83.48234308641622,28,28,False,,,False
official_ruler_niah_single_qwen25_7b,20260611_225910,4,mlx-community/Qwen2.5-7B-Instruct-4bit,qwen,mlx,4,pyramidkv,attention,256,ruler,15687,,66.37447035867858,4.1953125,False,False,0.0,False,0.0,False,string_match_all,ruler_public_string_match,True,string_match_all,0.0,0.0,0.0,567,567,503.5,479.87799854199693,108.36644629099465,9.919965670938836,0.0,22.946605627977988,0.002916164929047227,0.03106333196046762,12.90327045939121,77.49973180420966,28,28,False,,,False
official_ruler_niah_single_qwen25_7b,20260611_225910,5,mlx-community/Qwen2.5-7B-Instruct-4bit,qwen,mlx,4,pyramidkv,attention,256,ruler,15690,,7.623609917712736,2.03125,False,False,0.0,False,0.0,False,string_match_all,ruler_public_string_match,True,string_match_all,0.0,0.0,0.0,567,567,503.5,482.0165471250075,108.22338879201561,9.132702418079134,0.0,22.5906166240311,0.0031418369617313147,0.029450874964823015,14.01556671184322,71.34923764124323,28,28,False,,,False
official_ruler_niah_single_qwen25_7b,20260611_225910,6,mlx-community/Qwen2.5-7B-Instruct-4bit,qwen,mlx,4,pyramidkv,attention,256,ruler,15690,,6.968543598017082,1.94140625,False,False,0.0,False,0.0,False,string_match_all,ruler_public_string_match,True,string_match_all,0.0,0.0,0.0,567,567,503.5,484.6699682500039,109.4496853749879,11.200249006127706,0.0,23.897336123001878,0.00303945601626765,0.03190053997968789,11.428317346334946,87.5019453603727,28,28,False,,,False
official_ruler_niah_single_qwen25_7b,20260611_225910,7,mlx-community/Qwen2.5-7B-Instruct-4bit,qwen,mlx,4,pyramidkv,attention,256,ruler,15687,,5.3429677124787425,1.67578125,False,False,0.0,False,0.0,False,string_match_all,ruler_public_string_match,True,string_match_all,0.0,0.0,0.0,567,567,503.5,483.91949549999845,110.43032620901067,10.868649457028368,0.0,25.034601543971803,0.0030597510194638744,0.03407591600262094,11.776992211044856,84.91132388303413,28,28,False,,,False
official_ruler_niah_single_qwen25_7b,20260611_225910,8,mlx-community/Qwen2.5-7B-Instruct-4bit,qwen,mlx,4,pyramidkv,attention,256,ruler,15693,,5.523348976703854,1.708984375,True,False,0.0,True,100.0,True,string_match_all,ruler_public_string_match,True,string_match_all,100.0,0.0,0.0,567,567,503.5,479.4906899589987,108.02851799900236,9.29092783202941,0.0,22.413346955014276,0.003066455989028327,0.03146016698156018,13.776880233504198,72.58537368772977,28,28,False,,,False
official_ruler_niah_single_qwen25_7b,20260611_225910,9,mlx-community/Qwen2.5-7B-Instruct-4bit,qwen,mlx,4,pyramidkv,attention,256,ruler,15690,,6.968543598017082,1.94140625,False,False,0.0,False,0.0,False,string_match_all,ruler_public_string_match,True,string_match_all,0.0,0.0,0.0,567,567,503.5,482.84102770699246,109.12721304201114,10.024221754967584,0.0,23.546754956027144,0.0031234989437507465,0.029989042013767175,12.769071068940445,78.31423246068425,28,28,False,,,False
official_ruler_niah_single_qwen25_7b,20260611_225910,10,mlx-community/Qwen2.5-7B-Instruct-4bit,qwen,mlx,4,pyramidkv,attention,256,ruler,15687,,32.09659661306934,3.46875,False,False,0.0,False,0.0,False,string_match_all,ruler_public_string_match,True,string_match_all,0.0,0.0,0.0,567,567,503.5,483.85564829099167,109.07148979199701,9.407744169002399,0.0,23.662590787003865,0.0030431259801844135,0.03437820405815728,13.605812158641339,73.49800132033124,28,28,False,,,False
official_ruler_niah_single_qwen25_7b,20260611_225910,11,mlx-community/Qwen2.5-7B-Instruct-4bit,qwen,mlx,4,pyramidkv,attention,256,ruler,15684,,31.10908815096766,3.4375,False,False,0.0,False,0.0,False,string_match_all,ruler_public_string_match,True,string_match_all,0.0,0.0,0.0,567,567,503.5,485.4296892079874,108.93179325001256,10.791235248936573,0.0,23.559496831949218,0.003111873971647583,0.03457008303666953,11.861478046511294,84.30652538231698,28,28,False,,,False
official_ruler_niah_single_qwen25_7b,20260611_225910,12,mlx-community/Qwen2.5-7B-Instruct-4bit,qwen,mlx,4,pyramidkv,attention,256,ruler,15687,,17.587483776585056,2.8671875,False,False,0.0,False,0.0,False,string_match_all,ruler_public_string_match,True,string_match_all,0.0,0.0,0.0,567,567,503.5,480.98585479198664,106.99676066699612,10.516906998935156,0.0,23.949227126999176,0.0030004970030859113,0.03364587502437644,12.170878758646444,82.1633359291809,28,28,False,,,False
official_ruler_niah_single_qwen25_7b,20260611_225910,13,mlx-community/Qwen2.5-7B-Instruct-4bit,qwen,mlx,4,pyramidkv,attention,256,ruler,15684,,20.322298876557472,3.01171875,False,False,0.0,False,0.0,False,string_match_all,ruler_public_string_match,True,string_match_all,0.0,0.0,0.0,567,567,503.5,482.0354215010011,107.50454174999322,12.0548165019718,0.0,24.249414168996736,0.0032167510216822848,0.033886376026202925,10.618162456397666,94.17825392165469,28,28,False,,,False
official_ruler_niah_single_qwen25_7b,20260611_225910,14,mlx-community/Qwen2.5-7B-Instruct-4bit,qwen,mlx,4,pyramidkv,attention,256,ruler,15687,,18.359667040887704,2.91015625,False,False,0.0,False,0.0,False,string_match_all,ruler_public_string_match,True,string_match_all,0.0,0.0,0.0,567,567,503.5,488.88552016699396,108.4077053739893,12.634494243000518,0.0,24.41669608200027,0.003011997992871329,0.030234541991376318,10.130995158030304,98.70698627344154,28,28,False,,,False
official_ruler_niah_single_qwen25_7b,20260611_225910,15,mlx-community/Qwen2.5-7B-Instruct-4bit,qwen,mlx,4,pyramidkv,attention,256,ruler,15684,,10.238671501364289,2.326171875,False,False,0.0,False,0.0,False,string_match_all,ruler_public_string_match,True,string_match_all,0.0,0.0,0.0,567,567,503.5,482.9624870830012,107.52745887498895,11.183145254995907,0.0,24.099812457046937,0.0030464579904219136,0.03119600198988337,11.445796069117305,87.36832230465552,28,28,False,,,False
official_ruler_niah_single_qwen25_7b,20260611_225910,16,mlx-community/Qwen2.5-7B-Instruct-4bit,qwen,mlx,4,pyramidkv,attention,256,ruler,15684,,9.07096020894108,2.205078125,False,False,0.0,False,0.0,False,string_match_all,ruler_public_string_match,True,string_match_all,0.0,0.0,0.0,567,567,503.5,487.08927533301176,111.01867866699467,10.70911304008041,0.0,25.63911350198032,0.00311908102594316,0.037021166004706174,11.952437099220207,83.6649456256282,28,28,False,,,False
official_ruler_niah_single_qwen25_7b,20260611_225910,17,mlx-community/Qwen2.5-7B-Instruct-4bit,qwen,mlx,4,pyramidkv,attention,256,ruler,15684,,23.666546242140512,3.1640625,False,False,0.0,False,0.0,False,string_match_all,ruler_public_string_match,True,string_match_all,0.0,0.0,0.0,567,567,503.5,485.6934790840023,109.39206349999586,10.90935378697759,0.0,24.030003336039954,0.0032582900021225214,0.033722336011123843,11.733050600374936,85.22932646076242,28,28,False,,,False
official_ruler_niah_single_qwen25_7b,20260611_225910,18,mlx-community/Qwen2.5-7B-Instruct-4bit,qwen,mlx,4,pyramidkv,attention,256,ruler,15696,,17.656319241826594,2.87109375,False,False,0.0,False,0.0,False,string_match_all,ruler_public_string_match,True,string_match_all,0.0,0.0,0.0,567,567,503.5,482.79302304200246,108.88782933301991,10.59835350701178,0.0,23.336760583959403,0.0029494560149032623,0.028801876003853977,12.07734766681601,82.79963677352953,28,28,False,,,False
official_ruler_niah_single_qwen25_7b,20260611_225910,19,mlx-community/Qwen2.5-7B-Instruct-4bit,qwen,mlx,4,pyramidkv,attention,256,ruler,15687,,8.774721228365038,2.171875,False,False,0.0,False,0.0,False,string_match_all,ruler_public_string_match,True,string_match_all,0.0,0.0,0.0,567,567,503.5,482.61523308299365,108.18164866699954,10.048294914027792,0.0,22.76657487002376,0.0031476189760724083,0.02762341598281637,12.738479622180202,78.50230401584213,28,28,False,,,False
official_ruler_niah_single_qwen25_7b,20260611_225910,0,mlx-community/Qwen2.5-7B-Instruct-4bit,qwen,mlx,4,l2_prefill_only,geometry,256,ruler,15687,,5.983839985957149,1.7890625,True,False,0.0,True,100.0,True,string_match_all,ruler_public_string_match,True,string_match_all,100.0,0.0,0.0,256,256,256.0,181.73963020897645,85.25232733399025,5.717248916989774,2.4914276599592995,0.03368714707903564,0.0264266809244873,1.0400375294266269,22.388390265749372,44.66600716398261,3612,3612,False,,,False
official_ruler_niah_single_qwen25_7b,20260611_225910,1,mlx-community/Qwen2.5-7B-Instruct-4bit,qwen,mlx,4,l2_prefill_only,geometry,256,ruler,15693,,7.050686584819912,1.953125,True,False,0.0,True,100.0,True,string_match_all,ruler_public_string_match,True,string_match_all,100.0,0.0,0.0,256,256,256.0,181.2008361670014,85.79075720800029,5.671268417965621,2.434405910942587,0.030502930414513685,0.0260618619795423,0.9849031270423438,22.56990686501764,44.30678451535641,3612,3612,False,,,False
official_ruler_niah_single_qwen25_7b,20260611_225910,2,mlx-community/Qwen2.5-7B-Instruct-4bit,qwen,mlx,4,l2_prefill_only,geometry,256,ruler,15687,,5.301388407866708,1.66796875,True,False,0.020202020202020204,True,100.0,True,string_match_all,ruler_public_string_match,True,string_match_all,100.0,0.0,0.0,256,256,256.0,179.97372237499803,84.93922287499299,5.659138666989747,2.493307250930229,0.030670918204123154,0.025853804545477033,1.0362580729852198,22.61828301657198,44.2120208358574,3612,3612,False,,,False
official_ruler_niah_single_qwen25_7b,20260611_225910,3,mlx-community/Qwen2.5-7B-Instruct-4bit,qwen,mlx,4,l2_prefill_only,geometry,256,ruler,15687,,5.209014200987607,1.650390625,True,False,0.020833333333333332,True,100.0,True,string_match_all,ruler_public_string_match,True,string_match_all,100.0,0.0,0.0,256,256,256.0,180.0606473759981,84.84523945899855,5.663552252939553,2.476111039839452,0.03053026042471174,0.026002619895734824,0.9987826722936006,22.600656669771904,44.24650197609026,3612,3612,False,,,False
official_ruler_niah_single_qwen25_7b,20260611_225910,4,mlx-community/Qwen2.5-7B-Instruct-4bit,qwen,mlx,4,l2_prefill_only,geometry,256,ruler,15687,,6.995817706509171,1.9453125,True,False,0.0,True,100.0,True,string_match_all,ruler_public_string_match,True,string_match_all,100.0,0.0,0.0,256,256,256.0,179.70794062499772,84.81313395799953,5.69050433501252,2.4766937511012657,0.030636478128144518,0.02598595802555792,0.9924588927970035,22.49361259817376,44.45706511728531,3612,3612,False,,,False
official_ruler_niah_single_qwen25_7b,20260611_225910,5,mlx-community/Qwen2.5-7B-Instruct-4bit,qwen,mlx,4,l2_prefill_only,geometry,256,ruler,15690,,6.149718140775787,1.81640625,True,False,0.021052631578947368,True,100.0,True,string_match_all,ruler_public_string_match,True,string_match_all,100.0,0.0,0.0,256,256,256.0,180.03509154100902,85.0246624579886,5.667329342104495,2.4650950021168683,0.030516128870658576,0.025772779248654842,1.0015266338887159,22.58559407321628,44.276010485191364,3612,3612,False,,,False
official_ruler_niah_single_qwen25_7b,20260611_225910,6,mlx-community/Qwen2.5-7B-Instruct-4bit,qwen,mlx,4,l2_prefill_only,geometry,256,ruler,15690,,5.879574380370882,1.771484375,True,False,0.0,True,100.0,True,string_match_all,ruler_public_string_match,True,string_match_all,100.0,0.0,0.0,256,256,256.0,179.8600615420146,84.9436275420012,5.6656982979911845,2.455099048980628,0.030254863129812293,0.025759300027857535,0.9897241190628847,22.592096025547875,44.26326795305613,3612,3612,False,,,False
official_ruler_niah_single_qwen25_7b,20260611_225910,7,mlx-community/Qwen2.5-7B-Instruct-4bit,qwen,mlx,4,l2_prefill_only,geometry,256,ruler,15687,,4.69676981955058,1.546875,True,False,0.0,True,100.0,True,string_match_all,ruler_public_string_match,True,string_match_all,100.0,0.0,0.0,256,256,256.0,179.47526108300372,84.74787712500256,5.666203459928511,2.451399527970352,0.030519217922119424,0.02617831341922283,0.9894892191077815,22.59008186084708,44.26721453069149,3612,3612,False,,,False
official_ruler_niah_single_qwen25_7b,20260611_225910,8,mlx-community/Qwen2.5-7B-Instruct-4bit,qwen,mlx,4,l2_prefill_only,geometry,256,ruler,15693,,5.687559524110652,1.73828125,True,False,0.0,True,100.0,True,string_match_all,ruler_public_string_match,True,string_match_all,100.0,0.0,0.0,256,256,256.0,179.8701751660119,84.94393683400995,5.67394900196814,2.4358482110401383,0.030382202661712654,0.02549390723288525,0.9868103232875001,22.559244003708926,44.32772657787609,3612,3612,False,,,False
official_ruler_niah_single_qwen25_7b,20260611_225910,9,mlx-community/Qwen2.5-7B-Instruct-4bit,qwen,mlx,4,l2_prefill_only,geometry,256,ruler,15690,,6.101860654522169,1.80859375,True,False,0.021052631578947368,True,100.0,True,string_match_all,ruler_public_string_match,True,string_match_all,100.0,0.0,0.0,256,256,256.0,180.8076031669916,85.03005258399935,6.124606872981531,2.448384130024351,0.030360045231645927,0.02616090800438542,0.9934320269530872,20.8993005844452,47.84849119516821,3612,3612,False,,,False
official_ruler_niah_single_qwen25_7b,20260611_225910,10,mlx-community/Qwen2.5-7B-Instruct-4bit,qwen,mlx,4,l2_prefill_only,geometry,256,ruler,15687,,5.6103290668115555,1.724609375,True,False,0.0,True,100.0,True,string_match_all,ruler_public_string_match,True,string_match_all,100.0,0.0,0.0,256,256,256.0,180.35613008200016,85.12006375000055,6.1423716261051595,2.4542286649520975,0.031089037234778516,0.02657386419014074,0.9953397790377494,20.838856355743495,47.98727832894656,3612,3612,False,,,False
official_ruler_niah_single_qwen25_7b,20260611_225910,11,mlx-community/Qwen2.5-7B-Instruct-4bit,qwen,mlx,4,l2_prefill_only,geometry,256,ruler,15684,,5.4377173879024125,1.693359375,True,False,0.02173913043478261,True,100.0,True,string_match_all,ruler_public_string_match,True,string_match_all,100.0,0.0,0.0,256,256,256.0,180.08783708300325,84.90140370800509,6.120859832124552,2.4443517521140166,0.030986637910245918,0.026696352084400132,0.9929852424829733,20.91209462569431,47.81921743847306,3612,3612,False,,,False
official_ruler_niah_single_qwen25_7b,20260611_225910,12,mlx-community/Qwen2.5-7B-Instruct-4bit,qwen,mlx,4,l2_prefill_only,geometry,256,ruler,15687,,6.4071969051480036,1.857421875,True,False,0.01941747572815534,True,100.0,True,string_match_all,ruler_public_string_match,True,string_match_all,100.0,0.0,0.0,256,256,256.0,179.53185416699853,84.79148341600376,5.670370373118203,2.4398274967825273,0.03005439310800284,0.02555135173315648,0.9907311434217263,22.57348137377688,44.29976853998596,3612,3612,False,,,False
official_ruler_niah_single_qwen25_7b,20260611_225910,13,mlx-community/Qwen2.5-7B-Instruct-4bit,qwen,mlx,4,l2_prefill_only,geometry,256,ruler,15684,,5.698678894031116,1.740234375,True,False,0.01904761904761905,True,100.0,True,string_match_all,ruler_public_string_match,True,string_match_all,100.0,0.0,0.0,256,256,256.0,179.62122516700765,84.75361200000043,5.692456831879099,2.4309339109167922,0.030118993934593163,0.025448662316193804,0.9944951834040694,22.485897351591646,44.47231899905546,3612,3612,False,,,False
official_ruler_niah_single_qwen25_7b,20260611_225910,14,mlx-community/Qwen2.5-7B-Instruct-4bit,qwen,mlx,4,l2_prefill_only,geometry,256,ruler,15687,,4.97047607371054,1.603515625,True,False,0.020833333333333332,True,100.0,True,string_match_all,ruler_public_string_match,True,string_match_all,100.0,0.0,0.0,256,256,256.0,179.5376348740101,84.74516033398686,5.673966741000186,2.4901364849647507,0.030665343467262574,0.025983379237004556,0.999082865921082,22.55917347471738,44.32786516406395,3612,3612,False,,,False
official_ruler_niah_single_qwen25_7b,20260611_225910,15,mlx-community/Qwen2.5-7B-Instruct-4bit,qwen,mlx,4,l2_prefill_only,geometry,256,ruler,15684,,6.95494644409525,1.939453125,True,False,0.020202020202020204,True,100.0,True,string_match_all,ruler_public_string_match,True,string_match_all,100.0,0.0,0.0,256,256,256.0,179.4618217919924,84.7182364170003,5.666935871893656,2.488079996968736,0.029977858634083532,0.025457491050474346,1.0023702993348707,22.58716225021048,44.27293649916919,3612,3612,False,,,False
official_ruler_niah_single_qwen25_7b,20260611_225910,16,mlx-community/Qwen2.5-7B-Instruct-4bit,qwen,mlx,4,l2_prefill_only,geometry,256,ruler,15684,,5.925688453768672,1.779296875,True,False,0.0,True,100.0,True,string_match_all,ruler_public_string_match,True,string_match_all,100.0,0.0,0.0,256,256,256.0,179.47928883299755,84.70950083299249,5.692322339004022,2.4230455389915733,0.030809927760856226,0.02618351805722341,0.9870348278491292,22.486428627370387,44.47126827346892,3612,3612,False,,,False
official_ruler_niah_single_qwen25_7b,20260611_225910,17,mlx-community/Qwen2.5-7B-Instruct-4bit,qwen,mlx,4,l2_prefill_only,geometry,256,ruler,15684,,5.088347516986956,1.626953125,True,False,0.0,True,100.0,True,string_match_all,ruler_public_string_match,True,string_match_all,100.0,0.0,0.0,256,256,256.0,179.4951134580042,84.76373033301206,5.720065583009273,2.461307248988305,0.030360660166479647,0.026070611842442304,0.9869047732499894,22.3773658085683,44.688012367259944,3612,3612,False,,,False
official_ruler_niah_single_qwen25_7b,20260611_225910,18,mlx-community/Qwen2.5-7B-Instruct-4bit,qwen,mlx,4,l2_prefill_only,geometry,256,ruler,15696,,6.623507079583559,1.890625,True,False,0.0,True,100.0,True,string_match_all,ruler_public_string_match,True,string_match_all,100.0,0.0,0.0,256,256,256.0,180.542163332997,85.1380899999931,6.144868622010108,2.4412971009587636,0.03123169248283375,0.026739110908238217,0.9921565783588449,20.830388389675395,48.00678610945397,3612,3612,False,,,False
official_ruler_niah_single_qwen25_7b,20260611_225910,19,mlx-community/Qwen2.5-7B-Instruct-4bit,qwen,mlx,4,l2_prefill_only,geometry,256,ruler,15687,,5.178581877668445,1.64453125,True,False,0.0,True,100.0,True,string_match_all,ruler_public_string_match,True,string_match_all,100.0,0.0,0.0,256,256,256.0,180.22781295899767,85.00728358299239,6.13885204300459,2.4308799521095352,0.030624382532550953,0.026068370847497135,0.994092110049678,20.85080388048445,47.95978158597336,3612,3612,False,,,False
official_ruler_niah_single_qwen25_7b,20260611_225910,0,mlx-community/Qwen2.5-7B-Instruct-4bit,qwen,mlx,4,l2_key_prefill_only,geometry,256,ruler,15687,,5.937273373745607,1.78125,True,False,0.0,True,100.0,True,string_match_all,ruler_public_string_match,True,string_match_all,100.0,0.0,0.0,256,256,256.0,179.4332737920049,84.69523070899595,5.693552040014765,2.4164849680528278,0.030758050110307522,0.02582820203679148,0.9802608646714361,22.481571978337104,44.48087531261535,3612,3612,False,,,False
official_ruler_niah_single_qwen25_7b,20260611_225910,1,mlx-community/Qwen2.5-7B-Instruct-4bit,qwen,mlx,4,l2_key_prefill_only,geometry,256,ruler,15693,,6.714684704743925,1.904296875,True,False,0.0,True,100.0,True,string_match_all,ruler_public_string_match,True,string_match_all,100.0,0.0,0.0,256,256,256.0,180.43157254099788,85.05981887500093,6.156011756989756,2.4398991590860533,0.031576642926665954,0.026510718031204306,0.9950386005075416,20.79268283636142,48.093841851482466,3612,3612,False,,,False
official_ruler_niah_single_qwen25_7b,20260611_225910,2,mlx-community/Qwen2.5-7B-Instruct-4bit,qwen,mlx,4,l2_key_prefill_only,geometry,256,ruler,15687,,5.46967254040864,1.69921875,True,False,0.0,True,100.0,True,string_match_all,ruler_public_string_match,True,string_match_all,100.0,0.0,0.0,256,256,256.0,179.41399462400295,84.71904345900111,5.676290287941811,2.4568012830713997,0.030369479267392308,0.025416064367163926,0.9853672862809617,22.549939045913742,44.346017874545396,3612,3612,False,,,False
official_ruler_niah_single_qwen25_7b,20260611_225910,3,mlx-community/Qwen2.5-7B-Instruct-4bit,qwen,mlx,4,l2_key_prefill_only,geometry,256,ruler,15687,,5.029066472806668,1.615234375,True,False,0.021276595744680854,True,100.0,True,string_match_all,ruler_public_string_match,True,string_match_all,100.0,0.0,0.0,256,256,256.0,179.438949665986,84.6610477919894,5.664869743937743,2.4289057509595295,0.031322974609793164,0.026086931873578578,1.0047869584523141,22.59540038620996,44.256794874513616,3612,3612,False,,,False
official_ruler_niah_single_qwen25_7b,20260611_225910,4,mlx-community/Qwen2.5-7B-Instruct-4bit,qwen,mlx,4,l2_key_prefill_only,geometry,256,ruler,15687,,6.76734862959388,1.912109375,True,False,0.02,True,100.0,True,string_match_all,ruler_public_string_match,True,string_match_all,100.0,0.0,0.0,256,256,256.0,179.70696633300395,84.69557487500424,5.973488000090583,2.3327222099760547,0.032146537967491895,0.026436497020768,0.9573315695597557,21.428016595673913,46.66787500070768,3612,3612,False,,,False
official_ruler_niah_single_qwen25_7b,20260611_225910,5,mlx-community/Qwen2.5-7B-Instruct-4bit,qwen,mlx,4,l2_key_prefill_only,geometry,256,ruler,15690,,6.432273964803756,1.861328125,True,False,0.0,True,100.0,True,string_match_all,ruler_public_string_match,True,string_match_all,100.0,0.0,0.0,256,256,256.0,180.69319570799416,85.08185412500461,6.206708915022318,2.435836662989459,0.03182245680363849,0.02678581622603815,0.9995461387443356,20.622845658219454,48.48991339861186,3612,3612,False,,,False
official_ruler_niah_single_qwen25_7b,20260611_225910,6,mlx-community/Qwen2.5-7B-Instruct-4bit,qwen,mlx,4,l2_key_prefill_only,geometry,256,ruler,15690,,5.57755216479126,1.71875,True,False,0.0,True,100.0,True,string_match_all,ruler_public_string_match,True,string_match_all,100.0,0.0,0.0,256,256,256.0,179.84025983401807,84.9314497919986,5.676293330965564,2.4702752110897563,0.031046236530528404,0.025884253831463866,0.9912780502054375,22.549926957038814,44.346041648168466,3612,3612,False,,,False
official_ruler_niah_single_qwen25_7b,20260611_225910,7,mlx-community/Qwen2.5-7B-Instruct-4bit,qwen,mlx,4,l2_key_prefill_only,geometry,256,ruler,15687,,4.6239531527820805,1.53125,True,False,0.020202020202020204,True,100.0,True,string_match_all,ruler_public_string_match,True,string_match_all,100.0,0.0,0.0,256,256,256.0,179.4532008329843,84.73154420799983,5.667670588838519,2.4930351240182063,0.03034935684991069,0.02539335192705039,1.0354420571093215,22.584234209389923,44.27867647530093,3612,3612,False,,,False
official_ruler_niah_single_qwen25_7b,20260611_225910,8,mlx-community/Qwen2.5-7B-Instruct-4bit,qwen,mlx,4,l2_key_prefill_only,geometry,256,ruler,15693,,5.66538583090943,1.734375,True,False,0.0,True,100.0,True,string_match_all,ruler_public_string_match,True,string_match_all,100.0,0.0,0.0,256,256,256.0,180.32862591599405,84.9746320000122,6.120602416049223,2.4241240420087706,0.03134552240953781,0.026258066325681284,0.9920063498575473,20.91297413214801,47.81720637538456,3612,3612,False,,,False
official_ruler_niah_single_qwen25_7b,20260611_225910,9,mlx-community/Qwen2.5-7B-Instruct-4bit,qwen,mlx,4,l2_key_prefill_only,geometry,256,ruler,15690,,6.125742661881986,1.8125,True,False,0.021276595744680854,True,100.0,True,string_match_all,ruler_public_string_match,True,string_match_all,100.0,0.0,0.0,256,256,256.0,180.91275174998736,84.96710337500554,6.151180169064901,2.404952419004985,0.0322291352058528,0.026946115263854153,0.9783266023732722,20.809014934033137,48.05609507081954,3612,3612,False,,,False
official_ruler_niah_single_qwen25_7b,20260611_225910,10,mlx-community/Qwen2.5-7B-Instruct-4bit,qwen,mlx,4,l2_key_prefill_only,geometry,256,ruler,15687,,5.588456466628997,1.720703125,True,False,0.02222222222222222,True,100.0,True,string_match_all,ruler_public_string_match,True,string_match_all,100.0,0.0,0.0,256,256,256.0,181.08153575100005,84.90773704199819,6.177583871001843,2.4651657039503334,0.03123289741051849,0.02631868011667393,1.0053235717641655,20.720074817736425,48.2623739922019,3612,3612,False,,,False
official_ruler_niah_single_qwen25_7b,20260611_225910,11,mlx-community/Qwen2.5-7B-Instruct-4bit,qwen,mlx,4,l2_key_prefill_only,geometry,256,ruler,15684,,5.732167606325711,1.74609375,True,False,0.02150537634408602,True,100.0,True,string_match_all,ruler_public_string_match,True,string_match_all,100.0,0.0,0.0,256,256,256.0,180.03461258400057,84.79554454199388,6.159927961896756,2.4750597297679633,0.03152290890284348,0.026256028315401636,1.0017855281039374,20.779463784603486,48.124437202318404,3612,3612,False,,,False
official_ruler_niah_single_qwen25_7b,20260611_225910,12,mlx-community/Qwen2.5-7B-Instruct-4bit,qwen,mlx,4,l2_key_prefill_only,geometry,256,ruler,15687,,6.113789997069379,1.810546875,True,False,0.0,True,100.0,True,string_match_all,ruler_public_string_match,True,string_match_all,100.0,0.0,0.0,256,256,256.0,179.43265166701167,84.69820941599028,5.684092875002534,2.439900673853117,0.030700441595399752,0.025650509211118333,0.9818661229510326,22.518984614575448,44.4069755859573,3612,3612,False,,,False
official_ruler_niah_single_qwen25_7b,20260611_225910,13,mlx-community/Qwen2.5-7B-Instruct-4bit,qwen,mlx,4,l2_key_prefill_only,geometry,256,ruler,15684,,5.448348308054142,1.6953125,True,False,0.02,True,100.0,True,string_match_all,ruler_public_string_match,True,string_match_all,100.0,0.0,0.0,256,256,256.0,179.4798962079949,84.69841133301088,5.703283425071277,2.4604812190082157,0.030940515716793016,0.025803517637541518,0.9990454812650569,22.443212174467785,44.55690175836935,3612,3612,False,,,False
official_ruler_niah_single_qwen25_7b,20260611_225910,14,mlx-community/Qwen2.5-7B-Instruct-4bit,qwen,mlx,4,l2_key_prefill_only,geometry,256,ruler,15687,,5.128255921182873,1.634765625,True,False,0.02,True,100.0,True,string_match_all,ruler_public_string_match,True,string_match_all,100.0,0.0,0.0,256,256,256.0,179.50219833401206,84.70837641699472,5.692656867948244,2.5079549049405614,0.031073085163370706,0.02568043684004806,1.0103627251664875,22.48510721253676,44.47388178084566,3612,3612,False,,,False
official_ruler_niah_single_qwen25_7b,20260611_225910,15,mlx-community/Qwen2.5-7B-Instruct-4bit,qwen,mlx,4,l2_key_prefill_only,geometry,256,ruler,15684,,6.807117459434611,1.91796875,True,False,0.02,True,100.0,True,string_match_all,ruler_public_string_match,True,string_match_all,100.0,0.0,0.0,256,256,256.0,179.40387400001055,84.68120629199257,5.6830189581087325,2.496411500949762,0.03098812434473075,0.025836987391812727,1.005431498240796,22.523240014423155,44.39858561022447,3612,3612,False,,,False
official_ruler_niah_single_qwen25_7b,20260611_225910,16,mlx-community/Qwen2.5-7B-Instruct-4bit,qwen,mlx,4,l2_key_prefill_only,geometry,256,ruler,15684,,5.811075264019165,1.759765625,True,False,0.0,True,100.0,True,string_match_all,ruler_public_string_match,True,string_match_all,100.0,0.0,0.0,256,256,256.0,179.37836420800886,84.65679970900237,5.67788445892802,2.4726623390160967,0.03140415971574839,0.026434335028170608,1.0322888399095973,22.543607733815406,44.358472335375154,3612,3612,False,,,False
official_ruler_niah_single_qwen25_7b,20260611_225910,17,mlx-community/Qwen2.5-7B-Instruct-4bit,qwen,mlx,4,l2_key_prefill_only,geometry,256,ruler,15684,,5.098295407305361,1.62890625,True,False,0.0,True,100.0,True,string_match_all,ruler_public_string_match,True,string_match_all,100.0,0.0,0.0,256,256,256.0,179.4155498330074,84.69735766599479,5.705844005089602,2.414420124972821,0.03071547688159626,0.02563225314952433,0.990576642085216,22.433140458418464,44.57690628976252,3612,3612,False,,,False
official_ruler_niah_single_qwen25_7b,20260611_225910,18,mlx-community/Qwen2.5-7B-Instruct-4bit,qwen,mlx,4,l2_key_prefill_only,geometry,256,ruler,15696,,6.482722914768217,1.869140625,True,False,0.0,True,100.0,True,string_match_all,ruler_public_string_match,True,string_match_all,100.0,0.0,0.0,256,256,256.0,180.671814041998,85.14840916699904,6.215830878019915,2.449349213944515,0.03189026203472167,0.02685770693642553,0.9935789807786932,20.59258086519482,48.561178734530586,3612,3612,False,,,False
official_ruler_niah_single_qwen25_7b,20260611_225910,19,mlx-community/Qwen2.5-7B-Instruct-4bit,qwen,mlx,4,l2_key_prefill_only,geometry,256,ruler,15687,,5.3325424129360055,1.673828125,True,False,0.019801980198019802,True,100.0,True,string_match_all,ruler_public_string_match,True,string_match_all,100.0,0.0,0.0,256,256,256.0,180.51044333299797,85.16532187499979,6.115430872043362,2.50631310690369,0.03166505880653858,0.026347120758146048,1.0423684193519875,20.930659290934162,47.776803687838765,3612,3612,False,,,False
official_ruler_niah_single_qwen25_7b,20260611_225910,0,mlx-community/Qwen2.5-7B-Instruct-4bit,qwen,mlx,4,l2_leverage,geometry,256,ruler,15687,,5.995538594132881,1.791015625,True,False,0.0196078431372549,True,100.0,True,string_match_all,ruler_public_string_match,True,string_match_all,100.0,0.0,0.0,256,256,256.0,182.36873520699737,84.71873145899735,5.694130745090661,5.413450461855973,0.03314008368761279,0.028210685195517726,1.0427115478232736,22.479287134451287,44.485396446020786,3612,3612,False,,,False
official_ruler_niah_single_qwen25_7b,20260611_225910,1,mlx-community/Qwen2.5-7B-Instruct-4bit,qwen,mlx,4,l2_leverage,geometry,256,ruler,15693,,7.050686584819912,1.953125,True,False,0.0,True,100.0,True,string_match_all,ruler_public_string_match,True,string_match_all,100.0,0.0,0.0,256,256,256.0,183.36469129199395,85.07107366700075,6.1259537099831505,5.391035758206272,0.03373882544110529,0.027687492794939317,1.0123533090372803,20.894705716010392,47.85901335924336,3612,3612,False,,,False
official_ruler_niah_single_qwen25_7b,20260611_225910,2,mlx-community/Qwen2.5-7B-Instruct-4bit,qwen,mlx,4,l2_leverage,geometry,256,ruler,15687,,5.280720253169033,1.6640625,True,False,0.02,True,100.0,True,string_match_all,ruler_public_string_match,True,string_match_all,100.0,0.0,0.0,256,256,256.0,182.4095612920064,84.7228134580073,5.7046055869577685,5.379163339021034,0.03334638907108456,0.028356141730910167,1.0131935929821339,22.438010489742137,44.56723114810757,3612,3612,False,,,False
official_ruler_niah_single_qwen25_7b,20260611_225910,3,mlx-community/Qwen2.5-7B-Instruct-4bit,qwen,mlx,4,l2_leverage,geometry,256,ruler,15687,,5.168477330872253,1.642578125,True,False,0.0,True,100.0,True,string_match_all,ruler_public_string_match,True,string_match_all,100.0,0.0,0.0,256,256,256.0,182.37463670800207,84.68104495799344,5.6946524190716445,5.377007544026128,0.033080096036428586,0.028290613045101054,1.0283733313845005,22.477227858775418,44.48947202399722,3612,3612,False,,,False
official_ruler_niah_single_qwen25_7b,20260611_225910,4,mlx-community/Qwen2.5-7B-Instruct-4bit,qwen,mlx,4,l2_leverage,geometry,256,ruler,15687,,6.982167334831573,1.943359375,True,False,0.0,True,100.0,True,string_match_all,ruler_public_string_match,True,string_match_all,100.0,0.0,0.0,256,256,256.0,182.41544466601044,84.71432691700466,5.700357257039286,5.367087297112448,0.03309862589230761,0.028152955128462054,1.00559592845093,22.45473296290942,44.53404107061942,3612,3612,False,,,False
official_ruler_niah_single_qwen25_7b,20260611_225910,5,mlx-community/Qwen2.5-7B-Instruct-4bit,qwen,mlx,4,l2_leverage,geometry,256,ruler,15690,,6.149718140775787,1.81640625,True,False,0.0,True,100.0,True,string_match_all,ruler_public_string_match,True,string_match_all,100.0,0.0,0.0,256,256,256.0,183.46424904098967,85.02483675000258,6.165325579975615,5.368029951088829,0.033629254074185155,0.028020685407682322,1.006551272890647,20.761271783558634,48.166606093559494,3612,3612,False,,,False
official_ruler_niah_single_qwen25_7b,20260611_225910,6,mlx-community/Qwen2.5-7B-Instruct-4bit,qwen,mlx,4,l2_leverage,geometry,256,ruler,15690,,5.868102043759899,1.76953125,True,False,0.0,True,100.0,True,string_match_all,ruler_public_string_match,True,string_match_all,100.0,0.0,0.0,256,256,256.0,182.79735850001452,84.94723162500304,5.689350661952631,5.366849296158762,0.03240059790550731,0.027115224467706867,0.990585068706423,22.49817379969147,44.44805204650493,3612,3612,False,,,False
official_ruler_niah_single_qwen25_7b,20260611_225910,7,mlx-community/Qwen2.5-7B-Instruct-4bit,qwen,mlx,4,l2_leverage,geometry,256,ruler,15687,,4.715152456871992,1.55078125,True,False,0.0,True,100.0,True,string_match_all,ruler_public_string_match,True,string_match_all,100.0,0.0,0.0,256,256,256.0,182.46089962500264,84.7511492499907,5.7158506669074995,5.383070546071394,0.033149085895274766,0.027479739830596372,1.0002603260509204,22.393867065329236,44.65508333521484,3612,3612,False,,,False
official_ruler_niah_single_qwen25_7b,20260611_225910,8,mlx-community/Qwen2.5-7B-Instruct-4bit,qwen,mlx,4,l2_leverage,geometry,256,ruler,15693,,5.698678894031116,1.740234375,True,False,0.0,True,100.0,True,string_match_all,ruler_public_string_match,True,string_match_all,100.0,0.0,0.0,256,256,256.0,183.20496395800728,84.91022787500697,6.161974420028855,5.326216425790335,0.03387947128794622,0.028568681140313856,0.9893053459381917,20.77256270067421,48.14042515647543,3612,3612,False,,,False
official_ruler_niah_single_qwen25_7b,20260611_225910,9,mlx-community/Qwen2.5-7B-Instruct-4bit,qwen,mlx,4,l2_leverage,geometry,256,ruler,15690,,6.089954588733513,1.806640625,True,False,0.0,True,100.0,True,string_match_all,ruler_public_string_match,True,string_match_all,100.0,0.0,0.0,256,256,256.0,183.4024206250033,84.93457916700572,6.185517161036842,5.254904121844447,0.033738769954652525,0.029207993342424743,0.9657426435296657,20.693500101541083,48.324352820600325,3612,3612,False,,,False
official_ruler_niah_single_qwen25_7b,20260611_225910,10,mlx-community/Qwen2.5-7B-Instruct-4bit,qwen,mlx,4,l2_leverage,geometry,256,ruler,15687,,5.599382086743113,1.72265625,True,False,0.0,True,100.0,True,string_match_all,ruler_public_string_match,True,string_match_all,100.0,0.0,0.0,256,256,256.0,183.63271120701393,85.05409366700042,6.17574228203739,5.361566412888351,0.03409474190266337,0.028299160694587044,1.0001009193365462,20.726253485722292,48.24798657841711,3612,3612,False,,,False
official_ruler_niah_single_qwen25_7b,20260611_225910,11,mlx-community/Qwen2.5-7B-Instruct-4bit,qwen,mlx,4,l2_leverage,geometry,256,ruler,15684,,5.4165177368810635,1.689453125,True,False,0.02247191011235955,True,100.0,True,string_match_all,ruler_public_string_match,True,string_match_all,100.0,0.0,0.0,256,256,256.0,183.1296873329993,84.96388424999896,6.168605120925349,5.359412368808989,0.03393307747319341,0.028235739868250675,1.0031568015983794,20.750234046558454,48.19222750722929,3612,3612,False,,,False
official_ruler_niah_single_qwen25_7b,20260611_225910,12,mlx-community/Qwen2.5-7B-Instruct-4bit,qwen,mlx,4,l2_leverage,geometry,256,ruler,15687,,6.419723190321737,1.859375,True,False,0.0,True,100.0,True,string_match_all,ruler_public_string_match,True,string_match_all,100.0,0.0,0.0,256,256,256.0,182.3667842089926,84.73209295800189,5.715608495956985,5.35111812010291,0.03363360321964137,0.027347787545295432,0.9973761423170799,22.394815895900248,44.65319137466395,3612,3612,False,,,False
official_ruler_niah_single_qwen25_7b,20260611_225910,13,mlx-community/Qwen2.5-7B-Instruct-4bit,qwen,mlx,4,l2_leverage,geometry,256,ruler,15684,,5.687559524110652,1.73828125,True,False,0.0,True,100.0,True,string_match_all,ruler_public_string_match,True,string_match_all,100.0,0.0,0.0,256,256,256.0,182.38802766700974,84.68727862498781,5.6891527980187675,5.406676628059358,0.03309708327287808,0.027031650024582632,1.002097768287058,22.498956267192483,44.44650623452162,3612,3612,False,,,False
official_ruler_niah_single_qwen25_7b,20260611_225910,14,mlx-community/Qwen2.5-7B-Instruct-4bit,qwen,mlx,4,l2_leverage,geometry,256,ruler,15687,,5.009460000718975,1.611328125,True,False,0.02247191011235955,True,100.0,True,string_match_all,ruler_public_string_match,True,string_match_all,100.0,0.0,0.0,256,256,256.0,182.4040407499997,84.76616458399803,5.706466582021676,5.3344446970004356,0.03336903762829024,0.028580689540831372,0.99747258820571,22.430692997180824,44.581770172044344,3612,3612,False,,,False
official_ruler_niah_single_qwen25_7b,20260611_225910,15,mlx-community/Qwen2.5-7B-Instruct-4bit,qwen,mlx,4,l2_leverage,geometry,256,ruler,15684,,6.982167334831573,1.943359375,True,False,0.019801980198019802,True,100.0,True,string_match_all,ruler_public_string_match,True,string_match_all,100.0,0.0,0.0,256,256,256.0,182.38820174998546,84.72585875001096,5.6996180030400865,5.3712929979665205,0.03304641117574647,0.028284496889682487,1.0329334817215567,22.457645395134694,44.528265648750676,3612,3612,False,,,False
official_ruler_niah_single_qwen25_7b,20260611_225910,16,mlx-community/Qwen2.5-7B-Instruct-4bit,qwen,mlx,4,l2_leverage,geometry,256,ruler,15684,,5.948880942630247,1.783203125,True,False,0.0,True,100.0,True,string_match_all,ruler_public_string_match,True,string_match_all,100.0,0.0,0.0,256,256,256.0,182.3367423749878,84.71171987500566,5.688707623077789,5.34229000081541,0.03291867199004628,0.028196693121572025,0.9897752467222745,22.50071694328835,44.44302830529523,3612,3612,False,,,False
official_ruler_niah_single_qwen25_7b,20260611_225910,17,mlx-community/Qwen2.5-7B-Instruct-4bit,qwen,mlx,4,l2_leverage,geometry,256,ruler,15684,,5.108262746083499,1.630859375,True,False,0.0,True,100.0,True,string_match_all,ruler_public_string_match,True,string_match_all,100.0,0.0,0.0,256,256,256.0,182.3588111660065,84.73313691599469,5.704344035999384,5.3476363351073815,0.033740250510163605,0.02853325442993082,0.9971447957068449,22.439039299209238,44.565187781245186,3612,3612,False,,,False
official_ruler_niah_single_qwen25_7b,20260611_225910,18,mlx-community/Qwen2.5-7B-Instruct-4bit,qwen,mlx,4,l2_leverage,geometry,256,ruler,15696,,6.5976844726682025,1.88671875,True,False,0.020202020202020204,True,100.0,True,string_match_all,ruler_public_string_match,True,string_match_all,100.0,0.0,0.0,256,256,256.0,183.4418683739932,85.09848000000056,6.1664997071929974,5.345160741882864,0.03386417146248277,0.028849983733380213,0.9965332623542054,20.757318750975152,48.17577896244529,3612,3612,False,,,False
official_ruler_niah_single_qwen25_7b,20260611_225910,19,mlx-community/Qwen2.5-7B-Instruct-4bit,qwen,mlx,4,l2_leverage,geometry,256,ruler,15687,,5.178581877668445,1.64453125,True,False,0.020833333333333332,True,100.0,True,string_match_all,ruler_public_string_match,True,string_match_all,100.0,0.0,0.0,256,256,256.0,183.14462758300942,84.94493766699452,6.176752160012256,5.363644992990885,0.033491755166323856,0.02900261789909564,1.0035963353875559,20.722864813754484,48.25587625009575,3612,3612,False,,,False
official_ruler_niah_single_qwen25_7b,20260611_225910,0,mlx-community/Qwen2.5-7B-Instruct-4bit,qwen,mlx,4,l1_prefill_only,geometry,256,ruler,15687,,6.197950977946148,1.82421875,True,False,0.02247191011235955,True,100.0,True,string_match_all,ruler_public_string_match,True,string_match_all,100.0,0.0,0.0,256,256,256.0,178.2755132500024,84.71640533299069,5.685516083089169,2.4237420380814,0.2719333246932365,0.025593125115847215,0.9844580879434943,22.513347623924485,44.418094399134134,3612,3612,False,,,False
official_ruler_niah_single_qwen25_7b,20260611_225910,1,mlx-community/Qwen2.5-7B-Instruct-4bit,qwen,mlx,4,l1_prefill_only,geometry,256,ruler,15693,,7.009494765121929,1.947265625,True,False,0.0,True,100.0,True,string_match_all,ruler_public_string_match,True,string_match_all,100.0,0.0,0.0,256,256,256.0,179.49226287499187,85.23701612500008,6.106524254049873,2.469829662994016,0.30998310883296654,0.02592488771188073,0.9955740468285512,20.961187522527215,47.70722073476463,3612,3612,False,,,False
official_ruler_niah_single_qwen25_7b,20260611_225910,2,mlx-community/Qwen2.5-7B-Instruct-4bit,qwen,mlx,4,l1_prefill_only,geometry,256,ruler,15687,,5.4165177368810635,1.689453125,True,False,0.0,True,100.0,True,string_match_all,ruler_public_string_match,True,string_match_all,100.0,0.0,0.0,256,256,256.0,178.48023908300092,84.8823207920068,5.694757178134751,2.4462296839628834,0.24663299423991702,0.025252520630601794,0.998133316723397,22.47681437436194,44.49029045417774,3612,3612,False,,,False
official_ruler_niah_single_qwen25_7b,20260611_225910,3,mlx-community/Qwen2.5-7B-Instruct-4bit,qwen,mlx,4,l1_prefill_only,geometry,256,ruler,15687,,5.3325424129360055,1.673828125,True,False,0.0,True,100.0,True,string_match_all,ruler_public_string_match,True,string_match_all,100.0,0.0,0.0,256,256,256.0,179.19053962500766,85.05863970797509,6.1290765478916,2.4311313879443333,0.3034915821335744,0.027194332506041974,0.9845694774703588,20.884059613194413,47.883410530403125,3612,3612,False,,,False
official_ruler_niah_single_qwen25_7b,20260611_225910,4,mlx-community/Qwen2.5-7B-Instruct-4bit,qwen,mlx,4,l1_prefill_only,geometry,256,ruler,15687,,6.95494644409525,1.939453125,True,False,0.0,True,100.0,True,string_match_all,ruler_public_string_match,True,string_match_all,100.0,0.0,0.0,256,256,256.0,178.56173358301749,84.88032354199095,5.7065568350371905,2.4607172957912553,0.24522205226821825,0.02551979717100039,0.9783723192813341,22.430338240759117,44.58247527372805,3612,3612,False,,,False
official_ruler_niah_single_qwen25_7b,20260611_225910,5,mlx-community/Qwen2.5-7B-Instruct-4bit,qwen,mlx,4,l1_prefill_only,geometry,256,ruler,15690,,6.137718694555804,1.814453125,True,False,0.022988505747126436,True,100.0,True,string_match_all,ruler_public_string_match,True,string_match_all,100.0,0.0,0.0,256,256,256.0,179.3457444170199,85.10285837500123,5.697144452948123,2.4561284538940527,0.24837934493552893,0.025207091704942286,0.9874471387593076,22.46739591336206,44.50894103865721,3612,3612,False,,,False
official_ruler_niah_single_qwen25_7b,20260611_225910,6,mlx-community/Qwen2.5-7B-Instruct-4bit,qwen,mlx,4,l1_prefill_only,geometry,256,ruler,15690,,5.709820002693286,1.7421875,True,False,0.0,True,100.0,True,string_match_all,ruler_public_string_match,True,string_match_all,100.0,0.0,0.0,256,256,256.0,175.42348937501083,83.98293050000211,5.558458419138333,2.4076259623107035,0.24683537986129522,0.026772258162964135,0.9701530838792678,23.02796753130024,43.425456399518225,3612,3612,False,,,False
official_ruler_niah_single_qwen25_7b,20260611_225910,7,mlx-community/Qwen2.5-7B-Instruct-4bit,qwen,mlx,4,l1_prefill_only,geometry,256,ruler,15687,,4.678458849340249,1.54296875,True,False,0.0,True,100.0,True,string_match_all,ruler_public_string_match,True,string_match_all,100.0,0.0,0.0,256,256,256.0,174.04625954199582,82.52010191700538,5.55977895820979,2.4253711248456966,0.246594851865666,0.026723295071860775,1.0075096318905707,23.022498009743735,43.43577311101399,3612,3612,False,,,False
official_ruler_niah_single_qwen25_7b,20260611_225910,8,mlx-community/Qwen2.5-7B-Instruct-4bit,qwen,mlx,4,l1_prefill_only,geometry,256,ruler,15693,,5.765853117540196,1.751953125,True,False,0.0,True,100.0,True,string_match_all,ruler_public_string_match,True,string_match_all,100.0,0.0,0.0,256,256,256.0,174.95453845898737,83.12367695799912,5.989266542746918,2.4181767549016513,0.3306795232347213,0.02697448548860848,0.9825309190200642,21.371565130125944,46.7911448652103,3612,3612,False,,,False
official_ruler_niah_single_qwen25_7b,20260611_225910,9,mlx-community/Qwen2.5-7B-Instruct-4bit,qwen,mlx,4,l1_prefill_only,geometry,256,ruler,15690,,6.382217611682625,1.853515625,True,False,0.020833333333333332,True,100.0,True,string_match_all,ruler_public_string_match,True,string_match_all,100.0,0.0,0.0,256,256,256.0,175.2617465420044,83.03211854098481,6.078572712052846,2.644397131021833,0.3079691783641465,0.029661526437848806,0.9999120649881661,21.057574872172918,47.48884931291286,3612,3612,False,,,False
official_ruler_niah_single_qwen25_7b,20260611_225910,10,mlx-community/Qwen2.5-7B-Instruct-4bit,qwen,mlx,4,l1_prefill_only,geometry,256,ruler,15687,,5.732167606325711,1.74609375,True,False,0.0,True,100.0,True,string_match_all,ruler_public_string_match,True,string_match_all,100.0,0.0,0.0,256,256,256.0,175.18705291699735,83.16679087499506,5.960071456822334,2.4333993747713976,0.29992114784545265,0.025994961441028863,0.9874975942657329,21.47625257973742,46.56305825642448,3612,3612,False,,,False
official_ruler_niah_single_qwen25_7b,20260611_225910,11,mlx-community/Qwen2.5-7B-Instruct-4bit,qwen,mlx,4,l1_prefill_only,geometry,256,ruler,15684,,5.6103290668115555,1.724609375,True,False,0.02150537634408602,True,100.0,True,string_match_all,ruler_public_string_match,True,string_match_all,100.0,0.0,0.0,256,256,256.0,175.32267808300094,83.20459658300388,5.9697667068685405,2.398869338008808,0.2969337011454627,0.026321108773117885,0.9775790577114094,21.441373890327917,46.63880239741047,3612,3612,False,,,False
official_ruler_niah_single_qwen25_7b,20260611_225910,12,mlx-community/Qwen2.5-7B-Instruct-4bit,qwen,mlx,4,l1_prefill_only,geometry,256,ruler,15687,,6.495396855827752,1.87109375,True,False,0.0,True,100.0,True,string_match_all,ruler_public_string_match,True,string_match_all,100.0,0.0,0.0,256,256,256.0,175.4370494169707,83.30380829202477,5.640064703999087,2.38095533582964,0.2531068317766767,0.02633323144982569,0.9698008693812881,22.694775098810766,44.06300549999287,3612,3612,False,,,False
official_ruler_niah_single_qwen25_7b,20260611_225910,13,mlx-community/Qwen2.5-7B-Instruct-4bit,qwen,mlx,4,l1_prefill_only,geometry,256,ruler,15684,,4.724370738311875,1.552734375,True,False,0.0,True,100.0,True,string_match_all,ruler_public_string_match,True,string_match_all,100.0,0.0,0.0,256,256,256.0,175.23702545798733,83.37819929199759,5.628952451894293,2.4148299948428757,0.25566052208887413,0.025541905575664714,0.9795946144440677,22.739577406969318,43.97619103042416,3612,3612,False,,,False
official_ruler_niah_single_qwen25_7b,20260611_225910,14,mlx-community/Qwen2.5-7B-Instruct-4bit,qwen,mlx,4,l1_prefill_only,geometry,256,ruler,15687,,5.291044238648667,1.666015625,True,False,0.0,True,100.0,True,string_match_all,ruler_public_string_match,True,string_match_all,100.0,0.0,0.0,256,256,256.0,178.02448100000038,83.56462658301461,6.1582071671728045,2.359533747949172,0.30630028471932746,0.02601370174670592,0.9500654827861581,20.78527021343519,48.110993493537535,3612,3612,False,,,False
official_ruler_niah_single_qwen25_7b,20260611_225910,15,mlx-community/Qwen2.5-7B-Instruct-4bit,qwen,mlx,4,l1_prefill_only,geometry,256,ruler,15684,,6.873918863717232,1.927734375,True,False,0.020408163265306124,True,100.0,True,string_match_all,ruler_public_string_match,True,string_match_all,100.0,0.0,0.0,256,256,256.0,179.4113331240078,85.3316290829971,5.709020498034079,2.4424055419221986,0.25211075274273753,0.026340864424128085,0.9772483139531687,22.42065868288216,44.60172264089124,3612,3612,False,,,False
official_ruler_niah_single_qwen25_7b,20260611_225910,16,mlx-community/Qwen2.5-7B-Instruct-4bit,qwen,mlx,4,l1_prefill_only,geometry,256,ruler,15684,,5.788420028583415,1.755859375,True,False,0.02,True,100.0,True,string_match_all,ruler_public_string_match,True,string_match_all,100.0,0.0,0.0,256,256,256.0,179.39772508401074,85.27354337502038,5.7056709566677455,2.469979828922078,0.2520545753359329,0.025400478654773906,0.9858234759012703,22.433820837568103,44.57555434896676,3612,3612,False,,,False
official_ruler_niah_single_qwen25_7b,20260611_225910,17,mlx-community/Qwen2.5-7B-Instruct-4bit,qwen,mlx,4,l1_prefill_only,geometry,256,ruler,15684,,5.643298584745483,1.73046875,True,False,0.02531645569620253,True,100.0,True,string_match_all,ruler_public_string_match,True,string_match_all,100.0,0.0,0.0,256,256,256.0,179.44678854200174,85.34526270901551,5.696916248853086,2.415546703094151,0.24720621400047094,0.02540543582290411,0.9723519508261234,22.46829590057063,44.50715819416473,3612,3612,False,,,False
official_ruler_niah_single_qwen25_7b,20260611_225910,18,mlx-community/Qwen2.5-7B-Instruct-4bit,qwen,mlx,4,l1_prefill_only,geometry,256,ruler,15696,,6.5208191203301125,1.875,True,False,0.02173913043478261,True,100.0,True,string_match_all,ruler_public_string_match,True,string_match_all,100.0,0.0,0.0,256,256,256.0,180.5976990420022,85.70855599999777,6.154480535915354,2.4890392939851154,0.3045727565186098,0.02626765039167367,0.9862367527384777,20.797856009623825,48.081879186838705,3612,3612,False,,,False
official_ruler_niah_single_qwen25_7b,20260611_225910,19,mlx-community/Qwen2.5-7B-Instruct-4bit,qwen,mlx,4,l1_prefill_only,geometry,256,ruler,15687,,5.384873127618627,1.68359375,True,False,0.020833333333333332,True,100.0,True,string_match_all,ruler_public_string_match,True,string_match_all,100.0,0.0,0.0,256,256,256.0,179.78358554199804,85.32383962499443,6.116312620026292,2.441359377640765,0.30069333911524154,0.025951337651349604,0.9791687185061164,20.927641857431702,47.78369234395541,3612,3612,False,,,False
official_ruler_niah_single_qwen25_7b,20260611_225910,0,mlx-community/Qwen2.5-7B-Instruct-4bit,qwen,mlx,4,l1_leverage,geometry,256,ruler,15687,,6.197950977946148,1.82421875,True,False,0.022727272727272724,True,100.0,True,string_match_all,ruler_public_string_match,True,string_match_all,100.0,0.0,0.0,256,256,256.0,179.65129233399057,85.26319529098691,5.683044335892191,2.8615006301843096,0.394559123669751,0.025802824005950242,1.007106879085768,22.523139436304444,44.39878387415774,3612,3612,False,,,False
official_ruler_niah_single_qwen25_7b,20260611_225910,1,mlx-community/Qwen2.5-7B-Instruct-4bit,qwen,mlx,4,l1_leverage,geometry,256,ruler,15693,,7.009494765121929,1.947265625,True,False,0.0,True,100.0,True,string_match_all,ruler_public_string_match,True,string_match_all,100.0,0.0,0.0,256,256,256.0,180.69075966702076,85.61522695800522,6.169779456220567,2.8243878029752523,0.460569053015206,0.026296265656128526,0.982960222667316,20.746284516044792,48.20140200172318,3612,3612,False,,,False
official_ruler_niah_single_qwen25_7b,20260611_225910,2,mlx-community/Qwen2.5-7B-Instruct-4bit,qwen,mlx,4,l1_leverage,geometry,256,ruler,15687,,5.4165177368810635,1.689453125,True,False,0.0,True,100.0,True,string_match_all,ruler_public_string_match,True,string_match_all,100.0,0.0,0.0,256,256,256.0,179.48601474997122,85.23275049999938,5.727509292017203,2.7748476600681897,0.39792499577743,0.02572983398567885,0.9635942561144475,22.348283254363604,44.7461663438844,3612,3612,False,,,False
official_ruler_niah_single_qwen25_7b,20260611_225910,3,mlx-community/Qwen2.5-7B-Instruct-4bit,qwen,mlx,4,l1_leverage,geometry,256,ruler,15687,,5.3325424129360055,1.673828125,True,False,0.0,True,100.0,True,string_match_all,ruler_public_string_match,True,string_match_all,100.0,0.0,0.0,256,256,256.0,179.78855354199186,85.2437832079886,5.740717587003019,2.7797517960425466,0.39537987374933437,0.025547978846589103,0.9650610760436393,22.296864121968294,44.849356148461084,3612,3612,False,,,False
official_ruler_niah_single_qwen25_7b,20260611_225910,4,mlx-community/Qwen2.5-7B-Instruct-4bit,qwen,mlx,4,l1_leverage,geometry,256,ruler,15687,,6.95494644409525,1.939453125,True,False,0.0,True,100.0,True,string_match_all,ruler_public_string_match,True,string_match_all,100.0,0.0,0.0,256,256,256.0,179.69071329201688,85.02428504201816,6.180353302916046,2.7884947072016075,0.4433648087142501,0.025959425867768005,0.9694376395200379,20.710790099913282,48.28401017903161,3612,3612,False,,,False
official_ruler_niah_single_qwen25_7b,20260611_225910,5,mlx-community/Qwen2.5-7B-Instruct-4bit,qwen,mlx,4,l1_leverage,geometry,256,ruler,15690,,6.137718694555804,1.814453125,True,False,0.0,True,100.0,True,string_match_all,ruler_public_string_match,True,string_match_all,100.0,0.0,0.0,256,256,256.0,177.8359858339827,84.3808889159991,5.754105247120606,2.804292672080919,0.3961313611944206,0.025712066533742473,0.9908802729623858,22.24498762236789,44.95394724312973,3612,3612,False,,,False
official_ruler_niah_single_qwen25_7b,20260611_225910,6,mlx-community/Qwen2.5-7B-Instruct-4bit,qwen,mlx,4,l1_leverage,geometry,256,ruler,15690,,5.709820002693286,1.7421875,True,False,0.0,True,100.0,True,string_match_all,ruler_public_string_match,True,string_match_all,100.0,0.0,0.0,256,256,256.0,177.98993729197537,84.44905983301578,5.732180246763164,2.793486874055816,0.3945962816069368,0.02589156897738576,0.9806129018543288,22.330072413943853,44.78265817783722,3612,3612,False,,,False
official_ruler_niah_single_qwen25_7b,20260611_225910,7,mlx-community/Qwen2.5-7B-Instruct-4bit,qwen,mlx,4,l1_leverage,geometry,256,ruler,15687,,4.678458849340249,1.54296875,True,False,0.0,True,100.0,True,string_match_all,ruler_public_string_match,True,string_match_all,100.0,0.0,0.0,256,256,256.0,178.18392562499503,84.40769762502168,5.720580786961364,2.8082846180186607,0.39416804863139987,0.026141025708056986,0.9649937025096733,22.37535046996348,44.69203739813565,3612,3612,False,,,False
official_ruler_niah_single_qwen25_7b,20260611_225910,8,mlx-community/Qwen2.5-7B-Instruct-4bit,qwen,mlx,4,l1_leverage,geometry,256,ruler,15693,,5.765853117540196,1.751953125,True,False,0.0,True,100.0,True,string_match_all,ruler_public_string_match,True,string_match_all,100.0,0.0,0.0,256,256,256.0,180.0806218740181,85.17973604099825,6.161985290120356,2.834629830933409,0.4672231198346708,0.02835196041269228,1.0066265143395867,20.772526056695586,48.14051007906528,3612,3612,False,,,False
official_ruler_niah_single_qwen25_7b,20260611_225910,9,mlx-community/Qwen2.5-7B-Instruct-4bit,qwen,mlx,4,l1_leverage,geometry,256,ruler,15690,,6.382217611682625,1.853515625,True,False,0.0,True,100.0,True,string_match_all,ruler_public_string_match,True,string_match_all,100.0,0.0,0.0,256,256,256.0,180.90281154203694,85.42811266702483,6.138381044147536,2.8165778798866086,0.4081726467993576,0.026076298381667584,0.9803548147610854,20.8524037656538,47.956101907402626,3612,3612,False,,,False
official_ruler_niah_single_qwen25_7b,20260611_225910,10,mlx-community/Qwen2.5-7B-Instruct-4bit,qwen,mlx,4,l1_leverage,geometry,256,ruler,15687,,5.732167606325711,1.74609375,True,False,0.0,True,100.0,True,string_match_all,ruler_public_string_match,True,string_match_all,100.0,0.0,0.0,256,256,256.0,180.94323583401274,85.7398713750008,6.120659539592452,2.8147870808898006,0.45372247870545834,0.02596926555270329,0.976626935065724,20.9127789533157,47.817652653066034,3612,3612,False,,,False
official_ruler_niah_single_qwen25_7b,20260611_225910,11,mlx-community/Qwen2.5-7B-Instruct-4bit,qwen,mlx,4,l1_leverage,geometry,256,ruler,15684,,5.6103290668115555,1.724609375,True,False,0.020408163265306124,True,100.0,True,string_match_all,ruler_public_string_match,True,string_match_all,100.0,0.0,0.0,256,256,256.0,181.87322695899638,85.76847533302498,6.52760725322878,2.790245746902656,0.5405787003110163,0.026385844859760255,0.9700105394585989,19.60902288303065,50.99693166584984,3612,3612,False,,,False
official_ruler_niah_single_qwen25_7b,20260611_225910,12,mlx-community/Qwen2.5-7B-Instruct-4bit,qwen,mlx,4,l1_leverage,geometry,256,ruler,15687,,6.495396855827752,1.87109375,True,False,0.0,True,100.0,True,string_match_all,ruler_public_string_match,True,string_match_all,100.0,0.0,0.0,256,256,256.0,180.8513177090208,85.73967908299528,5.859804633015301,2.767511457146611,0.4120674646110274,0.0256734439462889,0.9675960594031494,21.84373166279685,45.77972369543204,3612,3612,False,,,False
official_ruler_niah_single_qwen25_7b,20260611_225910,13,mlx-community/Qwen2.5-7B-Instruct-4bit,qwen,mlx,4,l1_leverage,geometry,256,ruler,15684,,4.724370738311875,1.552734375,True,False,0.01923076923076923,True,100.0,True,string_match_all,ruler_public_string_match,True,string_match_all,100.0,0.0,0.0,256,256,256.0,181.28293837499223,85.76544350001495,6.203265751770232,2.7769018649705686,0.4550859568116721,0.02702112589031458,0.9667253996303771,20.634292503665915,48.46301368570494,3612,3612,False,,,False
official_ruler_niah_single_qwen25_7b,20260611_225910,14,mlx-community/Qwen2.5-7B-Instruct-4bit,qwen,mlx,4,l1_leverage,geometry,256,ruler,15687,,5.291044238648667,1.666015625,True,False,0.020833333333333332,True,100.0,True,string_match_all,ruler_public_string_match,True,string_match_all,100.0,0.0,0.0,256,256,256.0,180.68443141601165,85.735753749992,5.750487948185764,2.755822835722938,0.3998647935804911,0.026137370732612908,0.9648485393554438,22.25898065578644,44.92568709520128,3612,3612,False,,,False
official_ruler_niah_single_qwen25_7b,20260611_225910,15,mlx-community/Qwen2.5-7B-Instruct-4bit,qwen,mlx,4,l1_leverage,geometry,256,ruler,15684,,6.873918863717232,1.927734375,True,False,0.0,True,100.0,True,string_match_all,ruler_public_string_match,True,string_match_all,100.0,0.0,0.0,256,256,256.0,181.4146841239708,85.70401466600015,5.8976624568749685,2.8230322123563383,0.4252293690806255,0.026228332018945366,1.0021772695472464,21.70351405085739,46.07548794433569,3612,3612,False,,,False
official_ruler_niah_single_qwen25_7b,20260611_225910,16,mlx-community/Qwen2.5-7B-Instruct-4bit,qwen,mlx,4,l1_leverage,geometry,256,ruler,15684,,5.788420028583415,1.755859375,True,False,0.0,True,100.0,True,string_match_all,ruler_public_string_match,True,string_match_all,100.0,0.0,0.0,256,256,256.0,180.69802958302898,85.71135204198072,5.741939787054434,2.771591170167085,0.39659200128517114,0.025541247188812122,0.9677808803098742,22.29211812506012,44.85890458636277,3612,3612,False,,,False
official_ruler_niah_single_qwen25_7b,20260611_225910,17,mlx-community/Qwen2.5-7B-Instruct-4bit,qwen,mlx,4,l1_leverage,geometry,256,ruler,15684,,5.643298584745483,1.73046875,True,False,0.0,True,100.0,True,string_match_all,ruler_public_string_match,True,string_match_all,100.0,0.0,0.0,256,256,256.0,180.88873345899628,85.72002579201944,5.754251083009876,2.780545881105354,0.39968768300605007,0.026158778404351324,0.9679254898510408,22.244423844822396,44.95508658601466,3612,3612,False,,,False
official_ruler_niah_single_qwen25_7b,20260611_225910,18,mlx-community/Qwen2.5-7B-Instruct-4bit,qwen,mlx,4,l1_leverage,geometry,256,ruler,15696,,6.5208191203301125,1.875,True,False,0.0,True,100.0,True,string_match_all,ruler_public_string_match,True,string_match_all,100.0,0.0,0.0,256,256,256.0,181.7966073330026,86.07926808300545,6.185545211221324,2.8355495827272534,0.45392384100705385,0.026577346929116175,0.9838553390582092,20.693406260743608,48.324571962666596,3612,3612,False,,,False
official_ruler_niah_single_qwen25_7b,20260611_225910,19,mlx-community/Qwen2.5-7B-Instruct-4bit,qwen,mlx,4,l1_leverage,geometry,256,ruler,15687,,5.384873127618627,1.68359375,True,False,0.020408163265306124,True,100.0,True,string_match_all,ruler_public_string_match,True,string_match_all,100.0,0.0,0.0,256,256,256.0,181.38209333398845,85.8548329580226,6.248764504096471,2.799824299989268,0.4659826641436666,0.026792475953698158,0.9900077794445679,20.484049273434405,48.81847268825368,3612,3612,False,,,False
official_ruler_niah_single_qwen25_7b,20260611_225910,0,mlx-community/Qwen2.5-7B-Instruct-4bit,qwen,mlx,4,attention_l2,hybrid,256,ruler,15687,,5.799736584178129,1.7578125,True,False,0.022988505747126436,True,100.0,True,string_match_all,ruler_public_string_match,True,string_match_all,100.0,0.0,0.0,256,256,256.0,252.31160354200983,85.72755708399927,9.587493829109007,16.911507542827167,31.492455066443654,9.060962122108322,0.9327946299454197,13.350725672581257,74.90229553991412,3612,3612,False,,,False
official_ruler_niah_single_qwen25_7b,20260611_225910,1,mlx-community/Qwen2.5-7B-Instruct-4bit,qwen,mlx,4,attention_l2,hybrid,256,ruler,15693,,6.482722914768217,1.869140625,True,False,0.0,True,100.0,True,string_match_all,ruler_public_string_match,True,string_match_all,100.0,0.0,0.0,256,256,256.0,248.8285302509903,84.80112499999814,9.709855833702022,17.30108937472687,29.939768841897603,9.220353240496479,0.9420363191457,13.182482025708733,75.85824870079705,3612,3612,False,,,False
official_ruler_niah_single_qwen25_7b,20260611_225910,2,mlx-community/Qwen2.5-7B-Instruct-4bit,qwen,mlx,4,attention_l2,hybrid,256,ruler,15687,,5.209014200987607,1.650390625,True,False,0.019801980198019802,True,100.0,True,string_match_all,ruler_public_string_match,True,string_match_all,100.0,0.0,0.0,256,256,256.0,253.17050391700468,85.04278037502081,9.759323584701633,17.366342045221245,30.937138604087522,9.284770601021592,0.9458854882977903,13.11566307737231,76.24471550548151,3612,3612,False,,,False
official_ruler_niah_single_qwen25_7b,20260611_225910,3,mlx-community/Qwen2.5-7B-Instruct-4bit,qwen,mlx,4,attention_l2,hybrid,256,ruler,15687,,4.960777586890675,1.6015625,True,False,0.0,True,100.0,True,string_match_all,ruler_public_string_match,True,string_match_all,100.0,0.0,0.0,256,256,256.0,250.8950057909824,85.05555758299306,9.792191545013338,17.217550209665205,30.419765693717636,9.212855663325172,0.9413455036992673,13.0716397255509,76.5014964454167,3612,3612,False,,,False
official_ruler_niah_single_qwen25_7b,20260611_225910,4,mlx-community/Qwen2.5-7B-Instruct-4bit,qwen,mlx,4,attention_l2,hybrid,256,ruler,15687,,6.833759763883972,1.921875,True,False,0.0,True,100.0,True,string_match_all,ruler_public_string_match,True,string_match_all,100.0,0.0,0.0,256,256,256.0,249.71138483300456,85.0987844170013,9.811952459043823,17.34107133699581,29.708631658693776,9.259021828969708,0.950981967151165,13.045313920372747,76.65587858627987,3612,3612,False,,,False
official_ruler_niah_single_qwen25_7b,20260611_225910,5,mlx-community/Qwen2.5-7B-Instruct-4bit,qwen,mlx,4,attention_l2,hybrid,256,ruler,15690,,5.995538594132881,1.791015625,True,False,0.0,True,100.0,True,string_match_all,ruler_public_string_match,True,string_match_all,100.0,0.0,0.0,256,256,256.0,252.83400895798695,85.25028737500543,10.717289911786793,17.29177000929485,28.56273077885271,9.246621698897798,1.8131909849471413,11.94331785867121,83.72882743583432,3612,3612,False,,,False
official_ruler_niah_single_qwen25_7b,20260611_225910,6,mlx-community/Qwen2.5-7B-Instruct-4bit,qwen,mlx,4,attention_l2,hybrid,256,ruler,15690,,5.534147309488141,1.7109375,True,False,0.0,True,100.0,True,string_match_all,ruler_public_string_match,True,string_match_all,100.0,0.0,0.0,256,256,256.0,252.46653066697763,85.17606924998108,10.384207591065206,16.982950466219336,30.260756659088656,9.06639200160862,0.936251411185367,12.326409971824324,81.12662180519692,3612,3612,False,,,False
official_ruler_niah_single_qwen25_7b,20260611_225910,7,mlx-community/Qwen2.5-7B-Instruct-4bit,qwen,mlx,4,attention_l2,hybrid,256,ruler,15687,,4.669330152045518,1.541015625,True,False,0.0,True,100.0,True,string_match_all,ruler_public_string_match,True,string_match_all,100.0,0.0,0.0,256,256,256.0,250.53545049901004,85.05372104200069,9.488619420095347,17.16140808246564,30.116868552577216,9.161491457605734,0.9396126029605512,13.489844447646082,74.1298392194949,3612,3612,False,,,False
official_ruler_niah_single_qwen25_7b,20260611_225910,8,mlx-community/Qwen2.5-7B-Instruct-4bit,qwen,mlx,4,attention_l2,hybrid,256,ruler,15693,,5.3429677124787425,1.67578125,True,False,0.0,True,100.0,True,string_match_all,ruler_public_string_match,True,string_match_all,100.0,0.0,0.0,256,256,256.0,246.52879979097634,85.20641012501437,9.049469623045297,17.19907670505927,28.814748114848044,9.182840546796797,0.9377278841275256,14.1444753484819,70.69898143004139,3612,3612,False,,,False
official_ruler_niah_single_qwen25_7b,20260611_225910,9,mlx-community/Qwen2.5-7B-Instruct-4bit,qwen,mlx,4,attention_l2,hybrid,256,ruler,15690,,6.019004468714109,1.794921875,True,False,0.020618556701030924,True,100.0,True,string_match_all,ruler_public_string_match,True,string_match_all,100.0,0.0,0.0,256,256,256.0,247.78624779201346,85.29291566601023,8.602183878159849,17.307598714978667,29.149419044610113,9.236740988941165,0.945763409283245,14.879942327782622,67.20456154812382,3612,3612,False,,,False
official_ruler_niah_single_qwen25_7b,20260611_225910,10,mlx-community/Qwen2.5-7B-Instruct-4bit,qwen,mlx,4,attention_l2,hybrid,256,ruler,15687,,5.491080233448797,1.703125,True,False,0.0,True,100.0,True,string_match_all,ruler_public_string_match,True,string_match_all,100.0,0.0,0.0,256,256,256.0,250.51032145798672,85.05623441698845,7.596815040771617,17.393549462984083,29.335270242823754,9.317400029220153,1.726547193567967,16.84916630364597,59.350117506028255,3612,3612,False,,,False
official_ruler_niah_single_qwen25_7b,20260611_225910,11,mlx-community/Qwen2.5-7B-Instruct-4bit,qwen,mlx,4,attention_l2,hybrid,256,ruler,15684,,5.405948925141167,1.6875,True,False,0.019801980198019802,True,100.0,True,string_match_all,ruler_public_string_match,True,string_match_all,100.0,0.0,0.0,256,256,256.0,250.86033229200984,84.92023516699555,9.965115084080026,17.220264789182693,30.83185818081256,9.203510705090594,0.9476556279405486,12.84480900822601,77.8524615943752,3612,3612,False,,,False
official_ruler_niah_single_qwen25_7b,20260611_225910,12,mlx-community/Qwen2.5-7B-Instruct-4bit,qwen,mlx,4,attention_l2,hybrid,256,ruler,15687,,6.185857418903038,1.822265625,True,False,0.0,True,100.0,True,string_match_all,ruler_public_string_match,True,string_match_all,100.0,0.0,0.0,256,256,256.0,245.3272805410088,85.01269400000456,8.25190009502694,17.126839675096562,28.51043834525626,9.147721714252839,0.944746885652421,15.51157897284045,64.46796949239797,3612,3612,False,,,False
official_ruler_niah_single_qwen25_7b,20260611_225910,13,mlx-community/Qwen2.5-7B-Instruct-4bit,qwen,mlx,4,attention_l2,hybrid,256,ruler,15684,,5.280720253169033,1.6640625,True,False,0.0,True,100.0,True,string_match_all,ruler_public_string_match,True,string_match_all,100.0,0.0,0.0,256,256,256.0,246.7140331249684,85.06360129200039,8.731028210138902,17.337829997151857,28.76890804132563,9.29640483725234,0.9382348361832555,14.660358083754678,68.21115789171017,3612,3612,False,,,False
official_ruler_niah_single_qwen25_7b,20260611_225910,14,mlx-community/Qwen2.5-7B-Instruct-4bit,qwen,mlx,4,attention_l2,hybrid,256,ruler,15687,,4.724370738311875,1.552734375,True,False,0.0,True,100.0,True,string_match_all,ruler_public_string_match,True,string_match_all,100.0,0.0,0.0,256,256,256.0,246.60329225001624,84.97607633299776,8.080113709060242,16.320175000990275,29.045890601788415,8.61721930722706,0.9004605120862834,15.841361224468095,63.125888352033144,3612,3612,False,,,False
official_ruler_niah_single_qwen25_7b,20260611_225910,15,mlx-community/Qwen2.5-7B-Instruct-4bit,qwen,mlx,4,attention_l2,hybrid,256,ruler,15684,,6.76734862959388,1.912109375,True,False,0.0,True,100.0,True,string_match_all,ruler_public_string_match,True,string_match_all,100.0,0.0,0.0,256,256,256.0,251.02664008300053,85.01135499999509,9.32681833600509,17.205102752748644,29.31574069109047,9.205751178698847,0.9499596404202748,13.723865458585271,72.86576825003976,3612,3612,False,,,False
official_ruler_niah_single_qwen25_7b,20260611_225910,16,mlx-community/Qwen2.5-7B-Instruct-4bit,qwen,mlx,4,attention_l2,hybrid,256,ruler,15684,,5.599382086743113,1.72265625,True,False,0.0,True,100.0,True,string_match_all,ruler_public_string_match,True,string_match_all,100.0,0.0,0.0,256,256,256.0,249.13731262501096,84.98321925001801,9.455498916940996,17.296863752766512,29.306322731572436,9.251275298884138,0.9461846969788894,13.537096363119254,73.87108528860153,3612,3612,False,,,False
official_ruler_niah_single_qwen25_7b,20260611_225910,17,mlx-community/Qwen2.5-7B-Instruct-4bit,qwen,mlx,4,attention_l2,hybrid,256,ruler,15684,,4.980193521397919,1.60546875,True,False,0.0,True,100.0,True,string_match_all,ruler_public_string_match,True,string_match_all,100.0,0.0,0.0,256,256,256.0,251.16001058201073,85.08778420800809,9.66416587488493,17.258334625366842,30.076985344814602,9.228941357665462,0.9460070394852664,13.244805776010553,75.50129589753851,3612,3612,False,,,False
official_ruler_niah_single_qwen25_7b,20260611_225910,18,mlx-community/Qwen2.5-7B-Instruct-4bit,qwen,mlx,4,attention_l2,hybrid,256,ruler,15696,,6.457449173295932,1.865234375,True,False,0.0,True,100.0,True,string_match_all,ruler_public_string_match,True,string_match_all,100.0,0.0,0.0,256,256,256.0,249.22290312498808,85.20683037501294,10.015429039078299,17.07861091149971,30.132222367217764,9.104461322189309,0.9318025201500859,12.78028125410987,78.24553936779921,3612,3612,False,,,False
official_ruler_niah_single_qwen25_7b,20260611_225910,19,mlx-community/Qwen2.5-7B-Instruct-4bit,qwen,mlx,4,attention_l2,hybrid,256,ruler,15687,,5.038898466692391,1.6171875,True,False,0.020408163265306124,True,100.0,True,string_match_all,ruler_public_string_match,True,string_match_all,100.0,0.0,0.0,256,256,256.0,247.23874612498912,85.12816270801704,7.770037209789734,17.48975066380808,29.31462253112113,9.384801231062738,0.9464334268122911,16.47353758341446,60.7034157014823,3612,3612,False,,,False
official_ruler_niah_single_qwen25_7b,20260611_225910,0,mlx-community/Qwen2.5-7B-Instruct-4bit,qwen,mlx,4,attention_l1,hybrid,256,ruler,15687,,5.743374186545336,1.748046875,True,False,0.02,True,100.0,True,string_match_all,ruler_public_string_match,True,string_match_all,100.0,0.0,0.0,256,256,256.0,245.14415425100015,85.01363233302254,8.84796154711512,14.400604258233216,25.898102865729015,9.38281556792208,0.9544730206253007,14.466608983143066,69.12469958683687,3612,3612,False,,,False
official_ruler_niah_single_qwen25_7b,20260611_225910,1,mlx-community/Qwen2.5-7B-Instruct-4bit,qwen,mlx,4,attention_l1,hybrid,256,ruler,15693,,6.508095574867789,1.873046875,True,False,0.0,True,100.0,True,string_match_all,ruler_public_string_match,True,string_match_all,100.0,0.0,0.0,256,256,256.0,249.2896376249846,85.26062820898369,11.900240994000342,13.890045076375827,27.349091571260942,9.056457874539774,0.9219347507460043,10.756084693119478,92.97063276562767,3612,3612,False,,,False
official_ruler_niah_single_qwen25_7b,20260611_225910,2,mlx-community/Qwen2.5-7B-Instruct-4bit,qwen,mlx,4,attention_l1,hybrid,256,ruler,15687,,5.178581877668445,1.64453125,True,False,0.019801980198019802,True,100.0,True,string_match_all,ruler_public_string_match,True,string_match_all,100.0,0.0,0.0,256,256,256.0,246.88134904098115,85.0580235410016,8.948983962007333,14.267540504952194,26.406938626489136,9.301851777127013,0.9699992573878262,14.303299742565246,69.91393720318229,3612,3612,False,,,False
official_ruler_niah_single_qwen25_7b,20260611_225910,3,mlx-community/Qwen2.5-7B-Instruct-4bit,qwen,mlx,4,attention_l1,hybrid,256,ruler,15687,,4.951098023941522,1.599609375,True,False,0.0,True,100.0,True,string_match_all,ruler_public_string_match,True,string_match_all,100.0,0.0,0.0,256,256,256.0,244.71286766699632,85.01887525001075,8.642513005906949,14.282583876192803,26.106302809988847,9.322196945664473,0.959335881867446,14.81050707271312,67.51963285864804,3612,3612,False,,,False
official_ruler_niah_single_qwen25_7b,20260611_225910,4,mlx-community/Qwen2.5-7B-Instruct-4bit,qwen,mlx,4,attention_l1,hybrid,256,ruler,15687,,6.793835283244129,1.916015625,True,False,0.0,True,100.0,True,string_match_all,ruler_public_string_match,True,string_match_all,100.0,0.0,0.0,256,256,256.0,245.89926679199561,85.02488141701906,9.670837327023037,14.29007779454696,25.93269435878028,9.306752600008622,0.9492961976211518,13.235668812495899,75.55341661736747,3612,3612,False,,,False
official_ruler_niah_single_qwen25_7b,20260611_225910,5,mlx-community/Qwen2.5-7B-Instruct-4bit,qwen,mlx,4,attention_l1,hybrid,256,ruler,15690,,5.833819169539345,1.763671875,True,False,0.0,True,100.0,True,string_match_all,ruler_public_string_match,True,string_match_all,100.0,0.0,0.0,256,256,256.0,248.54794958396815,85.23800358400331,10.597338911960833,14.262329834105913,26.6484813138959,9.311206703743665,0.9399412720522378,12.078503958718452,82.791710249694,3612,3612,False,,,False
official_ruler_niah_single_qwen25_7b,20260611_225910,6,mlx-community/Qwen2.5-7B-Instruct-4bit,qwen,mlx,4,attention_l1,hybrid,256,ruler,15690,,5.491080233448797,1.703125,True,False,0.0,True,100.0,True,string_match_all,ruler_public_string_match,True,string_match_all,100.0,0.0,0.0,256,256,256.0,246.9947599589941,85.16399004199775,9.793875875097001,14.197548043070128,26.176051282178378,9.256331667274935,0.9431009150866885,13.069391692564437,76.51465527419532,3612,3612,False,,,False
official_ruler_niah_single_qwen25_7b,20260611_225910,7,mlx-community/Qwen2.5-7B-Instruct-4bit,qwen,mlx,4,attention_l1,hybrid,256,ruler,15687,,4.715152456871992,1.55078125,True,False,0.0,True,100.0,True,string_match_all,ruler_public_string_match,True,string_match_all,100.0,0.0,0.0,256,256,256.0,250.36940341698937,84.9819676670013,10.298934875288978,14.28527011780534,28.488952593004797,9.299513400532305,0.9527586195617914,12.428469696135295,80.46042871319514,3612,3612,False,,,False
official_ruler_niah_single_qwen25_7b,20260611_225910,8,mlx-community/Qwen2.5-7B-Instruct-4bit,qwen,mlx,4,attention_l1,hybrid,256,ruler,15693,,5.4377173879024125,1.693359375,True,False,0.01923076923076923,True,100.0,True,string_match_all,ruler_public_string_match,True,string_match_all,100.0,0.0,0.0,256,256,256.0,247.889807250991,85.20931958398432,11.020697166997707,14.246351283072727,26.319813966023503,9.279201641795225,0.9416379423055332,11.61451023110457,86.09919661716958,3612,3612,False,,,False
official_ruler_niah_single_qwen25_7b,20260611_225910,9,mlx-community/Qwen2.5-7B-Instruct-4bit,qwen,mlx,4,attention_l1,hybrid,256,ruler,15690,,6.042562186131676,1.798828125,True,False,0.0,True,100.0,True,string_match_all,ruler_public_string_match,True,string_match_all,100.0,0.0,0.0,256,256,256.0,247.13596541597508,85.21514266598388,10.33126550106681,14.265057710785186,26.4607294901798,9.285758599929977,0.9490643676253967,12.38957608695495,80.71301172708445,3612,3612,False,,,False
official_ruler_niah_single_qwen25_7b,20260611_225910,10,mlx-community/Qwen2.5-7B-Instruct-4bit,qwen,mlx,4,attention_l1,hybrid,256,ruler,15687,,5.46967254040864,1.69921875,True,False,0.0,True,100.0,True,string_match_all,ruler_public_string_match,True,string_match_all,100.0,0.0,0.0,256,256,256.0,244.32629845803604,85.00833283300744,8.8229589619732,14.382946913159685,26.70776677131653,9.35598067988758,0.9502229433855973,14.507604597468694,68.92936689041562,3612,3612,False,,,False
official_ruler_niah_single_qwen25_7b,20260611_225910,11,mlx-community/Qwen2.5-7B-Instruct-4bit,qwen,mlx,4,attention_l1,hybrid,256,ruler,15684,,5.395400735466409,1.685546875,True,False,0.020408163265306124,True,100.0,True,string_match_all,ruler_public_string_match,True,string_match_all,100.0,0.0,0.0,256,256,256.0,245.5770916250185,85.09781237499556,9.34188691401505,13.735328589973506,26.120614750427194,8.925298172573093,0.928286756912712,13.70172869551328,72.98349151574257,3612,3612,False,,,False
official_ruler_niah_single_qwen25_7b,20260611_225910,12,mlx-community/Qwen2.5-7B-Instruct-4bit,qwen,mlx,4,attention_l1,hybrid,256,ruler,15687,,5.937273373745607,1.78125,True,False,0.0,True,100.0,True,string_match_all,ruler_public_string_match,True,string_match_all,100.0,0.0,0.0,256,256,256.0,247.82910383300623,84.99678845799644,10.757478379178792,14.109655127045698,26.71074841482914,9.191553362412378,0.9373116014758125,11.898699257229769,84.04279983733431,3612,3612,False,,,False
official_ruler_niah_single_qwen25_7b,20260611_225910,13,mlx-community/Qwen2.5-7B-Instruct-4bit,qwen,mlx,4,attention_l1,hybrid,256,ruler,15684,,5.138281833772044,1.63671875,True,False,0.020618556701030924,True,100.0,True,string_match_all,ruler_public_string_match,True,string_match_all,100.0,0.0,0.0,256,256,256.0,246.45051995801623,85.00824570900295,10.229735208908096,14.226521581207635,26.591499362053582,9.282624700979795,0.9434873652644455,12.512542835765394,79.9198063195945,3612,3612,False,,,False
official_ruler_niah_single_qwen25_7b,20260611_225910,14,mlx-community/Qwen2.5-7B-Instruct-4bit,qwen,mlx,4,attention_l1,hybrid,256,ruler,15687,,4.7059521623170095,1.548828125,True,False,0.0,True,100.0,True,string_match_all,ruler_public_string_match,True,string_match_all,100.0,0.0,0.0,256,256,256.0,249.93055808296776,85.07749637498637,10.116801873082295,14.297161165013677,26.814928473584587,9.316609779809369,0.9537867332983296,12.652219703992495,79.03751463345543,3612,3612,False,,,False
official_ruler_niah_single_qwen25_7b,20260611_225910,15,mlx-community/Qwen2.5-7B-Instruct-4bit,qwen,mlx,4,attention_l1,hybrid,256,ruler,15684,,6.688506629955475,1.900390625,True,False,0.0,True,100.0,True,string_match_all,ruler_public_string_match,True,string_match_all,100.0,0.0,0.0,256,256,256.0,245.33825037500355,84.94655004199012,9.388554334960645,14.329312918125652,25.89938668278046,9.332923462119652,0.9579667598882224,13.633621901016197,73.34808074188004,3612,3612,False,,,False
official_ruler_niah_single_qwen25_7b,20260611_225910,16,mlx-community/Qwen2.5-7B-Instruct-4bit,qwen,mlx,4,attention_l1,hybrid,256,ruler,15684,,5.427107211002928,1.69140625,True,False,0.0,True,100.0,True,string_match_all,ruler_public_string_match,True,string_match_all,100.0,0.0,0.0,256,256,256.0,246.80138241601526,85.07802725001238,9.814196007995633,14.254856819054112,26.36240931789507,9.280480734450975,0.947328700684011,13.04233173004883,76.67340631246589,3612,3612,False,,,False
official_ruler_niah_single_qwen25_7b,20260611_225910,17,mlx-community/Qwen2.5-7B-Instruct-4bit,qwen,mlx,4,attention_l1,hybrid,256,ruler,15684,,4.687605393544834,1.544921875,True,False,0.020618556701030924,True,100.0,True,string_match_all,ruler_public_string_match,True,string_match_all,100.0,0.0,0.0,256,256,256.0,245.20140200000606,85.05023645897745,8.66458000606508,14.377908788970672,25.241891316487454,9.37588097943808,0.9600613201619126,14.772787591597268,67.69203129738344,3612,3612,False,,,False
official_ruler_niah_single_qwen25_7b,20260611_225910,18,mlx-community/Qwen2.5-7B-Instruct-4bit,qwen,mlx,4,attention_l1,hybrid,256,ruler,15696,,6.5976844726682025,1.88671875,True,False,0.0,True,100.0,True,string_match_all,ruler_public_string_match,True,string_match_all,100.0,0.0,0.0,256,256,256.0,244.93641520902747,85.15817641600734,10.033155458746478,14.317395457503153,25.775336834572954,9.315648501185933,0.9467398983251769,12.757701256229918,78.38402702145686,3612,3612,False,,,False
official_ruler_niah_single_qwen25_7b,20260611_225910,19,mlx-community/Qwen2.5-7B-Instruct-4bit,qwen,mlx,4,attention_l1,hybrid,256,ruler,15687,,5.088347516986956,1.626953125,True,False,0.020202020202020204,True,100.0,True,string_match_all,ruler_public_string_match,True,string_match_all,100.0,0.0,0.0,256,256,256.0,250.93735295897932,85.00935629100422,8.696216247102711,14.249764798412798,29.0746464865515,9.289323896053247,0.9537044866010547,14.71904519884097,67.93918943048993,3612,3612,False,,,False
official_ruler_niah_single_qwen25_7b,20260611_225910,0,mlx-community/Qwen2.5-7B-Instruct-4bit,qwen,mlx,4,full,recency,512,ruler,15687,,5.720982892597131,1.744140625,True,False,0.021052631578947368,True,100.0,True,string_match_all,ruler_public_string_match,True,string_match_all,100.0,0.0,0.0,15806,15806,15742.5,182.33231808399432,84.84643474998302,11.09405441704439,0.0,0.0,0.0,0.0,11.537711569482365,86.6723001331593,0,15295,False,,,False
official_ruler_niah_single_qwen25_7b,20260611_225910,1,mlx-community/Qwen2.5-7B-Instruct-4bit,qwen,mlx,4,full,recency,512,ruler,15693,,6.457449173295932,1.865234375,True,False,0.0,True,100.0,True,string_match_all,ruler_public_string_match,True,string_match_all,100.0,0.0,0.0,15812,15812,15748.5,183.35389058399596,85.95889400001033,11.081934665126028,0.0,0.0,0.0,0.0,11.550329781568365,86.57761457129709,0,15301,False,,,False
official_ruler_niah_single_qwen25_7b,20260611_225910,2,mlx-community/Qwen2.5-7B-Instruct-4bit,qwen,mlx,4,full,recency,512,ruler,15687,,5.058620157678194,1.62109375,True,False,0.0196078431372549,True,100.0,True,string_match_all,ruler_public_string_match,True,string_match_all,100.0,0.0,0.0,15806,15806,15742.5,182.43244054098614,85.56472237501293,11.060132416867418,0.0,0.0,0.0,0.0,11.573098329708214,86.4072845067767,0,15295,False,,,False
official_ruler_niah_single_qwen25_7b,20260611_225910,3,mlx-community/Qwen2.5-7B-Instruct-4bit,qwen,mlx,4,full,recency,512,ruler,15687,,5.1483273473571085,1.638671875,True,False,0.0,True,100.0,True,string_match_all,ruler_public_string_match,True,string_match_all,100.0,0.0,0.0,15806,15806,15742.5,182.4249292089662,85.51986233299249,11.074748668994289,0.0,0.0,0.0,0.0,11.55782436475137,86.52147397651788,0,15295,False,,,False
official_ruler_niah_single_qwen25_7b,20260611_225910,4,mlx-community/Qwen2.5-7B-Instruct-4bit,qwen,mlx,4,full,recency,512,ruler,15687,,6.793835283244129,1.916015625,True,False,0.0,True,100.0,True,string_match_all,ruler_public_string_match,True,string_match_all,100.0,0.0,0.0,15806,15806,15742.5,182.43723987496924,85.51771929202368,11.060306587751256,0.0,0.0,0.0,0.0,11.572916083696422,86.40864521680669,0,15295,False,,,False
official_ruler_niah_single_qwen25_7b,20260611_225910,5,mlx-community/Qwen2.5-7B-Instruct-4bit,qwen,mlx,4,full,recency,512,ruler,15690,,6.042562186131676,1.798828125,True,False,0.0,True,100.0,True,string_match_all,ruler_public_string_match,True,string_match_all,100.0,0.0,0.0,15809,15809,15745.5,182.93370220903307,85.76037758399616,11.064254588127369,0.0,0.0,0.0,0.0,11.568786580286387,86.43948896974507,0,15298,False,,,False
official_ruler_niah_single_qwen25_7b,20260611_225910,6,mlx-community/Qwen2.5-7B-Instruct-4bit,qwen,mlx,4,full,recency,512,ruler,15690,,5.128255921182873,1.634765625,True,False,0.021276595744680854,True,100.0,True,string_match_all,ruler_public_string_match,True,string_match_all,100.0,0.0,0.0,15809,15809,15745.5,183.0231590839976,85.77845087501919,11.057506047742208,0.0,0.0,0.0,0.0,11.575847161859418,86.386765997986,0,15298,False,,,False
official_ruler_niah_single_qwen25_7b,20260611_225910,7,mlx-community/Qwen2.5-7B-Instruct-4bit,qwen,mlx,4,full,recency,512,ruler,15687,,4.587969263865388,1.5234375,True,False,0.02150537634408602,True,100.0,True,string_match_all,ruler_public_string_match,True,string_match_all,100.0,0.0,0.0,15806,15806,15742.5,182.6754291249963,85.6101380000182,11.059339035156881,0.0,0.0,0.0,0.0,11.573928567801092,86.40108621216314,0,15295,False,,,False
official_ruler_niah_single_qwen25_7b,20260611_225910,8,mlx-community/Qwen2.5-7B-Instruct-4bit,qwen,mlx,4,full,recency,512,ruler,15693,,5.654331423042719,1.732421875,True,False,0.020202020202020204,True,100.0,True,string_match_all,ruler_public_string_match,True,string_match_all,100.0,0.0,0.0,15812,15812,15748.5,183.65386383398436,85.8557911659882,11.47607016202528,0.0,0.0,0.0,0.0,11.15364390360356,89.6567981408225,0,15301,False,,,False
official_ruler_niah_single_qwen25_7b,20260611_225910,9,mlx-community/Qwen2.5-7B-Instruct-4bit,qwen,mlx,4,full,recency,512,ruler,15690,,6.007260073480564,1.79296875,True,False,0.0,True,100.0,True,string_match_all,ruler_public_string_match,True,string_match_all,100.0,0.0,0.0,15809,15809,15745.5,183.59641058297711,85.8912199169863,11.493339295877377,0.0,0.0,0.0,0.0,11.136885173651246,89.791713249042,0,15298,False,,,False
official_ruler_niah_single_qwen25_7b,20260611_225910,10,mlx-community/Qwen2.5-7B-Instruct-4bit,qwen,mlx,4,full,recency,512,ruler,15687,,5.270416412044913,1.662109375,True,False,0.0,True,100.0,True,string_match_all,ruler_public_string_match,True,string_match_all,100.0,0.0,0.0,15806,15806,15742.5,183.48106816702057,85.74600383301731,11.725244625937194,0.0,0.0,0.0,0.0,10.916616589546763,91.60347364013433,0,15295,False,,,False
official_ruler_niah_single_qwen25_7b,20260611_225910,11,mlx-community/Qwen2.5-7B-Instruct-4bit,qwen,mlx,4,full,recency,512,ruler,15684,,5.448348308054142,1.6953125,True,False,0.021276595744680854,True,100.0,True,string_match_all,ruler_public_string_match,True,string_match_all,100.0,0.0,0.0,15803,15803,15739.5,182.75150174999726,85.66966250000405,11.081740043038735,0.0,0.0,0.0,0.0,11.550532633221831,86.57609408624012,0,15292,False,,,False
official_ruler_niah_single_qwen25_7b,20260611_225910,12,mlx-community/Qwen2.5-7B-Instruct-4bit,qwen,mlx,4,full,recency,512,ruler,15687,,6.089954588733513,1.806640625,True,False,0.0,True,100.0,True,string_match_all,ruler_public_string_match,True,string_match_all,100.0,0.0,0.0,15806,15806,15742.5,182.75844937600777,85.6575264580024,11.074125628685579,0.0,0.0,0.0,0.0,11.558474618387791,86.51660647410608,0,15295,False,,,False
official_ruler_niah_single_qwen25_7b,20260611_225910,13,mlx-community/Qwen2.5-7B-Instruct-4bit,qwen,mlx,4,full,recency,512,ruler,15684,,5.15839250025867,1.640625,True,False,0.0,True,100.0,True,string_match_all,ruler_public_string_match,True,string_match_all,100.0,0.0,0.0,15803,15803,15739.5,182.7748145420046,85.69550066700322,11.082022790942574,0.0,0.0,0.0,0.0,11.550237931708228,86.57830305423886,0,15292,False,,,False
official_ruler_niah_single_qwen25_7b,20260611_225910,14,mlx-community/Qwen2.5-7B-Instruct-4bit,qwen,mlx,4,full,recency,512,ruler,15687,,5.249869005715721,1.658203125,True,False,0.01941747572815534,True,100.0,True,string_match_all,ruler_public_string_match,True,string_match_all,100.0,0.0,0.0,15806,15806,15742.5,182.948275251023,85.76253995799925,11.143259462987771,0.0,0.0,0.0,0.0,11.486764750040216,87.05671455459196,0,15295,False,,,False
official_ruler_niah_single_qwen25_7b,20260611_225910,15,mlx-community/Qwen2.5-7B-Instruct-4bit,qwen,mlx,4,full,recency,512,ruler,15684,,6.754144051095517,1.91015625,True,False,0.0,True,100.0,True,string_match_all,ruler_public_string_match,True,string_match_all,100.0,0.0,0.0,15803,15803,15739.5,182.76629570801742,85.68595379099133,11.072825963055948,0.0,0.0,0.0,0.0,11.559831286707388,86.50645283637459,0,15292,False,,,False
official_ruler_niah_single_qwen25_7b,20260611_225910,16,mlx-community/Qwen2.5-7B-Instruct-4bit,qwen,mlx,4,full,recency,512,ruler,15684,,5.6103290668115555,1.724609375,True,False,0.0,True,100.0,True,string_match_all,ruler_public_string_match,True,string_match_all,100.0,0.0,0.0,15803,15803,15739.5,182.69264562497847,85.63270016599563,11.071725378889823,0.0,0.0,0.0,0.0,11.56098039101063,86.49785452257674,0,15292,False,,,False
official_ruler_niah_single_qwen25_7b,20260611_225910,17,mlx-community/Qwen2.5-7B-Instruct-4bit,qwen,mlx,4,full,recency,512,ruler,15684,,4.941437347938466,1.59765625,True,False,0.0,True,100.0,True,string_match_all,ruler_public_string_match,True,string_match_all,100.0,0.0,0.0,15803,15803,15739.5,182.6588486249675,85.64337070798501,11.077871830988443,0.0,0.0,0.0,0.0,11.554565890710343,86.54587367959721,0,15292,False,,,False
official_ruler_niah_single_qwen25_7b,20260611_225910,18,mlx-community/Qwen2.5-7B-Instruct-4bit,qwen,mlx,4,full,recency,512,ruler,15696,,6.271010462790426,1.8359375,True,False,0.0,True,100.0,True,string_match_all,ruler_public_string_match,True,string_match_all,100.0,0.0,0.0,15815,15815,15751.5,183.54719262602157,85.8711215420044,11.520972910919227,0.0,0.0,0.0,0.0,11.110172811767095,90.00760086655646,0,15304,False,,,False
official_ruler_niah_single_qwen25_7b,20260611_225910,19,mlx-community/Qwen2.5-7B-Instruct-4bit,qwen,mlx,4,full,recency,512,ruler,15687,,4.960777586890675,1.6015625,True,False,0.0,True,100.0,True,string_match_all,ruler_public_string_match,True,string_match_all,100.0,0.0,0.0,15806,15806,15742.5,183.24703866700293,85.81933254099567,11.481477384862956,0.0,0.0,0.0,0.0,11.14839107454531,89.69904206924184,0,15295,False,,,False
official_ruler_niah_single_qwen25_7b,20260611_225910,0,mlx-community/Qwen2.5-7B-Instruct-4bit,qwen,mlx,4,random,random,512,ruler,15687,,191.1253866941953,5.2529296875,False,False,0.0,False,0.0,False,string_match_all,ruler_public_string_match,True,string_match_all,0.0,0.0,0.0,512,512,512.0,179.14039337501163,85.58504187499057,5.831922878976911,1.8194975015649106,0.002333035256015137,0.38114610730553977,0.7448112137208227,21.948164037185435,45.56189749200712,0,3612,False,,,False
official_ruler_niah_single_qwen25_7b,20260611_225910,1,mlx-community/Qwen2.5-7B-Instruct-4bit,qwen,mlx,4,random,random,512,ruler,15693,,58.86197594539423,4.0751953125,False,False,0.0,False,0.0,False,string_match_all,ruler_public_string_match,True,string_match_all,0.0,0.0,0.0,512,512,512.0,180.27182358398568,86.03642695801682,6.328508907929063,1.814846246939851,0.0023436770134139806,0.37382624406018294,0.7427728681068402,20.225933448498004,49.4414758431958,0,3612,False,,,False
official_ruler_niah_single_qwen25_7b,20260611_225910,2,mlx-community/Qwen2.5-7B-Instruct-4bit,qwen,mlx,4,random,random,512,ruler,15687,,63.582848099201826,4.15234375,False,False,0.0,False,0.0,False,string_match_all,ruler_public_string_match,True,string_match_all,0.0,0.0,0.0,512,512,512.0,179.15980087500066,85.71097825001925,5.827847167965956,1.8246226231567562,0.0023995306401047856,0.37734502853709273,0.7452708328783046,21.963513508655506,45.53005599973403,0,3612,False,,,False
official_ruler_niah_single_qwen25_7b,20260611_225910,3,mlx-community/Qwen2.5-7B-Instruct-4bit,qwen,mlx,4,random,random,512,ruler,15687,,94.24506248228619,4.5458984375,False,False,0.0,False,0.0,False,string_match_all,ruler_public_string_match,True,string_match_all,0.0,0.0,0.0,512,512,512.0,178.9469436260115,85.60388337500626,5.816664461919572,1.7995545381854754,0.00235724778030999,0.37329395962296985,0.7348209597403184,22.00573900007263,45.44269110874666,0,3612,False,,,False
official_ruler_niah_single_qwen25_7b,20260611_225910,4,mlx-community/Qwen2.5-7B-Instruct-4bit,qwen,mlx,4,random,random,512,ruler,15687,,82.44318381000238,4.412109375,False,False,0.0,False,0.0,False,string_match_all,ruler_public_string_match,True,string_match_all,0.0,0.0,0.0,512,512,512.0,178.83477849900373,85.52206104199286,5.816984246834181,1.823721087159356,0.00234347180230543,0.3719018316769507,0.7437741192989051,22.004529248925223,45.44518942839204,0,3612,False,,,False
official_ruler_niah_single_qwen25_7b,20260611_225910,5,mlx-community/Qwen2.5-7B-Instruct-4bit,qwen,mlx,4,random,random,512,ruler,15690,,488.53262239485935,6.19140625,False,False,0.0,False,0.0,False,string_match_all,ruler_public_string_match,True,string_match_all,0.0,0.0,0.0,512,512,512.0,179.9927832079993,85.84601004101569,6.3856918340025,1.8336420897976495,0.00239584271912463,0.3735582885274198,0.7467253872018773,20.044813205426895,49.888217453144534,0,3612,False,,,False
official_ruler_niah_single_qwen25_7b,20260611_225910,6,mlx-community/Qwen2.5-7B-Instruct-4bit,qwen,mlx,4,random,random,512,ruler,15690,,64.3951978317487,4.1650390625,False,False,0.0,False,0.0,False,string_match_all,ruler_public_string_match,True,string_match_all,0.0,0.0,0.0,512,512,512.0,179.35412820900092,85.78357400000095,5.823414165817667,1.8064486688526813,0.00235826094285585,0.3750488560181111,0.7380219573387876,21.980232962191774,45.49542317045052,0,3612,False,,,False
official_ruler_niah_single_qwen25_7b,20260611_225910,7,mlx-community/Qwen2.5-7B-Instruct-4bit,qwen,mlx,4,random,random,512,ruler,15687,,39.344778852726336,3.67236328125,False,False,0.0,False,0.0,False,string_match_all,ruler_public_string_match,True,string_match_all,0.0,0.0,0.0,512,512,512.0,179.07316666599945,85.62551016701036,5.815513370936969,1.8074208711041138,0.002364034386118874,0.3738517523743212,0.7386303571111057,22.01009469596959,45.43369821044507,0,3612,False,,,False
official_ruler_niah_single_qwen25_7b,20260611_225910,8,mlx-community/Qwen2.5-7B-Instruct-4bit,qwen,mlx,4,random,random,512,ruler,15693,,186.51573863740853,5.228515625,False,False,0.0,False,0.0,False,string_match_all,ruler_public_string_match,True,string_match_all,0.0,0.0,0.0,512,512,512.0,180.1685827919864,85.95608558302047,6.296896915824618,1.8388165819924325,0.002358504891162738,0.3738670212915167,0.7424520390923135,20.32747267599784,49.19450715487983,0,3612,False,,,False
official_ruler_niah_single_qwen25_7b,20260611_225910,9,mlx-community/Qwen2.5-7B-Instruct-4bit,qwen,mlx,4,random,random,512,ruler,15690,,115.13366410675533,4.74609375,False,False,0.0,False,0.0,False,string_match_all,ruler_public_string_match,True,string_match_all,0.0,0.0,0.0,512,512,512.0,180.08375691701076,86.12248416701914,6.291332380147651,1.8383620872918982,0.0023525526048615575,0.3751960010267794,0.7517581039573997,20.345451847990898,49.15103421990352,0,3612,False,,,False
official_ruler_niah_single_qwen25_7b,20260611_225910,10,mlx-community/Qwen2.5-7B-Instruct-4bit,qwen,mlx,4,random,random,512,ruler,15687,,29.053548433146837,3.369140625,False,False,0.0,False,0.0,False,string_match_all,ruler_public_string_match,True,string_match_all,0.0,0.0,0.0,512,512,512.0,179.90291462597088,86.00656758298283,6.294187746243551,1.8172740328591317,0.002321090956684202,0.37291456485399976,0.7457740340614691,20.33622210846697,49.173341767527745,0,3612,False,,,False
official_ruler_niah_single_qwen25_7b,20260611_225910,11,mlx-community/Qwen2.5-7B-Instruct-4bit,qwen,mlx,4,random,random,512,ruler,15684,,55.29570910611593,4.0126953125,False,False,0.0,False,0.0,False,string_match_all,ruler_public_string_match,True,string_match_all,0.0,0.0,0.0,512,512,512.0,179.67416904200218,85.7220301660127,6.299083993915701,1.804154633951839,0.0023601948050782084,0.3711311713268515,0.7361115372332279,20.320414860896516,49.211593702466416,0,3612,False,,,False
official_ruler_niah_single_qwen25_7b,20260611_225910,12,mlx-community/Qwen2.5-7B-Instruct-4bit,qwen,mlx,4,random,random,512,ruler,15687,,40.14038009275034,3.6923828125,False,False,0.0,False,0.0,False,string_match_all,ruler_public_string_match,True,string_match_all,0.0,0.0,0.0,512,512,512.0,179.26803820798523,85.68025408301037,5.868032119993586,1.805477751971921,0.0023567664029542357,0.3733665612817276,0.7424555218603928,21.813104867622965,45.84400093744989,0,3612,False,,,False
official_ruler_niah_single_qwen25_7b,20260611_225910,13,mlx-community/Qwen2.5-7B-Instruct-4bit,qwen,mlx,4,random,random,512,ruler,15684,,53.59443898958377,3.9814453125,False,False,0.0,False,0.0,False,string_match_all,ruler_public_string_match,True,string_match_all,0.0,0.0,0.0,512,512,512.0,179.26624916598666,85.68181012501009,5.832339171785861,1.828423590370221,0.0023400195641443133,0.37393469136441126,0.7474916820647195,21.946597450848596,45.56514977957704,0,3612,False,,,False
official_ruler_niah_single_qwen25_7b,20260611_225910,14,mlx-community/Qwen2.5-7B-Instruct-4bit,qwen,mlx,4,random,random,512,ruler,15687,,71.90822297381042,4.275390625,False,False,0.0,False,0.0,False,string_match_all,ruler_public_string_match,True,string_match_all,0.0,0.0,0.0,512,512,512.0,179.75300574902212,85.74849466700107,6.174181081121787,1.7975597931072116,0.0023783273063600063,0.3795684000942856,0.7331574013805948,20.731494317744186,48.235789696263964,0,3612,False,,,False
official_ruler_niah_single_qwen25_7b,20260611_225910,15,mlx-community/Qwen2.5-7B-Instruct-4bit,qwen,mlx,4,random,random,512,ruler,15684,,105.85914344470237,4.662109375,False,False,0.0,False,0.0,False,string_match_all,ruler_public_string_match,True,string_match_all,0.0,0.0,0.0,512,512,512.0,179.33034449999104,85.75207233300898,5.838482503080741,1.810439321998274,0.002376932156039402,0.3747009733924642,0.7437073919281829,21.92350494027504,45.613144555318286,0,3612,False,,,False
official_ruler_niah_single_qwen25_7b,20260611_225910,16,mlx-community/Qwen2.5-7B-Instruct-4bit,qwen,mlx,4,random,random,512,ruler,15684,,180.4245166495895,5.1953125,False,False,0.0,False,0.0,False,string_match_all,ruler_public_string_match,True,string_match_all,0.0,0.0,0.0,512,512,512.0,179.25283358400338,85.70780987499165,5.851878961111652,1.7727045796927996,0.0023272565740626305,0.37288096503471024,0.7240785483154468,21.873316391302204,45.71780438368478,0,3612,False,,,False
official_ruler_niah_single_qwen25_7b,20260611_225910,17,mlx-community/Qwen2.5-7B-Instruct-4bit,qwen,mlx,4,random,random,512,ruler,15684,,122.67889260379259,4.8095703125,False,False,0.0,False,0.0,False,string_match_all,ruler_public_string_match,True,string_match_all,0.0,0.0,0.0,512,512,512.0,179.25252545799594,85.69767083399347,5.832673546974547,1.8028187006420922,0.0023815132153686136,0.37335154466563836,0.7381612961471546,21.94533929751556,45.56776208573865,0,3612,False,,,False
official_ruler_niah_single_qwen25_7b,20260611_225910,18,mlx-community/Qwen2.5-7B-Instruct-4bit,qwen,mlx,4,random,random,512,ruler,15696,,185.607237083744,5.2236328125,False,False,0.0,False,0.0,False,string_match_all,ruler_public_string_match,True,string_match_all,0.0,0.0,0.0,512,512,512.0,180.42567379202228,86.03623170900391,6.3086038318579085,1.8548944519134238,0.002376082120463252,0.3768920533184428,0.7424064358929172,20.28975085637982,49.28596743638991,0,3612,False,,,False
official_ruler_niah_single_qwen25_7b,20260611_225910,19,mlx-community/Qwen2.5-7B-Instruct-4bit,qwen,mlx,4,random,random,512,ruler,15687,,37.19636113340419,3.6162109375,False,False,0.0,False,0.0,False,string_match_all,ruler_public_string_match,True,string_match_all,0.0,0.0,0.0,512,512,512.0,180.07393733301433,85.95861633401364,6.304187668021768,1.8192992469412275,0.0023371638962998986,0.3775002389156725,0.7371683981036767,20.30396408553712,49.251466156420065,0,3612,False,,,False
official_ruler_niah_single_qwen25_7b,20260611_225910,0,mlx-community/Qwen2.5-7B-Instruct-4bit,qwen,mlx,4,recency,recency,512,ruler,15687,,247.5762833312724,5.51171875,False,False,0.0,False,0.0,False,string_match_all,ruler_public_string_match,True,string_match_all,0.0,0.0,0.0,512,512,512.0,211.5243182919803,102.91296412501833,5.50955520500429,0.0,0.0,0.0,0.0,23.232365451885936,43.043400039096014,0,15295,False,,,False
official_ruler_niah_single_qwen25_7b,20260611_225910,1,mlx-community/Qwen2.5-7B-Instruct-4bit,qwen,mlx,4,recency,recency,512,ruler,15693,,144.97517197488295,4.9765625,False,False,0.0,False,0.0,False,string_match_all,ruler_public_string_match,True,string_match_all,0.0,0.0,0.0,512,512,512.0,212.6743609579862,103.43304966701544,5.764418127044337,0.0,0.0,0.0,0.0,22.20519004328908,45.03451661753388,0,15301,False,,,False
official_ruler_niah_single_qwen25_7b,20260611_225910,2,mlx-community/Qwen2.5-7B-Instruct-4bit,qwen,mlx,4,recency,recency,512,ruler,15687,,78.05563760200354,4.357421875,False,False,0.0,False,0.0,False,string_match_all,ruler_public_string_match,True,string_match_all,0.0,0.0,0.0,512,512,512.0,211.58526837496902,102.99173837498529,5.506806867982959,0.0,0.0,0.0,0.0,23.24396026020139,43.02192865611687,0,15295,False,,,False
official_ruler_niah_single_qwen25_7b,20260611_225910,3,mlx-community/Qwen2.5-7B-Instruct-4bit,qwen,mlx,4,recency,recency,512,ruler,15687,,86.73787373311885,4.462890625,False,False,0.0,False,0.0,False,string_match_all,ruler_public_string_match,True,string_match_all,0.0,0.0,0.0,512,512,512.0,211.51947695802664,102.95212404199992,5.503401291003684,0.0,0.0,0.0,0.0,23.258343928006745,42.99532258596628,0,15295,False,,,False
official_ruler_niah_single_qwen25_7b,20260611_225910,4,mlx-community/Qwen2.5-7B-Instruct-4bit,qwen,mlx,4,recency,recency,512,ruler,15687,,150.45617939785666,5.013671875,False,False,0.0,False,0.0,False,string_match_all,ruler_public_string_match,True,string_match_all,0.0,0.0,0.0,512,512,512.0,211.59415587497642,102.94051658301032,5.533116709993919,0.0,0.0,0.0,0.0,23.133435766646006,43.227474296827495,0,15295,False,,,False
official_ruler_niah_single_qwen25_7b,20260611_225910,5,mlx-community/Qwen2.5-7B-Instruct-4bit,qwen,mlx,4,recency,recency,512,ruler,15690,,139.14921895715213,4.935546875,False,False,0.0,False,0.0,False,string_match_all,ruler_public_string_match,True,string_match_all,0.0,0.0,0.0,512,512,512.0,212.33698433401878,103.3799684169935,5.512873748695711,0.0,0.0,0.0,0.0,23.218380437296155,43.06932616168524,0,15298,False,,,False
official_ruler_niah_single_qwen25_7b,20260611_225910,6,mlx-community/Qwen2.5-7B-Instruct-4bit,qwen,mlx,4,recency,recency,512,ruler,15690,,214.6782992455207,5.369140625,False,False,0.0,False,0.0,False,string_match_all,ruler_public_string_match,True,string_match_all,0.0,0.0,0.0,512,512,512.0,212.3150064579968,103.30067349999445,5.51291540908278,0.0,0.0,0.0,0.0,23.218204979005147,43.069651633459216,0,15298,False,,,False
official_ruler_niah_single_qwen25_7b,20260611_225910,7,mlx-community/Qwen2.5-7B-Instruct-4bit,qwen,mlx,4,recency,recency,512,ruler,15687,,104.21794954575391,4.646484375,False,False,0.0,False,0.0,False,string_match_all,ruler_public_string_match,True,string_match_all,0.0,0.0,0.0,512,512,512.0,211.63209004199598,102.98070891699172,5.522672220802633,0.0,0.0,0.0,0.0,23.177185768486044,43.14587672502057,0,15295,False,,,False
official_ruler_niah_single_qwen25_7b,20260611_225910,8,mlx-community/Qwen2.5-7B-Instruct-4bit,qwen,mlx,4,recency,recency,512,ruler,15693,,190.56626845863,5.25,False,False,0.0,False,0.0,False,string_match_all,ruler_public_string_match,True,string_match_all,0.0,0.0,0.0,512,512,512.0,212.5461324590142,103.37877074998687,5.618948952876963,0.0,0.0,0.0,0.0,22.780061017365643,43.89803869435127,0,15301,False,,,False
official_ruler_niah_single_qwen25_7b,20260611_225910,9,mlx-community/Qwen2.5-7B-Instruct-4bit,qwen,mlx,4,recency,recency,512,ruler,15690,,221.92594607841514,5.40234375,False,False,0.0,False,0.0,False,string_match_all,ruler_public_string_match,True,string_match_all,0.0,0.0,0.0,512,512,512.0,212.28471325000282,103.30217458299012,5.516529411077499,0.0,0.0,0.0,0.0,23.202994212805038,43.097886024042964,0,15298,False,,,False
official_ruler_niah_single_qwen25_7b,20260611_225910,10,mlx-community/Qwen2.5-7B-Instruct-4bit,qwen,mlx,4,recency,recency,512,ruler,15687,,5.822436111360168,1.76171875,True,False,0.0,True,100.0,True,string_match_all,ruler_public_string_match,True,string_match_all,100.0,0.0,0.0,512,512,512.0,211.67210212501232,102.97615433300962,5.525304841285106,0.0,0.0,0.0,0.0,23.166142625033707,43.16644407253989,0,15295,False,,,False
official_ruler_niah_single_qwen25_7b,20260611_225910,11,mlx-community/Qwen2.5-7B-Instruct-4bit,qwen,mlx,4,recency,recency,512,ruler,15684,,85.89494673838159,4.453125,False,False,0.0,False,0.0,False,string_match_all,ruler_public_string_match,True,string_match_all,0.0,0.0,0.0,512,512,512.0,212.63699516601628,103.49915208297898,5.5456960030132905,0.0,0.0,0.0,0.0,23.080962232774816,43.32575002354133,0,15292,False,,,False
official_ruler_niah_single_qwen25_7b,20260611_225910,12,mlx-community/Qwen2.5-7B-Instruct-4bit,qwen,mlx,4,recency,recency,512,ruler,15687,,177.9745611159821,5.181640625,False,False,0.0,False,0.0,False,string_match_all,ruler_public_string_match,True,string_match_all,0.0,0.0,0.0,512,512,512.0,211.6845345000038,103.02311783397454,5.51707166491542,0.0,0.0,0.0,0.0,23.200713670983703,43.10212238215172,0,15295,False,,,False
official_ruler_niah_single_qwen25_7b,20260611_225910,13,mlx-community/Qwen2.5-7B-Instruct-4bit,qwen,mlx,4,recency,recency,512,ruler,15684,,173.17400097212294,5.154296875,False,False,0.0,False,0.0,False,string_match_all,ruler_public_string_match,True,string_match_all,0.0,0.0,0.0,512,512,512.0,212.4436329579912,103.40190325002186,5.511425085918745,0.0,0.0,0.0,0.0,23.22448332410974,43.058008483740196,0,15292,False,,,False
official_ruler_niah_single_qwen25_7b,20260611_225910,14,mlx-community/Qwen2.5-7B-Instruct-4bit,qwen,mlx,4,recency,recency,512,ruler,15687,,333.8016235311304,5.810546875,False,False,0.0,False,0.0,False,string_match_all,ruler_public_string_match,True,string_match_all,0.0,0.0,0.0,512,512,512.0,211.60891612499836,102.99441004198161,5.542293287173379,0.0,0.0,0.0,0.0,23.09513289313514,43.299166306042025,0,15295,False,,,False
official_ruler_niah_single_qwen25_7b,20260611_225910,15,mlx-community/Qwen2.5-7B-Instruct-4bit,qwen,mlx,4,recency,recency,512,ruler,15684,,233.03108926813303,5.451171875,False,False,0.0,False,0.0,False,string_match_all,ruler_public_string_match,True,string_match_all,0.0,0.0,0.0,512,512,512.0,212.50798204101739,103.42908916602028,5.514660128101241,0.0,0.0,0.0,0.0,23.210859241849928,43.083282250790944,0,15292,False,,,False
official_ruler_niah_single_qwen25_7b,20260611_225910,16,mlx-community/Qwen2.5-7B-Instruct-4bit,qwen,mlx,4,recency,recency,512,ruler,15684,,157.98498549518746,5.0625,False,False,0.0,False,0.0,False,string_match_all,ruler_public_string_match,True,string_match_all,0.0,0.0,0.0,512,512,512.0,212.46594133297913,103.40928474999964,5.505007286235923,0.0,0.0,0.0,0.0,23.251558689129485,43.00786942371815,0,15292,False,,,False
official_ruler_niah_single_qwen25_7b,20260611_225910,17,mlx-community/Qwen2.5-7B-Instruct-4bit,qwen,mlx,4,recency,recency,512,ruler,15684,,116.03666862607915,4.75390625,False,False,0.0,False,0.0,False,string_match_all,ruler_public_string_match,True,string_match_all,0.0,0.0,0.0,512,512,512.0,212.4714271670091,103.39395587501349,5.5100219971791375,0.0,0.0,0.0,0.0,23.230397277094312,43.04704685296201,0,15292,False,,,False
official_ruler_niah_single_qwen25_7b,20260611_225910,18,mlx-community/Qwen2.5-7B-Instruct-4bit,qwen,mlx,4,recency,recency,512,ruler,15696,,118.3252868447224,4.7734375,False,False,0.0,False,0.0,False,string_match_all,ruler_public_string_match,True,string_match_all,0.0,0.0,0.0,512,512,512.0,213.15333366699633,103.731360167003,5.622213251161156,0.0,0.0,0.0,0.0,22.766834746719034,43.92354102469653,0,15304,False,,,False
official_ruler_niah_single_qwen25_7b,20260611_225910,19,mlx-community/Qwen2.5-7B-Instruct-4bit,qwen,mlx,4,recency,recency,512,ruler,15687,,119.48646782484727,4.783203125,False,False,0.0,False,0.0,False,string_match_all,ruler_public_string_match,True,string_match_all,0.0,0.0,0.0,512,512,512.0,212.04624262498692,103.10304062499199,5.761567047942663,0.0,0.0,0.0,0.0,22.216178156896774,45.01224256205205,0,15295,False,,,False
official_ruler_niah_single_qwen25_7b,20260611_225910,0,mlx-community/Qwen2.5-7B-Instruct-4bit,qwen,mlx,4,sink_recent,recency,512,ruler,15687,,175.90109467422238,5.169921875,False,False,0.0,False,0.0,False,string_match_all,ruler_public_string_match,True,string_match_all,0.0,0.0,0.0,512,512,512.0,211.6173769159941,102.98998970902176,5.506437995820306,0.0,0.0,0.0,0.0,23.245517355713282,43.01904684234614,0,15295,False,,,False
official_ruler_niah_single_qwen25_7b,20260611_225910,1,mlx-community/Qwen2.5-7B-Instruct-4bit,qwen,mlx,4,sink_recent,recency,512,ruler,15693,,149.57717793613415,5.0078125,False,False,0.0,False,0.0,False,string_match_all,ruler_public_string_match,True,string_match_all,0.0,0.0,0.0,512,512,512.0,213.02937433402985,103.53743937498075,5.910925382282585,0.0,0.0,0.0,0.0,21.654815738947974,46.179104549082695,0,15301,False,,,False
official_ruler_niah_single_qwen25_7b,20260611_225910,2,mlx-community/Qwen2.5-7B-Instruct-4bit,qwen,mlx,4,sink_recent,recency,512,ruler,15687,,96.01007414763643,4.564453125,False,False,0.0,False,0.0,False,string_match_all,ruler_public_string_match,True,string_match_all,0.0,0.0,0.0,512,512,512.0,211.58147195799393,102.95361829199828,5.5124284510093275,0.0,0.0,0.0,0.0,23.22025603372016,43.06584727351037,0,15295,False,,,False
official_ruler_niah_single_qwen25_7b,20260611_225910,3,mlx-community/Qwen2.5-7B-Instruct-4bit,qwen,mlx,4,sink_recent,recency,512,ruler,15687,,296.88930978253313,5.693359375,False,False,0.0,False,0.0,False,string_match_all,ruler_public_string_match,True,string_match_all,0.0,0.0,0.0,512,512,512.0,211.57787137597916,102.9445467920159,5.505672374885762,0.0,0.0,0.0,0.0,23.24874988636713,43.01306542879502,0,15295,False,,,False
official_ruler_niah_single_qwen25_7b,20260611_225910,4,mlx-community/Qwen2.5-7B-Instruct-4bit,qwen,mlx,4,sink_recent,recency,512,ruler,15687,,160.1597692789698,5.076171875,False,False,0.0,False,0.0,False,string_match_all,ruler_public_string_match,True,string_match_all,0.0,0.0,0.0,512,512,512.0,211.68579216697253,102.98028837499442,5.513365958293434,0.0,0.0,0.0,0.0,23.21630760016158,43.073171549167455,0,15295,False,,,False
official_ruler_niah_single_qwen25_7b,20260611_225910,5,mlx-community/Qwen2.5-7B-Instruct-4bit,qwen,mlx,4,sink_recent,recency,512,ruler,15690,,141.89369138458395,4.955078125,False,False,0.0,False,0.0,False,string_match_all,ruler_public_string_match,True,string_match_all,0.0,0.0,0.0,512,512,512.0,212.30182050098665,103.31879270801437,5.5394093709182926,0.0,0.0,0.0,0.0,23.107156635145177,43.27663571029916,0,15298,False,,,False
official_ruler_niah_single_qwen25_7b,20260611_225910,6,mlx-community/Qwen2.5-7B-Instruct-4bit,qwen,mlx,4,sink_recent,recency,512,ruler,15690,,152.2297092301446,5.025390625,False,False,0.0,False,0.0,False,string_match_all,ruler_public_string_match,True,string_match_all,0.0,0.0,0.0,512,512,512.0,212.29267795901978,103.2908746660105,5.512008501886157,0.0,0.0,0.0,0.0,23.222025139511235,43.062566420985604,0,15298,False,,,False
official_ruler_niah_single_qwen25_7b,20260611_225910,7,mlx-community/Qwen2.5-7B-Instruct-4bit,qwen,mlx,4,sink_recent,recency,512,ruler,15687,,123.7618772969051,4.818359375,False,False,0.0,False,0.0,False,string_match_all,ruler_public_string_match,True,string_match_all,0.0,0.0,0.0,512,512,512.0,211.67014345899224,102.96847037499538,5.540072836069157,0.0,0.0,0.0,0.0,23.104389380342464,43.28181903179029,0,15295,False,,,False
official_ruler_niah_single_qwen25_7b,20260611_225910,8,mlx-community/Qwen2.5-7B-Instruct-4bit,qwen,mlx,4,sink_recent,recency,512,ruler,15693,,138.33627549846275,4.9296875,False,False,0.0,False,0.0,False,string_match_all,ruler_public_string_match,True,string_match_all,0.0,0.0,0.0,512,512,512.0,212.57122308402904,103.46219979098532,5.551122584933182,0.0,0.0,0.0,0.0,23.058399097043306,43.368145194790486,0,15301,False,,,False
official_ruler_niah_single_qwen25_7b,20260611_225910,9,mlx-community/Qwen2.5-7B-Instruct-4bit,qwen,mlx,4,sink_recent,recency,512,ruler,15690,,155.83973275111313,5.048828125,False,False,0.0,False,0.0,False,string_match_all,ruler_public_string_match,True,string_match_all,0.0,0.0,0.0,512,512,512.0,212.3382623330108,103.32483091700124,5.524330671003554,0.0,0.0,0.0,0.0,23.170227783766503,43.158833367215266,0,15298,False,,,False
official_ruler_niah_single_qwen25_7b,20260611_225910,10,mlx-community/Qwen2.5-7B-Instruct-4bit,qwen,mlx,4,sink_recent,recency,512,ruler,15687,,4.999685447724227,1.609375,True,False,0.0,True,100.0,True,string_match_all,ruler_public_string_match,True,string_match_all,100.0,0.0,0.0,512,512,512.0,211.80780237499857,103.05698408302851,5.530971458967542,0.0,0.0,0.0,0.0,23.142408336327513,43.210714523183924,0,15295,False,,,False
official_ruler_niah_single_qwen25_7b,20260611_225910,11,mlx-community/Qwen2.5-7B-Instruct-4bit,qwen,mlx,4,sink_recent,recency,512,ruler,15684,,128.19026749126996,4.853515625,False,False,0.0,False,0.0,False,string_match_all,ruler_public_string_match,True,string_match_all,0.0,0.0,0.0,512,512,512.0,212.6820503739873,103.50855133298319,5.548798705945956,0.0,0.0,0.0,0.0,23.0680561294895,43.34998989020278,0,15292,False,,,False
official_ruler_niah_single_qwen25_7b,20260611_225910,12,mlx-community/Qwen2.5-7B-Instruct-4bit,qwen,mlx,4,sink_recent,recency,512,ruler,15687,,178.32250736130783,5.18359375,False,False,0.0,False,0.0,False,string_match_all,ruler_public_string_match,True,string_match_all,0.0,0.0,0.0,512,512,512.0,211.6379606660048,102.97240245901048,5.515076624142239,0.0,0.0,0.0,0.0,23.209106368473687,43.08653612611124,0,15295,False,,,False
official_ruler_niah_single_qwen25_7b,20260611_225910,13,mlx-community/Qwen2.5-7B-Instruct-4bit,qwen,mlx,4,sink_recent,recency,512,ruler,15684,,166.53980917729942,5.115234375,False,False,0.0,False,0.0,False,string_match_all,ruler_public_string_match,True,string_match_all,0.0,0.0,0.0,512,512,512.0,212.53914358303882,103.42720304202521,5.515209454897558,0.0,0.0,0.0,0.0,23.20854739004242,43.087573866387174,0,15292,False,,,False
official_ruler_niah_single_qwen25_7b,20260611_225910,14,mlx-community/Qwen2.5-7B-Instruct-4bit,qwen,mlx,4,sink_recent,recency,512,ruler,15687,,160.78661689238297,5.080078125,False,False,0.0,False,0.0,False,string_match_all,ruler_public_string_match,True,string_match_all,0.0,0.0,0.0,512,512,512.0,211.6433941660216,102.96406487500644,5.534933124930831,0.0,0.0,0.0,0.0,23.1258440004367,43.241665038522115,0,15295,False,,,False
official_ruler_niah_single_qwen25_7b,20260611_225910,15,mlx-community/Qwen2.5-7B-Instruct-4bit,qwen,mlx,4,sink_recent,recency,512,ruler,15684,,173.17400097212294,5.154296875,False,False,0.0,False,0.0,False,string_match_all,ruler_public_string_match,True,string_match_all,0.0,0.0,0.0,512,512,512.0,212.50292279198766,103.39311491601984,5.514192496164469,0.0,0.0,0.0,0.0,23.212827642312728,43.079628876284914,0,15292,False,,,False
official_ruler_niah_single_qwen25_7b,20260611_225910,16,mlx-community/Qwen2.5-7B-Instruct-4bit,qwen,mlx,4,sink_recent,recency,512,ruler,15684,,157.98498549518746,5.0625,False,False,0.0,False,0.0,False,string_match_all,ruler_public_string_match,True,string_match_all,0.0,0.0,0.0,512,512,512.0,212.5501151260105,103.42521041701548,5.518288248887984,0.0,0.0,0.0,0.0,23.195598748541972,43.111626944437376,0,15292,False,,,False
official_ruler_niah_single_qwen25_7b,20260611_225910,17,mlx-community/Qwen2.5-7B-Instruct-4bit,qwen,mlx,4,sink_recent,recency,512,ruler,15684,,120.1886389803891,4.7890625,False,False,0.0,False,0.0,False,string_match_all,ruler_public_string_match,True,string_match_all,0.0,0.0,0.0,512,512,512.0,212.6112410420028,103.4256382920139,5.518967413721839,0.0,0.0,0.0,0.0,23.19274429520147,43.11693291970187,0,15292,False,,,False
official_ruler_niah_single_qwen25_7b,20260611_225910,18,mlx-community/Qwen2.5-7B-Instruct-4bit,qwen,mlx,4,sink_recent,recency,512,ruler,15696,,174.19167092744075,5.16015625,False,False,0.0,False,0.0,False,string_match_all,ruler_public_string_match,True,string_match_all,0.0,0.0,0.0,512,512,512.0,213.1859805000131,103.74934887498966,5.548267712350935,0.0,0.0,0.0,0.0,23.07026384380492,43.34584150274168,0,15304,False,,,False
official_ruler_niah_single_qwen25_7b,20260611_225910,19,mlx-community/Qwen2.5-7B-Instruct-4bit,qwen,mlx,4,sink_recent,recency,512,ruler,15687,,125.22074314318984,4.830078125,False,False,0.0,False,0.0,False,string_match_all,ruler_public_string_match,True,string_match_all,0.0,0.0,0.0,512,512,512.0,211.7936555419874,103.05625337499077,5.52486421019421,0.0,0.0,0.0,0.0,23.16799022206205,43.16300164214226,0,15295,False,,,False
official_ruler_niah_single_qwen25_7b,20260611_225910,0,mlx-community/Qwen2.5-7B-Instruct-4bit,qwen,mlx,4,attention,attention,512,ruler,15687,,5.654331423042719,1.732421875,True,False,0.0,True,100.0,True,string_match_all,ruler_public_string_match,True,string_match_all,100.0,0.0,0.0,512,512,512.0,230.67093224998098,85.80330475000665,7.960070083878236,3.6073710311902687,0.010689442045986652,0.026933791261399165,1.7307644292595796,16.08026043127964,62.18804753029872,3612,3612,False,,,False
official_ruler_niah_single_qwen25_7b,20260611_225910,1,mlx-community/Qwen2.5-7B-Instruct-4bit,qwen,mlx,4,attention,attention,512,ruler,15693,,6.344931149723057,1.84765625,True,False,0.0,True,100.0,True,string_match_all,ruler_public_string_match,True,string_match_all,100.0,0.0,0.0,512,512,512.0,230.19152266599122,84.95870629098499,9.755548961809836,3.620226003084099,0.009672599146142602,0.026783570123370737,1.7026178780361079,13.120737797645537,76.21522626413935,3612,3612,False,,,False
official_ruler_niah_single_qwen25_7b,20260611_225910,2,mlx-community/Qwen2.5-7B-Instruct-4bit,qwen,mlx,4,attention,attention,512,ruler,15687,,5.048749682456427,1.619140625,True,False,0.0,True,100.0,True,string_match_all,ruler_public_string_match,True,string_match_all,100.0,0.0,0.0,512,512,512.0,231.65306287398562,85.05528112500906,9.472466665116372,3.557929721166147,0.009848176006926224,0.026965929486323148,1.6383599211403634,13.512847764498044,74.00364582122165,3612,3612,False,,,False
official_ruler_niah_single_qwen25_7b,20260611_225910,3,mlx-community/Qwen2.5-7B-Instruct-4bit,qwen,mlx,4,attention,attention,512,ruler,15687,,5.068509930010579,1.623046875,True,False,0.02,True,100.0,True,string_match_all,ruler_public_string_match,True,string_match_all,100.0,0.0,0.0,512,512,512.0,230.56789320797543,85.12795654201182,9.203277125023305,3.615404796175426,0.00978374810074456,0.026456565770786256,1.7168956625973806,13.908089288322486,71.90060253924457,3612,3612,False,,,False
official_ruler_niah_single_qwen25_7b,20260611_225910,4,mlx-community/Qwen2.5-7B-Instruct-4bit,qwen,mlx,4,attention,attention,512,ruler,15687,,6.807117459434611,1.91796875,True,False,0.0,True,100.0,True,string_match_all,ruler_public_string_match,True,string_match_all,100.0,0.0,0.0,512,512,512.0,235.07396525001968,85.16006533402833,10.514420499035623,3.6443760402617045,0.009782745823031291,0.027179358701687306,1.7218734898488037,12.173756985631314,82.1439101487158,3612,3612,False,,,False
official_ruler_niah_single_qwen25_7b,20260611_225910,5,mlx-community/Qwen2.5-7B-Instruct-4bit,qwen,mlx,4,attention,attention,512,ruler,15690,,6.07807175428536,1.8046875,True,False,0.0,True,100.0,True,string_match_all,ruler_public_string_match,True,string_match_all,100.0,0.0,0.0,512,512,512.0,235.058455875027,85.22884250001516,10.674295210046694,3.622254794026958,0.00992209988180548,0.040361043851589784,1.690531700878637,11.991424022030591,83.3929313284898,3612,3612,False,,,False
official_ruler_niah_single_qwen25_7b,20260611_225910,6,mlx-community/Qwen2.5-7B-Instruct-4bit,qwen,mlx,4,attention,attention,512,ruler,15690,,5.31175280028304,1.669921875,True,False,0.0,True,100.0,True,string_match_all,ruler_public_string_match,True,string_match_all,100.0,0.0,0.0,512,512,512.0,232.17701466599829,85.26957204201608,9.777732282120269,3.6117877507931553,0.009788258845219389,0.028736179636325687,1.6793754328973591,13.09097000273397,76.3885334540646,3612,3612,False,,,False
official_ruler_niah_single_qwen25_7b,20260611_225910,7,mlx-community/Qwen2.5-7B-Instruct-4bit,qwen,mlx,4,attention,attention,512,ruler,15687,,4.534517802910525,1.51171875,True,False,0.0,True,100.0,True,string_match_all,ruler_public_string_match,True,string_match_all,100.0,0.0,0.0,512,512,512.0,233.47114012599923,85.12674779200461,9.834786040883046,3.6134457856824156,0.010678407066734508,0.026780394226079807,1.6725585746171419,13.015026404022018,76.8342659443988,3612,3612,False,,,False
official_ruler_niah_single_qwen25_7b,20260611_225910,8,mlx-community/Qwen2.5-7B-Instruct-4bit,qwen,mlx,4,attention,attention,512,ruler,15693,,5.480365933956924,1.701171875,True,False,0.0,True,100.0,True,string_match_all,ruler_public_string_match,True,string_match_all,100.0,0.0,0.0,512,512,512.0,232.6495175829914,85.31439591699746,9.338365759933367,3.624245009123115,0.01066609678673558,0.026197004917776212,1.7068040962330997,13.70689511318877,72.95598249947943,3612,3612,False,,,False
official_ruler_niah_single_qwen25_7b,20260611_225910,9,mlx-community/Qwen2.5-7B-Instruct-4bit,qwen,mlx,4,attention,attention,512,ruler,15690,,5.948880942630247,1.783203125,True,False,0.0,True,100.0,True,string_match_all,ruler_public_string_match,True,string_match_all,100.0,0.0,0.0,512,512,512.0,236.4014818739961,85.3253883330035,10.530093040899374,3.622004619333893,0.00982283111079596,0.026909859821898863,1.690056340477895,12.155638084377983,82.26635188202636,3612,3612,False,,,False
official_ruler_niah_single_qwen25_7b,20260611_225910,10,mlx-community/Qwen2.5-7B-Instruct-4bit,qwen,mlx,4,attention,attention,512,ruler,15687,,5.3325424129360055,1.673828125,True,False,0.0,True,100.0,True,string_match_all,ruler_public_string_match,True,string_match_all,100.0,0.0,0.0,512,512,512.0,238.27492312600953,85.00812541600317,13.689626409613993,3.5887362558569293,0.010695647331885993,0.04518262200872414,1.8196659409150016,9.350145589810088,106.95020632510932,3612,3612,False,,,False
official_ruler_niah_single_qwen25_7b,20260611_225910,11,mlx-community/Qwen2.5-7B-Instruct-4bit,qwen,mlx,4,attention,attention,512,ruler,15684,,5.459000012011871,1.697265625,True,False,0.021276595744680854,True,100.0,True,string_match_all,ruler_public_string_match,True,string_match_all,100.0,0.0,0.0,512,512,512.0,225.95797308397596,83.11954745801631,8.561983449093532,3.5783237472351175,0.01000189539627172,0.02719245938351378,1.7105688457959332,14.94980698818701,66.89049569604322,3612,3612,False,,,False
official_ruler_niah_single_qwen25_7b,20260611_225910,12,mlx-community/Qwen2.5-7B-Instruct-4bit,qwen,mlx,4,attention,attention,512,ruler,15687,,5.972164204326706,1.787109375,True,False,0.0,True,100.0,True,string_match_all,ruler_public_string_match,True,string_match_all,100.0,0.0,0.0,512,512,512.0,230.24956962600118,83.16938100001425,10.267609999194974,3.6229906649386976,0.010726120846811682,0.027302686619805172,1.7194227891159244,12.46638701801449,80.21570311871073,3612,3612,False,,,False
official_ruler_niah_single_qwen25_7b,20260611_225910,13,mlx-community/Qwen2.5-7B-Instruct-4bit,qwen,mlx,4,attention,attention,512,ruler,15684,,5.138281833772044,1.63671875,True,False,0.0,True,100.0,True,string_match_all,ruler_public_string_match,True,string_match_all,100.0,0.0,0.0,512,512,512.0,237.893919833994,84.78649558298639,10.143029839906376,3.6436521633295342,0.009827964066062123,0.027056973340222612,1.6987321180931758,12.619503444266856,79.24242062426856,3612,3612,False,,,False
official_ruler_niah_single_qwen25_7b,20260611_225910,14,mlx-community/Qwen2.5-7B-Instruct-4bit,qwen,mlx,4,attention,attention,512,ruler,15687,,4.90298277741367,1.58984375,True,False,0.0,True,100.0,True,string_match_all,ruler_public_string_match,True,string_match_all,100.0,0.0,0.0,512,512,512.0,236.43430087598972,84.98521591699682,11.033885078155436,3.6136767950374633,0.009836925921263173,0.026572655013296753,1.684915026271483,11.600628345623308,86.20222717308934,3612,3612,False,,,False
official_ruler_niah_single_qwen25_7b,20260611_225910,15,mlx-community/Qwen2.5-7B-Instruct-4bit,qwen,mlx,4,attention,attention,512,ruler,15684,,6.701582885090683,1.90234375,True,False,0.02197802197802198,True,100.0,True,string_match_all,ruler_public_string_match,True,string_match_all,100.0,0.0,0.0,512,512,512.0,236.33377512500738,85.03550458297832,10.117598458920838,3.643058501271298,0.0098663441312965,0.026573511626338586,1.690784466365585,12.651223560581265,79.04373796031905,3612,3612,False,,,False
official_ruler_niah_single_qwen25_7b,20260611_225910,16,mlx-community/Qwen2.5-7B-Instruct-4bit,qwen,mlx,4,attention,attention,512,ruler,15684,,5.4377173879024125,1.693359375,True,False,0.026666666666666665,True,100.0,True,string_match_all,ruler_public_string_match,True,string_match_all,100.0,0.0,0.0,512,512,512.0,231.72849304202828,83.10813287500059,9.906058585911524,3.581352537992643,0.009986598481191322,0.027055454294895753,1.7204557535878848,12.921385320902768,77.39108270243378,3612,3612,False,,,False
official_ruler_niah_single_qwen25_7b,20260611_225910,17,mlx-community/Qwen2.5-7B-Instruct-4bit,qwen,mlx,4,attention,attention,512,ruler,15684,,4.912568273439622,1.591796875,True,False,0.0,True,100.0,True,string_match_all,ruler_public_string_match,True,string_match_all,100.0,0.0,0.0,512,512,512.0,233.02226808303385,83.0227098329924,10.590446750895353,3.783954667946091,0.01041403497220017,0.04431375884450972,1.809566109237494,12.086364533127787,82.73786524136995,3612,3612,False,,,False
official_ruler_niah_single_qwen25_7b,20260611_225910,18,mlx-community/Qwen2.5-7B-Instruct-4bit,qwen,mlx,4,attention,attention,512,ruler,15696,,6.382217611682625,1.853515625,True,False,0.0,True,100.0,True,string_match_all,ruler_public_string_match,True,string_match_all,100.0,0.0,0.0,512,512,512.0,239.74052645798656,83.27482083300129,12.975932166125858,3.5231460838986095,0.009808619972318411,0.029428472771542147,1.6715013697103132,9.86441654913615,101.37447004785827,3612,3612,False,,,False
official_ruler_niah_single_qwen25_7b,20260611_225910,19,mlx-community/Qwen2.5-7B-Instruct-4bit,qwen,mlx,4,attention,attention,512,ruler,15687,,4.864827462730874,1.58203125,True,False,0.020408163265306124,True,100.0,True,string_match_all,ruler_public_string_match,True,string_match_all,100.0,0.0,0.0,512,512,512.0,233.36513433302753,84.89876258402364,10.4414466250455,3.6037472458556294,0.010598659166134894,0.027509131643455476,1.70312845412991,12.258837745046867,81.57380175816797,3612,3612,False,,,False
official_ruler_niah_single_qwen25_7b,20260611_225910,0,mlx-community/Qwen2.5-7B-Instruct-4bit,qwen,mlx,4,snapkv,attention,512,ruler,15687,,5.687559524110652,1.73828125,True,False,0.021276595744680854,True,100.0,True,string_match_all,ruler_public_string_match,True,string_match_all,100.0,0.0,0.0,640,640,576.5,682.1233314590354,107.37027845799457,12.562407041172264,0.0,22.179409791977378,0.006885042996145785,0.04280291893519461,10.189130122952587,98.14380500915831,28,28,False,,,False
official_ruler_niah_single_qwen25_7b,20260611_225910,1,mlx-community/Qwen2.5-7B-Instruct-4bit,qwen,mlx,4,snapkv,attention,512,ruler,15693,,9.000369436556227,2.197265625,False,False,0.0,False,0.0,False,string_match_all,ruler_public_string_match,True,string_match_all,0.0,0.0,0.0,640,640,576.5,679.4507685829885,108.58859679300804,12.122702254913747,0.0,24.665868040086934,0.005735792045015842,0.03932266400079243,10.558701955095632,94.70861136651365,28,28,False,,,False
official_ruler_niah_single_qwen25_7b,20260611_225910,2,mlx-community/Qwen2.5-7B-Instruct-4bit,qwen,mlx,4,snapkv,attention,512,ruler,15687,,5.270416412044913,1.662109375,True,False,0.0,True,100.0,True,string_match_all,ruler_public_string_match,True,string_match_all,100.0,0.0,0.0,640,640,576.5,671.6066512919788,106.86964183297823,11.01943745787139,0.0,24.484905836958205,0.005697831977158785,0.039173080906039104,11.615837967170203,86.08935513962024,28,28,False,,,False
official_ruler_niah_single_qwen25_7b,20260611_225910,3,mlx-community/Qwen2.5-7B-Instruct-4bit,qwen,mlx,4,snapkv,attention,512,ruler,15687,,4.922172509432291,1.59375,True,False,0.0,True,100.0,True,string_match_all,ruler_public_string_match,True,string_match_all,100.0,0.0,0.0,640,640,576.5,676.2171831669984,108.44481866699061,11.426107878942275,0.0,25.041219253034797,0.005651334999129176,0.041972876992076635,11.20241479917211,89.26646780423653,28,28,False,,,False
official_ruler_niah_single_qwen25_7b,20260611_225910,4,mlx-community/Qwen2.5-7B-Instruct-4bit,qwen,mlx,4,snapkv,attention,512,ruler,15687,,6.610583167435106,1.888671875,True,False,0.0,True,100.0,True,string_match_all,ruler_public_string_match,True,string_match_all,100.0,0.0,0.0,640,640,576.5,681.9327162909904,109.4297337080352,10.507293542963453,0.0,24.46671116890502,0.005625627003610134,0.03823637793539092,12.182014281472066,82.08823080440197,28,28,False,,,False
official_ruler_niah_single_qwen25_7b,20260611_225910,5,mlx-community/Qwen2.5-7B-Instruct-4bit,qwen,mlx,4,snapkv,attention,512,ruler,15690,,5.972164204326706,1.787109375,True,False,0.0,True,100.0,True,string_match_all,ruler_public_string_match,True,string_match_all,100.0,0.0,0.0,640,640,576.5,677.0790020429995,108.34178783296375,10.560201673069969,0.0,23.406626793002943,0.005854752118466422,0.040041124942945316,12.12098063680151,82.50157557085913,28,28,False,,,False
official_ruler_niah_single_qwen25_7b,20260611_225910,6,mlx-community/Qwen2.5-7B-Instruct-4bit,qwen,mlx,4,snapkv,attention,512,ruler,15690,,5.3325424129360055,1.673828125,True,False,0.020833333333333332,True,100.0,True,string_match_all,ruler_public_string_match,True,string_match_all,100.0,0.0,0.0,640,640,576.5,676.8886782909976,108.97709329202189,9.718858753039967,0.0,23.53281529105152,0.0060204589972272515,0.042887998948572204,13.17027063079426,75.92858400812474,28,28,False,,,False
official_ruler_niah_single_qwen25_7b,20260611_225910,7,mlx-community/Qwen2.5-7B-Instruct-4bit,qwen,mlx,4,snapkv,attention,512,ruler,15687,,4.733607041801626,1.5546875,True,False,0.02,True,100.0,True,string_match_all,ruler_public_string_match,True,string_match_all,100.0,0.0,0.0,640,640,576.5,676.1405114590016,109.13221754098777,10.614425795007264,0.0,23.92880507998052,0.005718084110412747,0.046738872915739194,12.05906023293391,82.92520152349425,28,28,False,,,False
official_ruler_niah_single_qwen25_7b,20260611_225910,8,mlx-community/Qwen2.5-7B-Instruct-4bit,qwen,mlx,4,snapkv,attention,512,ruler,15693,,5.491080233448797,1.703125,True,False,0.0,True,100.0,True,string_match_all,ruler_public_string_match,True,string_match_all,100.0,0.0,0.0,640,640,576.5,678.5100450830068,110.06007383298129,11.045265284948982,0.0,23.71709741387167,0.0058492899988777936,0.04666474906844087,11.58867593469406,86.29113503866392,28,28,False,,,False
official_ruler_niah_single_qwen25_7b,20260611_225910,9,mlx-community/Qwen2.5-7B-Instruct-4bit,qwen,mlx,4,snapkv,attention,512,ruler,15690,,5.995538594132881,1.791015625,True,False,0.0,True,100.0,True,string_match_all,ruler_public_string_match,True,string_match_all,100.0,0.0,0.0,640,640,576.5,676.2659727499995,109.53208420798182,10.779440508951666,0.0,24.098500542895636,0.006117582030128688,0.039388666074955836,11.87445673954078,84.21437897618489,28,28,False,,,False
official_ruler_niah_single_qwen25_7b,20260611_225910,10,mlx-community/Qwen2.5-7B-Instruct-4bit,qwen,mlx,4,snapkv,attention,512,ruler,15687,,5.301388407866708,1.66796875,True,False,0.0,True,100.0,True,string_match_all,ruler_public_string_match,True,string_match_all,100.0,0.0,0.0,640,640,576.5,676.2768777080055,108.40167575000669,11.395691211975645,0.0,23.125290458934614,0.005649665981763974,0.03577412306913175,11.232315584813826,89.02883759355973,28,28,False,,,False
official_ruler_niah_single_qwen25_7b,20260611_225910,11,mlx-community/Qwen2.5-7B-Instruct-4bit,qwen,mlx,4,snapkv,attention,512,ruler,15684,,6.701582885090683,1.90234375,False,False,0.0,False,0.0,False,string_match_all,ruler_public_string_match,True,string_match_all,0.0,0.0,0.0,640,640,576.5,676.4037784999819,109.59577479201835,11.5999888778897,0.0,24.327571622096002,0.005540127109270543,0.03279670883785002,11.034493338521726,90.62491310851328,28,28,False,,,False
official_ruler_niah_single_qwen25_7b,20260611_225910,12,mlx-community/Qwen2.5-7B-Instruct-4bit,qwen,mlx,4,snapkv,attention,512,ruler,15687,,6.007260073480564,1.79296875,True,False,0.0,True,100.0,True,string_match_all,ruler_public_string_match,True,string_match_all,100.0,0.0,0.0,640,640,576.5,673.1291421250207,109.52082166599575,10.221085044729989,0.0,24.203716747870203,0.0057715010771062225,0.03950353796244599,12.523132274102057,79.85222691195304,28,28,False,,,False
official_ruler_niah_single_qwen25_7b,20260611_225910,13,mlx-community/Qwen2.5-7B-Instruct-4bit,qwen,mlx,4,snapkv,attention,512,ruler,15684,,5.1483273473571085,1.638671875,True,False,0.0,True,100.0,True,string_match_all,ruler_public_string_match,True,string_match_all,100.0,0.0,0.0,640,640,576.5,675.5825304180034,107.65007658296963,11.163986210187431,0.0,24.140897667006357,0.005754084995714948,0.048344749957323074,11.465438741154717,87.21864226708931,28,28,False,,,False
official_ruler_niah_single_qwen25_7b,20260611_225910,14,mlx-community/Qwen2.5-7B-Instruct-4bit,qwen,mlx,4,snapkv,attention,512,ruler,15687,,5.088347516986956,1.626953125,True,False,0.0,True,100.0,True,string_match_all,ruler_public_string_match,True,string_match_all,100.0,0.0,0.0,640,640,576.5,676.3862943759596,109.56907050099107,10.658326621894957,0.0,24.544302456983132,0.005686168005922809,0.04288174895918928,12.009389892129494,83.26817673355436,28,28,False,,,False
official_ruler_niah_single_qwen25_7b,20260611_225910,15,mlx-community/Qwen2.5-7B-Instruct-4bit,qwen,mlx,4,snapkv,attention,512,ruler,15684,,6.559139201090331,1.880859375,True,False,0.0,True,100.0,True,string_match_all,ruler_public_string_match,True,string_match_all,100.0,0.0,0.0,640,640,576.5,672.9345708740002,108.66400687600253,10.726856380118988,0.0,23.929364125127904,0.005675123888067901,0.03867308294866234,11.93266652075565,83.8035654696796,28,28,False,,,False
official_ruler_niah_single_qwen25_7b,20260611_225910,16,mlx-community/Qwen2.5-7B-Instruct-4bit,qwen,mlx,4,snapkv,attention,512,ruler,15684,,5.599382086743113,1.72265625,True,False,0.0,True,100.0,True,string_match_all,ruler_public_string_match,True,string_match_all,100.0,0.0,0.0,640,640,576.5,678.5287959169946,109.98076608299743,11.646035626792582,0.0,24.73921158190933,0.005735252023441717,0.04534412591601722,10.990864539820432,90.98465333431704,28,28,False,,,False
official_ruler_niah_single_qwen25_7b,20260611_225910,17,mlx-community/Qwen2.5-7B-Instruct-4bit,qwen,mlx,4,snapkv,attention,512,ruler,15684,,4.855335119476721,1.580078125,True,False,0.02173913043478261,True,100.0,True,string_match_all,ruler_public_string_match,True,string_match_all,100.0,0.0,0.0,640,640,576.5,671.7531376249972,108.02793916699011,10.312546046770876,0.0,22.847299123939592,0.005961706046946347,0.03629700199235231,12.412065790492164,80.56676599039747,28,28,False,,,False
official_ruler_niah_single_qwen25_7b,20260611_225910,18,mlx-community/Qwen2.5-7B-Instruct-4bit,qwen,mlx,4,snapkv,attention,512,ruler,15696,,6.3078625243102895,1.841796875,True,False,0.0,True,100.0,True,string_match_all,ruler_public_string_match,True,string_match_all,100.0,0.0,0.0,640,640,576.5,670.6895239999867,107.53446312499,10.069762997096404,0.0,22.687572039023507,0.005593501962721348,0.03747671106248163,12.711322007966675,78.67002341481566,28,28,False,,,False
official_ruler_niah_single_qwen25_7b,20260611_225910,19,mlx-community/Qwen2.5-7B-Instruct-4bit,qwen,mlx,4,snapkv,attention,512,ruler,15687,,5.088347516986956,1.626953125,True,False,0.019801980198019802,True,100.0,True,string_match_all,ruler_public_string_match,True,string_match_all,100.0,0.0,0.0,640,640,576.5,675.7598908339569,108.45369362502242,10.22908775790711,0.0,23.218171042011818,0.005849165027029812,0.0387750840454828,12.513334818254512,79.91474810864929,28,28,False,,,False
official_ruler_niah_single_qwen25_7b,20260611_225910,0,mlx-community/Qwen2.5-7B-Instruct-4bit,qwen,mlx,4,compactor,hybrid,512,ruler,15687,,113.7923162908356,4.734375,False,False,0.0,False,0.0,False,string_match_all,ruler_public_string_match,True,string_match_all,0.0,0.0,0.0,1471,1471,1407.5,714.3885802919685,93.95103224902414,7.258249535196228,0.0,8.729460454022046,0.009374290035339072,0.03476454399060458,17.635106009969867,56.70507449372053,28,28,False,,,False
official_ruler_niah_single_qwen25_7b,20260611_225910,1,mlx-community/Qwen2.5-7B-Instruct-4bit,qwen,mlx,4,compactor,hybrid,512,ruler,15693,,46.60915005647103,3.841796875,False,False,0.0,False,0.0,False,string_match_all,ruler_public_string_match,True,string_match_all,0.0,0.0,0.0,1475,1475,1411.5,713.1494167500059,92.41813549899962,7.660732455202378,0.0,7.027086126880022,0.007419208995997906,0.03221349895466119,16.708585079625855,59.84947230626858,28,28,False,,,False
official_ruler_niah_single_qwen25_7b,20260611_225910,2,mlx-community/Qwen2.5-7B-Instruct-4bit,qwen,mlx,4,compactor,hybrid,512,ruler,15687,,27.080884906424416,3.298828125,False,False,0.0,False,0.0,False,string_match_all,ruler_public_string_match,True,string_match_all,0.0,0.0,0.0,1493,1493,1429.5,713.7462896249781,92.24718529201346,7.731210167170502,0.0,7.0156631229911,0.007467417977750301,0.030735502048628405,16.556269617858018,60.40007943101955,28,28,False,,,False
official_ruler_niah_single_qwen25_7b,20260611_225910,3,mlx-community/Qwen2.5-7B-Instruct-4bit,qwen,mlx,4,compactor,hybrid,512,ruler,15687,,55.24173574865985,4.01171875,False,False,0.0,False,0.0,False,string_match_all,ruler_public_string_match,True,string_match_all,0.0,0.0,0.0,1518,1518,1454.5,713.94772479104,91.96417020901572,7.349718375946395,0.0,6.874851835949812,0.00825241900747642,0.03299029191839509,17.41563328724387,57.41967481208121,28,28,False,,,False
official_ruler_niah_single_qwen25_7b,20260611_225910,4,mlx-community/Qwen2.5-7B-Instruct-4bit,qwen,mlx,4,compactor,hybrid,512,ruler,15687,,88.4486250018551,4.482421875,False,False,0.0,False,0.0,False,string_match_all,ruler_public_string_match,True,string_match_all,0.0,0.0,0.0,1516,1516,1452.5,713.7435187920055,91.93887366596027,7.438050967059098,0.0,6.791825208085356,0.007422543043503538,0.033120623003924266,17.20880921183166,58.109773180149205,28,28,False,,,False
official_ruler_niah_single_qwen25_7b,20260611_225910,5,mlx-community/Qwen2.5-7B-Instruct-4bit,qwen,mlx,4,compactor,hybrid,512,ruler,15690,,87.93188669987823,4.4765625,False,False,0.0,False,0.0,False,string_match_all,ruler_public_string_match,True,string_match_all,0.0,0.0,0.0,1507,1507,1443.5,714.7491721249826,92.38404004200129,7.767254705919186,0.0,6.995649209071416,0.007516165962442756,0.0332132910261862,16.479438984079554,60.68167738999364,28,28,False,,,False
official_ruler_niah_single_qwen25_7b,20260611_225910,6,mlx-community/Qwen2.5-7B-Instruct-4bit,qwen,mlx,4,compactor,hybrid,512,ruler,15690,,14.723621737689907,2.689453125,False,False,0.0,False,0.0,False,string_match_all,ruler_public_string_match,True,string_match_all,0.0,0.0,0.0,1494,1494,1430.5,714.3943296249781,92.06069766599103,7.535724174958887,0.0,6.75033679002081,0.007563416991615668,0.03297258299426176,16.985759699823188,58.8728451168663,28,28,False,,,False
official_ruler_niah_single_qwen25_7b,20260611_225910,7,mlx-community/Qwen2.5-7B-Instruct-4bit,qwen,mlx,4,compactor,hybrid,512,ruler,15687,,42.3553080116137,3.74609375,False,False,0.0,False,0.0,False,string_match_all,ruler_public_string_match,True,string_match_all,0.0,0.0,0.0,1485,1485,1421.5,716.2681972089922,92.102766875003,8.329323502373882,0.0,6.897572999965632,0.007562456012237817,0.03105024597607553,15.367394478497518,65.07283986229595,28,28,False,,,False
official_ruler_niah_single_qwen25_7b,20260611_225910,8,mlx-community/Qwen2.5-7B-Instruct-4bit,qwen,mlx,4,compactor,hybrid,512,ruler,15693,,79.59514710704988,4.376953125,False,False,0.0,False,0.0,False,string_match_all,ruler_public_string_match,True,string_match_all,0.0,0.0,0.0,1480,1480,1416.5,714.4178347919951,92.69892741701915,7.827756997314282,0.0,7.262979210994672,0.007521872932557017,0.03247349907178432,16.352066121101746,61.154351541517826,28,28,False,,,False
official_ruler_niah_single_qwen25_7b,20260611_225910,9,mlx-community/Qwen2.5-7B-Instruct-4bit,qwen,mlx,4,compactor,hybrid,512,ruler,15690,,83.82329377187168,4.4287109375,False,False,0.0,False,0.0,False,string_match_all,ruler_public_string_match,True,string_match_all,0.0,0.0,0.0,1503,1503,1439.5,715.1650568750047,93.02140412502922,8.13335067301523,0.0,7.180903210944962,0.007468834053725004,0.033444207889260724,15.737671366448941,63.54180213293148,28,28,False,,,False
official_ruler_niah_single_qwen25_7b,20260611_225910,10,mlx-community/Qwen2.5-7B-Instruct-4bit,qwen,mlx,4,compactor,hybrid,512,ruler,15687,,30.151962130172098,3.40625,False,False,0.0,False,0.0,False,string_match_all,ruler_public_string_match,True,string_match_all,0.0,0.0,0.0,1466,1466,1402.5,720.666362332966,92.27385320799658,9.12092437891988,0.0,7.011553790041944,0.00742600200464949,0.031158957979641855,14.033665304344737,71.25722171031157,28,28,False,,,False
official_ruler_niah_single_qwen25_7b,20260611_225910,11,mlx-community/Qwen2.5-7B-Instruct-4bit,qwen,mlx,4,compactor,hybrid,512,ruler,15684,,7.161718742493711,1.96875,False,False,0.0,False,0.0,False,string_match_all,ruler_public_string_match,True,string_match_all,0.0,0.0,0.0,1518,1518,1454.5,720.3515484170348,92.05252724999445,7.976587126322556,0.0,6.698282372992253,0.007440834015142173,0.028987585013965145,16.04696319026002,62.31708692439497,28,28,False,,,False
official_ruler_niah_single_qwen25_7b,20260611_225910,12,mlx-community/Qwen2.5-7B-Instruct-4bit,qwen,mlx,4,compactor,hybrid,512,ruler,15687,,10.33914833878563,2.3359375,False,False,0.0,False,0.0,False,string_match_all,ruler_public_string_match,True,string_match_all,0.0,0.0,0.0,1478,1478,1414.5,715.2983558330161,93.03536541599897,7.84513404298923,0.0,7.305062415020075,0.0076218771282583475,0.03354741493239999,16.315846140881003,61.29010971085336,28,28,False,,,False
official_ruler_niah_single_qwen25_7b,20260611_225910,13,mlx-community/Qwen2.5-7B-Instruct-4bit,qwen,mlx,4,compactor,hybrid,512,ruler,15684,,26.2990087931472,3.26953125,False,False,0.0,False,0.0,False,string_match_all,ruler_public_string_match,True,string_match_all,0.0,0.0,0.0,1477,1477,1413.5,721.2436762909929,93.01169908299926,7.985619333136128,0.0,6.787198250036454,0.007531167007982731,0.030180125933839008,16.028813127726636,62.387651040126,28,28,False,,,False
official_ruler_niah_single_qwen25_7b,20260611_225910,14,mlx-community/Qwen2.5-7B-Instruct-4bit,qwen,mlx,4,compactor,hybrid,512,ruler,15687,,38.48969815122384,3.650390625,False,False,0.0,False,0.0,False,string_match_all,ruler_public_string_match,True,string_match_all,0.0,0.0,0.0,1464,1464,1400.5,714.9505808340036,92.70572287502,7.8011564180778805,0.0,7.172766122967005,0.00752008191193454,0.03269878606079146,16.407823807170605,60.94653451623344,28,28,False,,,False
official_ruler_niah_single_qwen25_7b,20260611_225910,15,mlx-community/Qwen2.5-7B-Instruct-4bit,qwen,mlx,4,compactor,hybrid,512,ruler,15684,,245.17031321124432,5.501953125,False,False,0.0,False,0.0,False,string_match_all,ruler_public_string_match,True,string_match_all,0.0,0.0,0.0,1496,1496,1432.5,717.2587723740144,94.47677008301252,7.832142966013635,0.0,7.128197746060323,0.007492998905945569,0.03191662405151874,16.34290902955118,61.18861692198152,28,28,False,,,False
official_ruler_niah_single_qwen25_7b,20260611_225910,16,mlx-community/Qwen2.5-7B-Instruct-4bit,qwen,mlx,4,compactor,hybrid,512,ruler,15684,,31.598985005566618,3.453125,False,False,0.0,False,0.0,False,string_match_all,ruler_public_string_match,True,string_match_all,0.0,0.0,0.0,1521,1521,1457.5,713.8176844169793,91.85177854198264,8.142902951833094,0.0,6.68994779305649,0.007431501959217712,0.030079584859777242,15.71920981462578,63.61642931119604,28,28,False,,,False
official_ruler_niah_single_qwen25_7b,20260611_225910,17,mlx-community/Qwen2.5-7B-Instruct-4bit,qwen,mlx,4,compactor,hybrid,512,ruler,15684,,11.135700962413912,2.41015625,False,False,0.0,False,0.0,False,string_match_all,ruler_public_string_match,True,string_match_all,0.0,0.0,0.0,1511,1511,1447.5,714.2898293750186,91.77198179202969,7.590732746000867,0.0,6.615910084859934,0.007401124981697649,0.03165917002479546,16.862667186832002,59.302599578131776,28,28,False,,,False
official_ruler_niah_single_qwen25_7b,20260611_225910,18,mlx-community/Qwen2.5-7B-Instruct-4bit,qwen,mlx,4,compactor,hybrid,512,ruler,15696,,31.41437607743883,3.447265625,False,False,0.0,False,0.0,False,string_match_all,ruler_public_string_match,True,string_match_all,0.0,0.0,0.0,1511,1511,1447.5,716.0629392499977,92.39941129201907,7.919610037148232,0.0,6.9528417520050425,0.007670084043638781,0.03219425008865073,16.162411962154067,61.87195341522056,28,28,False,,,False
official_ruler_niah_single_qwen25_7b,20260611_225910,19,mlx-community/Qwen2.5-7B-Instruct-4bit,qwen,mlx,4,compactor,hybrid,512,ruler,15687,,49.51837188956857,3.90234375,False,False,0.0,False,0.0,False,string_match_all,ruler_public_string_match,True,string_match_all,0.0,0.0,0.0,1477,1477,1413.5,715.0138434589899,92.71293179201894,7.834065916162217,0.0,7.390836790058529,0.0074164979450870305,0.03207458296674304,16.338897498414866,61.20363997001732,28,28,False,,,False
official_ruler_niah_single_qwen25_7b,20260611_225910,0,mlx-community/Qwen2.5-7B-Instruct-4bit,qwen,mlx,4,pyramidkv,attention,512,ruler,15687,,5.8566520921888525,1.767578125,True,False,0.020618556701030924,True,100.0,True,string_match_all,ruler_public_string_match,True,string_match_all,100.0,0.0,0.0,1066,1066,1002.5,683.8792112500232,110.68818299999111,11.561609835072886,0.0,25.489937626000028,0.006924002023879439,0.0363923329859972,11.07112260540948,90.32507683650692,28,28,False,,,False
official_ruler_niah_single_qwen25_7b,20260611_225910,1,mlx-community/Qwen2.5-7B-Instruct-4bit,qwen,mlx,4,pyramidkv,attention,512,ruler,15693,,17.969428099556087,2.888671875,False,False,0.0,False,0.0,False,string_match_all,ruler_public_string_match,True,string_match_all,0.0,0.0,0.0,1066,1066,1002.5,679.0110907069757,108.76699512498453,9.884154872968793,0.0,23.28412887311424,0.0059368340007495135,0.03665987291606143,12.950019667341985,77.2199599450687,28,28,False,,,False
official_ruler_niah_single_qwen25_7b,20260611_225910,2,mlx-community/Qwen2.5-7B-Instruct-4bit,qwen,mlx,4,pyramidkv,attention,512,ruler,15687,,7.683402631361398,2.0390625,False,False,0.0,False,0.0,False,string_match_all,ruler_public_string_match,True,string_match_all,0.0,0.0,0.0,1066,1066,1002.5,683.4682324580208,108.79583554100827,10.447753758024191,0.0,23.514189954090398,0.005925293080508709,0.04313537597772665,12.251437291168173,81.623076234564,28,28,False,,,False
official_ruler_niah_single_qwen25_7b,20260611_225910,3,mlx-community/Qwen2.5-7B-Instruct-4bit,qwen,mlx,4,pyramidkv,attention,512,ruler,15687,,5.676461850514849,1.736328125,False,False,0.0,False,0.0,False,string_match_all,ruler_public_string_match,True,string_match_all,0.0,0.0,0.0,1066,1066,1002.5,683.8880037079798,109.04353658400942,10.12876508681802,0.0,23.776306788960937,0.005845207051606849,0.033229414984816685,12.637276005797025,79.13097724076579,28,28,False,,,False
official_ruler_niah_single_qwen25_7b,20260611_225910,4,mlx-community/Qwen2.5-7B-Instruct-4bit,qwen,mlx,4,pyramidkv,attention,512,ruler,15687,,9.432306184336436,2.244140625,False,False,0.0,False,0.0,False,string_match_all,ruler_public_string_match,True,string_match_all,0.0,0.0,0.0,1066,1066,1002.5,684.6103214580216,109.0520080839924,10.135675201163394,0.0,23.82615683201584,0.005807542969705537,0.03455420897807926,12.628660396034384,79.18496250908902,28,28,False,,,False
official_ruler_niah_single_qwen25_7b,20260611_225910,5,mlx-community/Qwen2.5-7B-Instruct-4bit,qwen,mlx,4,pyramidkv,attention,512,ruler,15690,,6.089954588733513,1.806640625,True,False,0.020408163265306124,True,100.0,True,string_match_all,ruler_public_string_match,True,string_match_all,100.0,0.0,0.0,1066,1066,1002.5,682.4293352499953,108.45013612500043,10.044682874984574,0.0,23.12991741899168,0.006016291968990117,0.033983748900936916,12.743060342778277,78.47408496081698,28,28,False,,,False
official_ruler_niah_single_qwen25_7b,20260611_225910,6,mlx-community/Qwen2.5-7B-Instruct-4bit,qwen,mlx,4,pyramidkv,attention,512,ruler,15690,,5.523348976703854,1.708984375,True,False,0.0,True,100.0,True,string_match_all,ruler_public_string_match,True,string_match_all,100.0,0.0,0.0,1066,1066,1002.5,682.3250654170115,109.59226929198485,11.520219498954248,0.0,24.14784508498269,0.006079832965042442,0.03856679305317812,11.11089940704856,90.00171483558006,28,28,False,,,False
official_ruler_niah_single_qwen25_7b,20260611_225910,7,mlx-community/Qwen2.5-7B-Instruct-4bit,qwen,mlx,4,pyramidkv,attention,512,ruler,15687,,4.999685447724227,1.609375,True,False,0.0,True,100.0,True,string_match_all,ruler_public_string_match,True,string_match_all,100.0,0.0,0.0,1066,1066,1002.5,680.8879855420091,109.42164941699593,9.999103708047187,0.0,24.209508336905856,0.006213289103470743,0.033264250901993364,12.801147356536244,78.11799771911865,28,28,False,,,False
official_ruler_niah_single_qwen25_7b,20260611_225910,8,mlx-community/Qwen2.5-7B-Instruct-4bit,qwen,mlx,4,pyramidkv,attention,512,ruler,15693,,5.588456466628997,1.720703125,True,False,0.021052631578947368,True,100.0,True,string_match_all,ruler_public_string_match,True,string_match_all,100.0,0.0,0.0,1066,1066,1002.5,680.2182241260016,108.1468062500062,9.99188583609066,0.0,22.67653050099034,0.0060979159898124635,0.033848499006126076,12.810394564123662,78.06160809445828,28,28,False,,,False
official_ruler_niah_single_qwen25_7b,20260611_225910,9,mlx-community/Qwen2.5-7B-Instruct-4bit,qwen,mlx,4,pyramidkv,attention,512,ruler,15690,,6.137718694555804,1.814453125,True,False,0.0,True,100.0,True,string_match_all,ruler_public_string_match,True,string_match_all,100.0,0.0,0.0,1066,1066,1002.5,690.9547338330303,108.85848374999478,9.90021478786366,0.0,23.443281332962215,0.006193044042447582,0.03865820600185543,12.929012424751722,77.34542803018485,28,28,False,,,False
official_ruler_niah_single_qwen25_7b,20260611_225910,10,mlx-community/Qwen2.5-7B-Instruct-4bit,qwen,mlx,4,pyramidkv,attention,512,ruler,15687,,7.743664305075443,2.046875,False,False,0.0,False,0.0,False,string_match_all,ruler_public_string_match,True,string_match_all,0.0,0.0,0.0,1066,1066,1002.5,680.736408250028,108.75251170899719,9.807387383218156,0.0,23.79255287302658,0.0059154589544050395,0.04220091496245004,13.051386164171136,76.62021393139185,28,28,False,,,False
official_ruler_niah_single_qwen25_7b,20260611_225910,11,mlx-community/Qwen2.5-7B-Instruct-4bit,qwen,mlx,4,pyramidkv,attention,512,ruler,15684,,14.95548504215564,2.705078125,False,False,0.0,False,0.0,False,string_match_all,ruler_public_string_match,True,string_match_all,0.0,0.0,0.0,1066,1066,1002.5,684.2230295409972,109.28833904099884,11.52523121010745,0.0,24.07514933292987,0.005795873003080487,0.03184445999795571,11.106067866798714,90.04086882896445,28,28,False,,,False
official_ruler_niah_single_qwen25_7b,20260611_225910,12,mlx-community/Qwen2.5-7B-Instruct-4bit,qwen,mlx,4,pyramidkv,attention,512,ruler,15687,,7.579070941061258,2.025390625,False,False,0.0,False,0.0,False,string_match_all,ruler_public_string_match,True,string_match_all,0.0,0.0,0.0,1066,1066,1002.5,684.679783833999,110.06588983300026,10.234468163806014,0.0,24.82021704199724,0.006016334053128958,0.04288004507543519,12.506756379649445,79.95678252973448,28,28,False,,,False
official_ruler_niah_single_qwen25_7b,20260611_225910,13,mlx-community/Qwen2.5-7B-Instruct-4bit,qwen,mlx,4,pyramidkv,attention,512,ruler,15684,,11.647343462043494,2.455078125,False,False,0.0,False,0.0,False,string_match_all,ruler_public_string_match,True,string_match_all,0.0,0.0,0.0,1066,1066,1002.5,680.3174214580213,108.80475237499923,9.98470670817187,0.0,23.37698579102289,0.005930665967753157,0.04790458604111336,12.819605396645235,78.00552115759274,28,28,False,,,False
official_ruler_niah_single_qwen25_7b,20260611_225910,14,mlx-community/Qwen2.5-7B-Instruct-4bit,qwen,mlx,4,pyramidkv,attention,512,ruler,15687,,14.382549407491597,2.666015625,False,False,0.0,False,0.0,False,string_match_all,ruler_public_string_match,True,string_match_all,0.0,0.0,0.0,1066,1066,1002.5,680.0078782920318,107.86594129199511,9.343954291951377,0.0,22.627830875047948,0.0061764179554302245,0.03064970491686836,13.69869714690874,72.99964290587013,28,28,False,,,False
official_ruler_niah_single_qwen25_7b,20260611_225910,15,mlx-community/Qwen2.5-7B-Instruct-4bit,qwen,mlx,4,pyramidkv,attention,512,ruler,15684,,8.774721228365038,2.171875,False,False,0.0,False,0.0,False,string_match_all,ruler_public_string_match,True,string_match_all,0.0,0.0,0.0,1066,1066,1002.5,681.6431225830165,108.10919908402138,9.769358507153811,0.0,22.848593916976824,0.005884292040718719,0.03257066788501106,13.10219088656327,76.32311333713915,28,28,False,,,False
official_ruler_niah_single_qwen25_7b,20260611_225910,16,mlx-community/Qwen2.5-7B-Instruct-4bit,qwen,mlx,4,pyramidkv,attention,512,ruler,15684,,11.422063446614425,2.435546875,False,False,0.0,False,0.0,False,string_match_all,ruler_public_string_match,True,string_match_all,0.0,0.0,0.0,1066,1066,1002.5,684.3335739170143,109.0639032080071,11.708633130212547,0.0,23.845584250986576,0.005955333064775914,0.02929295800277032,10.932104420430877,91.47369632978553,28,28,False,,,False
official_ruler_niah_single_qwen25_7b,20260611_225910,17,mlx-community/Qwen2.5-7B-Instruct-4bit,qwen,mlx,4,pyramidkv,attention,512,ruler,15684,,8.740511832292928,2.16796875,False,False,0.0,False,0.0,False,string_match_all,ruler_public_string_match,True,string_match_all,0.0,0.0,0.0,1066,1066,1002.5,679.1717400829948,107.66731441699085,9.581117167224875,0.0,22.42323333400418,0.006185579957673326,0.029609248973429203,13.359611177479692,74.85247786894433,28,28,False,,,False
official_ruler_niah_single_qwen25_7b,20260611_225910,18,mlx-community/Qwen2.5-7B-Instruct-4bit,qwen,mlx,4,pyramidkv,attention,512,ruler,15696,,12.593781054375055,2.533203125,False,False,0.0,False,0.0,False,string_match_all,ruler_public_string_match,True,string_match_all,0.0,0.0,0.0,1066,1066,1002.5,677.6533462499792,108.08043708303012,9.444816876057303,0.0,22.616197499912232,0.006811294064391404,0.036410667991731316,13.552406751737154,73.78763184419768,28,28,False,,,False
official_ruler_niah_single_qwen25_7b,20260611_225910,19,mlx-community/Qwen2.5-7B-Instruct-4bit,qwen,mlx,4,pyramidkv,attention,512,ruler,15687,,5.239625362128489,1.65625,True,False,0.020202020202020204,True,100.0,True,string_match_all,ruler_public_string_match,True,string_match_all,100.0,0.0,0.0,1066,1066,1002.5,679.4740871670074,109.19516729196766,10.041268367727753,0.0,23.96902166696964,0.005986335017951205,0.03192350096651353,12.747393587386533,78.44740912287307,28,28,False,,,False
official_ruler_niah_single_qwen25_7b,20260611_225910,0,mlx-community/Qwen2.5-7B-Instruct-4bit,qwen,mlx,4,l2_prefill_only,geometry,512,ruler,15687,,5.8566520921888525,1.767578125,True,False,0.02197802197802198,True,100.0,True,string_match_all,ruler_public_string_match,True,string_match_all,100.0,0.0,0.0,512,512,512.0,181.6290284160059,85.05103554198286,5.854365469072945,2.551033618306974,0.03188791102729738,0.026170928147621453,1.0380915249406826,21.8640261999682,45.737230227132386,3612,3612,False,,,False
official_ruler_niah_single_qwen25_7b,20260611_225910,1,mlx-community/Qwen2.5-7B-Instruct-4bit,qwen,mlx,4,l2_prefill_only,geometry,512,ruler,15693,,6.688506629955475,1.900390625,True,False,0.0,True,100.0,True,string_match_all,ruler_public_string_match,True,string_match_all,100.0,0.0,0.0,512,512,512.0,182.62920979197952,86.04192774998955,6.023130330111599,2.323848376137903,0.030512531229760498,0.02659051658702083,0.9477352037501987,21.251407986323347,47.055705703996864,3612,3612,False,,,False
official_ruler_niah_single_qwen25_7b,20260611_225910,2,mlx-community/Qwen2.5-7B-Instruct-4bit,qwen,mlx,4,l2_prefill_only,geometry,512,ruler,15687,,5.291044238648667,1.666015625,True,False,0.0,True,100.0,True,string_match_all,ruler_public_string_match,True,string_match_all,100.0,0.0,0.0,512,512,512.0,180.91389408300165,85.60556575001101,5.82503974402789,2.584936036641011,0.0304769879730884,0.02641132421558723,1.0465182199841365,21.974098997561644,45.50812300021789,3612,3612,False,,,False
official_ruler_niah_single_qwen25_7b,20260611_225910,3,mlx-community/Qwen2.5-7B-Instruct-4bit,qwen,mlx,4,l2_prefill_only,geometry,512,ruler,15687,,5.058620157678194,1.62109375,True,False,0.0,True,100.0,True,string_match_all,ruler_public_string_match,True,string_match_all,100.0,0.0,0.0,512,512,512.0,180.34173712399206,85.02165866701398,5.8289160389394965,2.5792905746784527,0.03061980748316273,0.026513101329328492,1.0430939820944332,21.959485973877246,45.538406554214816,3612,3612,False,,,False
official_ruler_niah_single_qwen25_7b,20260611_225910,4,mlx-community/Qwen2.5-7B-Instruct-4bit,qwen,mlx,4,l2_prefill_only,geometry,512,ruler,15687,,6.76734862959388,1.912109375,True,False,0.0,True,100.0,True,string_match_all,ruler_public_string_match,True,string_match_all,100.0,0.0,0.0,512,512,512.0,180.5200282500009,85.1879906670074,5.832027702941559,2.5645244600018486,0.030916805553715676,0.026360878895502537,1.043647600337863,21.947769544276913,45.56271642923093,3612,3612,False,,,False
official_ruler_niah_single_qwen25_7b,20260611_225910,5,mlx-community/Qwen2.5-7B-Instruct-4bit,qwen,mlx,4,l2_prefill_only,geometry,512,ruler,15690,,6.197950977946148,1.82421875,True,False,0.0,True,100.0,True,string_match_all,ruler_public_string_match,True,string_match_all,100.0,0.0,0.0,512,512,512.0,180.98947266698815,85.3403872080089,5.838521294761449,2.573647545883432,0.030538101331330836,0.026569570327410474,1.0391835198388435,21.923359278460907,45.61344761532382,3612,3612,False,,,False
official_ruler_niah_single_qwen25_7b,20260611_225910,6,mlx-community/Qwen2.5-7B-Instruct-4bit,qwen,mlx,4,l2_prefill_only,geometry,512,ruler,15690,,5.654331423042719,1.732421875,True,False,0.0,True,100.0,True,string_match_all,ruler_public_string_match,True,string_match_all,100.0,0.0,0.0,512,512,512.0,181.1149027920037,85.40807199999108,5.833719292713795,2.5417979588673916,0.030324887862661853,0.02638186444528401,1.0317156049713958,21.941405401502532,45.57593197432652,3612,3612,False,,,False
official_ruler_niah_single_qwen25_7b,20260611_225910,7,mlx-community/Qwen2.5-7B-Instruct-4bit,qwen,mlx,4,l2_prefill_only,geometry,512,ruler,15687,,4.642050793727773,1.53515625,True,False,0.0,True,100.0,True,string_match_all,ruler_public_string_match,True,string_match_all,100.0,0.0,0.0,512,512,512.0,180.9690068330092,85.2864835409855,5.837235297949519,2.592200285900617,0.03060903720324859,0.02675440235179849,1.0663590289768763,21.92818919685546,45.60340076523062,3612,3612,False,,,False
official_ruler_niah_single_qwen25_7b,20260611_225910,8,mlx-community/Qwen2.5-7B-Instruct-4bit,qwen,mlx,4,l2_prefill_only,geometry,512,ruler,15693,,5.588456466628997,1.720703125,True,False,0.020202020202020204,True,100.0,True,string_match_all,ruler_public_string_match,True,string_match_all,100.0,0.0,0.0,512,512,512.0,181.42966274998616,85.60490041598678,5.815151206974406,2.5475898240692914,0.02984458499122411,0.02594377493369393,1.0377656548516825,22.011465470834725,45.430868804487545,3612,3612,False,,,False
official_ruler_niah_single_qwen25_7b,20260611_225910,9,mlx-community/Qwen2.5-7B-Instruct-4bit,qwen,mlx,4,l2_prefill_only,geometry,512,ruler,15690,,6.197950977946148,1.82421875,True,False,0.0,True,100.0,True,string_match_all,ruler_public_string_match,True,string_match_all,100.0,0.0,0.0,512,512,512.0,182.23151683298056,85.76635833398905,6.287508588866331,2.5526869241148233,0.03129699785495177,0.02709092156146653,1.037758708000183,20.35782507345712,49.12116085051821,3612,3612,False,,,False
official_ruler_niah_single_qwen25_7b,20260611_225910,10,mlx-community/Qwen2.5-7B-Instruct-4bit,qwen,mlx,4,l2_prefill_only,geometry,512,ruler,15687,,5.5666691396332775,1.716796875,True,False,0.0,True,100.0,True,string_match_all,ruler_public_string_match,True,string_match_all,100.0,0.0,0.0,512,512,512.0,182.08877454098547,85.79602924999199,6.275317535008071,2.57578307701624,0.03064666918362491,0.02672787246410735,1.0483375961775891,20.39737420232957,49.025918242250555,3612,3612,False,,,False
official_ruler_niah_single_qwen25_7b,20260611_225910,11,mlx-community/Qwen2.5-7B-Instruct-4bit,qwen,mlx,4,l2_prefill_only,geometry,512,ruler,15684,,5.57755216479126,1.71875,True,False,0.0,True,100.0,True,string_match_all,ruler_public_string_match,True,string_match_all,100.0,0.0,0.0,512,512,512.0,181.98289604199817,85.69076187501196,6.296482295787428,2.5535898208618164,0.030946125189075246,0.026956305286148563,1.03430286294315,20.3288112293489,49.19126793583928,3612,3612,False,,,False
official_ruler_niah_single_qwen25_7b,20260611_225910,12,mlx-community/Qwen2.5-7B-Instruct-4bit,qwen,mlx,4,l2_prefill_only,geometry,512,ruler,15687,,5.995538594132881,1.791015625,True,False,0.0,True,100.0,True,string_match_all,ruler_public_string_match,True,string_match_all,100.0,0.0,0.0,512,512,512.0,181.10539374899236,85.43450312499772,5.837529659969732,2.573033040825976,0.030075398506596684,0.026029782893601805,1.0498379067284986,21.92708345068412,45.60570046851353,3612,3612,False,,,False
official_ruler_niah_single_qwen25_7b,20260611_225910,13,mlx-community/Qwen2.5-7B-Instruct-4bit,qwen,mlx,4,l2_prefill_only,geometry,512,ruler,15684,,5.3325424129360055,1.673828125,True,False,0.021052631578947368,True,100.0,True,string_match_all,ruler_public_string_match,True,string_match_all,100.0,0.0,0.0,512,512,512.0,180.93711633398198,85.31518295800197,5.852074333030032,2.5785826989158522,0.03019642026629299,0.026394262065878138,1.0390956514165737,21.87258614907671,45.719330726797125,3612,3612,False,,,False
official_ruler_niah_single_qwen25_7b,20260611_225910,14,mlx-community/Qwen2.5-7B-Instruct-4bit,qwen,mlx,4,l2_prefill_only,geometry,512,ruler,15687,,4.980193521397919,1.60546875,True,False,0.0,True,100.0,True,string_match_all,ruler_public_string_match,True,string_match_all,100.0,0.0,0.0,512,512,512.0,180.97453895802028,85.3519285840157,5.841730498854304,2.5689983909833245,0.03014782801619731,0.02625893513322808,1.052400312910322,21.911315495486093,45.63851952229925,3612,3612,False,,,False
official_ruler_niah_single_qwen25_7b,20260611_225910,15,mlx-community/Qwen2.5-7B-Instruct-4bit,qwen,mlx,4,l2_prefill_only,geometry,512,ruler,15684,,6.887357605997627,1.9296875,True,False,0.0,True,100.0,True,string_match_all,ruler_public_string_match,True,string_match_all,100.0,0.0,0.0,512,512,512.0,180.89927875099238,85.32469775000936,5.821181453182362,2.546854503278155,0.030469492980046198,0.02635441313032061,1.0320316297293175,21.98866347483879,45.4779801029872,3612,3612,False,,,False
official_ruler_niah_single_qwen25_7b,20260611_225910,16,mlx-community/Qwen2.5-7B-Instruct-4bit,qwen,mlx,4,l2_prefill_only,geometry,512,ruler,15684,,5.799736584178129,1.7578125,True,False,0.0,True,100.0,True,string_match_all,ruler_public_string_match,True,string_match_all,100.0,0.0,0.0,512,512,512.0,180.89619416600908,85.29843783398974,5.846273047296563,2.582686624635244,0.029705372609896585,0.025694890558952466,1.0496460090798791,21.894290424767252,45.6740081820044,3612,3612,False,,,False
official_ruler_niah_single_qwen25_7b,20260611_225910,17,mlx-community/Qwen2.5-7B-Instruct-4bit,qwen,mlx,4,l2_prefill_only,geometry,512,ruler,15684,,4.960777586890675,1.6015625,True,False,0.0,True,100.0,True,string_match_all,ruler_public_string_match,True,string_match_all,100.0,0.0,0.0,512,512,512.0,180.87071074999403,85.28719766699942,5.814019953017123,2.5924559109844267,0.030068249121541157,0.026281727565219626,1.0474364797701128,22.015748317749715,45.422030882946274,3612,3612,False,,,False
official_ruler_niah_single_qwen25_7b,20260611_225910,18,mlx-community/Qwen2.5-7B-Instruct-4bit,qwen,mlx,4,l2_prefill_only,geometry,512,ruler,15696,,6.508095574867789,1.873046875,True,False,0.0,True,100.0,True,string_match_all,ruler_public_string_match,True,string_match_all,100.0,0.0,0.0,512,512,512.0,181.99254454200855,85.6571239590121,6.286389427230461,2.499258535768604,0.030891330679878592,0.027149705652846023,1.0122681792418007,20.361449363214497,49.11241740023797,3612,3612,False,,,False
official_ruler_niah_single_qwen25_7b,20260611_225910,19,mlx-community/Qwen2.5-7B-Instruct-4bit,qwen,mlx,4,l2_prefill_only,geometry,512,ruler,15687,,5.068509930010579,1.623046875,True,False,0.0,True,100.0,True,string_match_all,ruler_public_string_match,True,string_match_all,100.0,0.0,0.0,512,512,512.0,181.7302435420279,85.55536783399293,6.306523790815845,2.559034957928816,0.030464364594081417,0.026707245473517105,1.043869252258446,20.29644289717985,49.26971711574879,3612,3612,False,,,False
official_ruler_niah_single_qwen25_7b,20260611_225910,0,mlx-community/Qwen2.5-7B-Instruct-4bit,qwen,mlx,4,l2_key_prefill_only,geometry,512,ruler,15687,,5.777125554065775,1.75390625,True,False,0.0,True,100.0,True,string_match_all,ruler_public_string_match,True,string_match_all,100.0,0.0,0.0,512,512,512.0,180.96071366703836,85.34838516599848,5.836954960948788,2.5412291571265087,0.030208988522645086,0.025755319133168086,1.0362657624355052,21.92924236290386,45.6012106324124,3612,3612,False,,,False
official_ruler_niah_single_qwen25_7b,20260611_225910,1,mlx-community/Qwen2.5-7B-Instruct-4bit,qwen,mlx,4,l2_key_prefill_only,geometry,512,ruler,15693,,6.701582885090683,1.90234375,True,False,0.02173913043478261,True,100.0,True,string_match_all,ruler_public_string_match,True,string_match_all,100.0,0.0,0.0,512,512,512.0,182.00952170800883,85.71468454197748,6.281384333007736,2.562353372981306,0.03176017198711634,0.027104803215479478,1.0404958962462842,20.377673648685867,49.07331510162294,3612,3612,False,,,False
official_ruler_niah_single_qwen25_7b,20260611_225910,2,mlx-community/Qwen2.5-7B-Instruct-4bit,qwen,mlx,4,l2_key_prefill_only,geometry,512,ruler,15687,,5.209014200987607,1.650390625,True,False,0.0,True,100.0,True,string_match_all,ruler_public_string_match,True,string_match_all,100.0,0.0,0.0,512,512,512.0,181.04516150002019,85.41257758400752,5.83795850808383,2.5503434141865,0.030274927499704063,0.02589583842200227,1.0393944567185827,21.925472718375474,45.60905084440492,3612,3612,False,,,False
official_ruler_niah_single_qwen25_7b,20260611_225910,3,mlx-community/Qwen2.5-7B-Instruct-4bit,qwen,mlx,4,l2_key_prefill_only,geometry,512,ruler,15687,,5.138281833772044,1.63671875,True,False,0.0,True,100.0,True,string_match_all,ruler_public_string_match,True,string_match_all,100.0,0.0,0.0,512,512,512.0,180.81906295899535,85.26908825000282,5.814327079948271,2.5931302939425223,0.030345345032401383,0.026127088494831696,1.0382673325075302,22.014585392251238,45.424430312095865,3612,3612,False,,,False
official_ruler_niah_single_qwen25_7b,20260611_225910,4,mlx-community/Qwen2.5-7B-Instruct-4bit,qwen,mlx,4,l2_key_prefill_only,geometry,512,ruler,15687,,6.727812138894691,1.90625,True,False,0.0,True,100.0,True,string_match_all,ruler_public_string_match,True,string_match_all,100.0,0.0,0.0,512,512,512.0,180.91165637399536,85.31221104197903,5.8220995028095786,2.6014083881746046,0.030700870673172176,0.026248794834828004,1.0502378873061389,21.9851962231547,45.48515236569983,3612,3612,False,,,False
official_ruler_niah_single_qwen25_7b,20260611_225910,5,mlx-community/Qwen2.5-7B-Instruct-4bit,qwen,mlx,4,l2_key_prefill_only,geometry,512,ruler,15690,,6.210068180303421,1.826171875,True,False,0.0,True,100.0,True,string_match_all,ruler_public_string_match,True,string_match_all,100.0,0.0,0.0,512,512,512.0,181.27893554099137,85.47822833398823,5.830730543093523,2.5964531242789235,0.03058891071123071,0.026164894981775433,1.044965254201088,21.952652254118565,45.55258236791815,3612,3612,False,,,False
official_ruler_niah_single_qwen25_7b,20260611_225910,6,mlx-community/Qwen2.5-7B-Instruct-4bit,qwen,mlx,4,l2_key_prefill_only,geometry,512,ruler,15690,,5.66538583090943,1.734375,True,False,0.0,True,100.0,True,string_match_all,ruler_public_string_match,True,string_match_all,100.0,0.0,0.0,512,512,512.0,181.12995704100467,85.41177858400624,5.823281831981149,2.5975997098139487,0.030253289180109277,0.025909025338478386,1.0417761151329614,21.980732462068197,45.49438931235272,3612,3612,False,,,False
official_ruler_niah_single_qwen25_7b,20260611_225910,7,mlx-community/Qwen2.5-7B-Instruct-4bit,qwen,mlx,4,l2_key_prefill_only,geometry,512,ruler,15687,,4.543382937534215,1.513671875,True,False,0.0,True,100.0,True,string_match_all,ruler_public_string_match,True,string_match_all,100.0,0.0,0.0,512,512,512.0,180.70437420901726,85.19445695800823,5.8216232841368765,2.6005861289449967,0.030064842605497688,0.025792441418161616,1.0450484260218218,21.986994649547732,45.48143190731935,3612,3612,False,,,False
official_ruler_niah_single_qwen25_7b,20260611_225910,8,mlx-community/Qwen2.5-7B-Instruct-4bit,qwen,mlx,4,l2_key_prefill_only,geometry,512,ruler,15693,,5.8566520921888525,1.767578125,True,False,0.020833333333333332,True,100.0,True,string_match_all,ruler_public_string_match,True,string_match_all,100.0,0.0,0.0,512,512,512.0,181.7074268750148,85.43424916698132,6.290122254053131,2.5575495497032534,0.031725510460091755,0.02736164568341337,1.0342870399472304,20.34936601073554,49.141580109790084,3612,3612,False,,,False
official_ruler_niah_single_qwen25_7b,20260611_225910,9,mlx-community/Qwen2.5-7B-Instruct-4bit,qwen,mlx,4,l2_key_prefill_only,geometry,512,ruler,15690,,6.149718140775787,1.81640625,True,False,0.0,True,100.0,True,string_match_all,ruler_public_string_match,True,string_match_all,100.0,0.0,0.0,512,512,512.0,182.09142637398327,85.77344558297773,6.260403581138235,2.59230179322185,0.030894397146767005,0.026558325364021584,1.0571697878767736,20.44596619707506,48.90940297764246,3612,3612,False,,,False
official_ruler_niah_single_qwen25_7b,20260611_225910,10,mlx-community/Qwen2.5-7B-Instruct-4bit,qwen,mlx,4,l2_key_prefill_only,geometry,512,ruler,15687,,5.363879496843748,1.6796875,True,False,0.0,True,100.0,True,string_match_all,ruler_public_string_match,True,string_match_all,100.0,0.0,0.0,512,512,512.0,181.38586491698516,85.33517020798172,6.265398415067466,2.565503704099683,0.03128301547258161,0.026782971515785903,1.0453853427898139,20.42966648252994,48.94842511771458,3612,3612,False,,,False
official_ruler_niah_single_qwen25_7b,20260611_225910,11,mlx-community/Qwen2.5-7B-Instruct-4bit,qwen,mlx,4,l2_key_prefill_only,geometry,512,ruler,15684,,5.4377173879024125,1.693359375,True,False,0.0,True,100.0,True,string_match_all,ruler_public_string_match,True,string_match_all,100.0,0.0,0.0,512,512,512.0,181.4490452920145,85.3590390419995,6.294026669143932,2.584067911375314,0.031033970590215176,0.02656028271303512,1.0445549323922023,20.336742554255753,49.17208335268697,3612,3612,False,,,False
official_ruler_niah_single_qwen25_7b,20260611_225910,12,mlx-community/Qwen2.5-7B-Instruct-4bit,qwen,mlx,4,l2_key_prefill_only,geometry,512,ruler,15687,,5.983839985957149,1.7890625,True,False,0.0,True,100.0,True,string_match_all,ruler_public_string_match,True,string_match_all,100.0,0.0,0.0,512,512,512.0,180.8436179170094,85.24835908299428,5.831672751926817,2.5861398414999712,0.03020354631007649,0.02583690913161263,1.0340116698935162,21.949105418802535,45.55994337442826,3612,3612,False,,,False
official_ruler_niah_single_qwen25_7b,20260611_225910,13,mlx-community/Qwen2.5-7B-Instruct-4bit,qwen,mlx,4,l2_key_prefill_only,geometry,512,ruler,15684,,5.491080233448797,1.703125,True,False,0.0,True,100.0,True,string_match_all,ruler_public_string_match,True,string_match_all,100.0,0.0,0.0,512,512,512.0,180.73239062499488,85.20298891598941,5.821009127947036,2.579805462999502,0.03033884902833961,0.025967205612687394,1.0477099879644811,21.98931442753866,45.47663381208622,3612,3612,False,,,False
official_ruler_niah_single_qwen25_7b,20260611_225910,14,mlx-community/Qwen2.5-7B-Instruct-4bit,qwen,mlx,4,l2_key_prefill_only,geometry,512,ruler,15687,,4.922172509432291,1.59375,True,False,0.02,True,100.0,True,string_match_all,ruler_public_string_match,True,string_match_all,100.0,0.0,0.0,512,512,512.0,181.9640749579994,85.5255906249804,6.266054000880104,2.318860793224303,0.03096447471762076,0.026894898619502783,0.9533497494121548,20.42752902895852,48.95354688187581,3612,3612,False,,,False
official_ruler_niah_single_qwen25_7b,20260611_225910,15,mlx-community/Qwen2.5-7B-Instruct-4bit,qwen,mlx,4,l2_key_prefill_only,geometry,512,ruler,15684,,6.714684704743925,1.904296875,True,False,0.0,True,100.0,True,string_match_all,ruler_public_string_match,True,string_match_all,100.0,0.0,0.0,512,512,512.0,182.2185260420083,85.78277900000103,6.35538458704832,2.55581288706162,0.031895366322714835,0.02730464344494976,1.0417617389466614,20.140401929546805,49.651442086315,3612,3612,False,,,False
official_ruler_niah_single_qwen25_7b,20260611_225910,16,mlx-community/Qwen2.5-7B-Instruct-4bit,qwen,mlx,4,l2_key_prefill_only,geometry,512,ruler,15684,,5.5666691396332775,1.716796875,True,False,0.0,True,100.0,True,string_match_all,ruler_public_string_match,True,string_match_all,100.0,0.0,0.0,512,512,512.0,180.12129049998475,84.8273687089968,5.845604130183347,2.6161606179666705,0.030795531522016972,0.02614702406572178,1.0489780261414126,21.896795805771628,45.668782267057395,3612,3612,False,,,False
official_ruler_niah_single_qwen25_7b,20260611_225910,17,mlx-community/Qwen2.5-7B-Instruct-4bit,qwen,mlx,4,l2_key_prefill_only,geometry,512,ruler,15684,,4.999685447724227,1.609375,True,False,0.0,True,100.0,True,string_match_all,ruler_public_string_match,True,string_match_all,100.0,0.0,0.0,512,512,512.0,180.31177716801176,84.96055470898864,5.843054289987776,2.5679847938299645,0.030703701719176024,0.026301720994524658,1.0420499182364438,21.90635131002142,45.6488616405295,3612,3612,False,,,False
official_ruler_niah_single_qwen25_7b,20260611_225910,18,mlx-community/Qwen2.5-7B-Instruct-4bit,qwen,mlx,4,l2_key_prefill_only,geometry,512,ruler,15696,,6.344931149723057,1.84765625,True,False,0.02222222222222222,True,100.0,True,string_match_all,ruler_public_string_match,True,string_match_all,100.0,0.0,0.0,512,512,512.0,181.49712004201137,85.38014433399076,6.319958540698281,2.558000922057545,0.030960094270994887,0.02670333965215832,1.0414775667304639,20.253297418919068,49.37467609920532,3612,3612,False,,,False
official_ruler_niah_single_qwen25_7b,20260611_225910,19,mlx-community/Qwen2.5-7B-Instruct-4bit,qwen,mlx,4,l2_key_prefill_only,geometry,512,ruler,15687,,5.128255921182873,1.634765625,True,False,0.0,True,100.0,True,string_match_all,ruler_public_string_match,True,string_match_all,100.0,0.0,0.0,512,512,512.0,181.92008637500112,85.31915374999517,6.414138875057688,2.553296173311537,0.03254813619423658,0.027451100992038846,1.0409856054757256,19.95591341150199,50.11045996138819,3612,3612,False,,,False
official_ruler_niah_single_qwen25_7b,20260611_225910,0,mlx-community/Qwen2.5-7B-Instruct-4bit,qwen,mlx,4,l2_leverage,geometry,512,ruler,15687,,5.84522448197963,1.765625,True,False,0.0,True,100.0,True,string_match_all,ruler_public_string_match,True,string_match_all,100.0,0.0,0.0,512,512,512.0,188.70931925001787,85.19381270799204,6.009242372063454,9.932510921236826,0.03613597064395435,0.026736064814031124,2.6115268504072446,21.300522108254945,46.947206031745736,3612,3612,False,,,False
official_ruler_niah_single_qwen25_7b,20260611_225910,1,mlx-community/Qwen2.5-7B-Instruct-4bit,qwen,mlx,4,l2_leverage,geometry,512,ruler,15693,,6.649430753324811,1.89453125,True,False,0.0,True,100.0,True,string_match_all,ruler_public_string_match,True,string_match_all,100.0,0.0,0.0,512,512,512.0,189.8584941670124,86.1246389169828,6.370778416021494,9.915374498901656,0.038427931343903765,0.027656041405862197,2.6033070883713663,20.0917363062103,49.77170637516792,3612,3612,False,,,False
official_ruler_niah_single_qwen25_7b,20260611_225910,2,mlx-community/Qwen2.5-7B-Instruct-4bit,qwen,mlx,4,l2_leverage,geometry,512,ruler,15687,,5.301388407866708,1.66796875,True,False,0.02222222222222222,True,100.0,True,string_match_all,ruler_public_string_match,True,string_match_all,100.0,0.0,0.0,512,512,512.0,188.32177512499038,85.32019529200625,5.86308390981867,9.949629956012359,0.036022699321620166,0.026214471174171194,2.626082012982806,21.83151426259542,45.80534304545836,3612,3612,False,,,False
official_ruler_niah_single_qwen25_7b,20260611_225910,3,mlx-community/Qwen2.5-7B-Instruct-4bit,qwen,mlx,4,l2_leverage,geometry,512,ruler,15687,,5.068509930010579,1.623046875,True,False,0.0,True,100.0,True,string_match_all,ruler_public_string_match,True,string_match_all,100.0,0.0,0.0,512,512,512.0,189.07298470797832,85.39486987501732,5.889156959048705,9.935036715265596,0.03716528046061285,0.027087330410722643,2.6028274757263716,21.73485965649594,46.00903874256801,3612,3612,False,,,False
official_ruler_niah_single_qwen25_7b,20260611_225910,4,mlx-community/Qwen2.5-7B-Instruct-4bit,qwen,mlx,4,l2_leverage,geometry,512,ruler,15687,,6.754144051095517,1.91015625,True,False,0.0,True,100.0,True,string_match_all,ruler_public_string_match,True,string_match_all,100.0,0.0,0.0,512,512,512.0,188.82788945897482,85.57015049998881,5.85178817200358,10.012000793707557,0.037317796697607264,0.02695075995870866,2.6257272239599843,21.87365575062748,45.71709509377797,3612,3612,False,,,False
official_ruler_niah_single_qwen25_7b,20260611_225910,5,mlx-community/Qwen2.5-7B-Instruct-4bit,qwen,mlx,4,l2_leverage,geometry,512,ruler,15690,,6.210068180303421,1.826171875,True,False,0.0,True,100.0,True,string_match_all,ruler_public_string_match,True,string_match_all,100.0,0.0,0.0,512,512,512.0,189.2659281239612,85.7524167500087,5.91158091800753,9.95952667799429,0.036775009240955114,0.026537534868111834,2.62587566752336,21.652414434537043,46.18422592193383,3612,3612,False,,,False
official_ruler_niah_single_qwen25_7b,20260611_225910,6,mlx-community/Qwen2.5-7B-Instruct-4bit,qwen,mlx,4,l2_leverage,geometry,512,ruler,15690,,5.654331423042719,1.732421875,True,False,0.0,True,100.0,True,string_match_all,ruler_public_string_match,True,string_match_all,100.0,0.0,0.0,512,512,512.0,189.19875933299772,85.71675062499708,5.853414003067883,9.993932247627527,0.036401181016117334,0.026777067861985415,2.618534866371192,21.867580173367685,45.729796898967834,3612,3612,False,,,False
official_ruler_niah_single_qwen25_7b,20260611_225910,7,mlx-community/Qwen2.5-7B-Instruct-4bit,qwen,mlx,4,l2_leverage,geometry,512,ruler,15687,,4.651126158960652,1.537109375,True,False,0.0,True,100.0,True,string_match_all,ruler_public_string_match,True,string_match_all,100.0,0.0,0.0,512,512,512.0,188.53840904097888,85.47285970899975,5.886430328944698,9.92087079337216,0.03676474271924235,0.027030817203922197,2.5999518033349887,21.744927374847137,45.98773694488045,3612,3612,False,,,False
official_ruler_niah_single_qwen25_7b,20260611_225910,8,mlx-community/Qwen2.5-7B-Instruct-4bit,qwen,mlx,4,l2_leverage,geometry,512,ruler,15693,,5.588456466628997,1.720703125,True,False,0.020202020202020204,True,100.0,True,string_match_all,ruler_public_string_match,True,string_match_all,100.0,0.0,0.0,512,512,512.0,189.45898054199643,85.6744428749953,6.289871539978776,10.001464719913201,0.03784988017287105,0.028175982064567506,2.651675554108806,20.35017713580076,49.13962140608419,3612,3612,False,,,False
official_ruler_niah_single_qwen25_7b,20260611_225910,9,mlx-community/Qwen2.5-7B-Instruct-4bit,qwen,mlx,4,l2_leverage,geometry,512,ruler,15690,,6.197950977946148,1.82421875,True,False,0.0,True,100.0,True,string_match_all,ruler_public_string_match,True,string_match_all,100.0,0.0,0.0,512,512,512.0,189.3636099169962,85.58360695900046,6.362512959662126,9.823696165083675,0.04089411409222521,0.02797310645109974,2.5590436934435274,20.11783721487261,49.70713249736036,3612,3612,False,,,False
official_ruler_niah_single_qwen25_7b,20260611_225910,10,mlx-community/Qwen2.5-7B-Instruct-4bit,qwen,mlx,4,l2_leverage,geometry,512,ruler,15687,,5.555807349639592,1.71484375,True,False,0.0,True,100.0,True,string_match_all,ruler_public_string_match,True,string_match_all,100.0,0.0,0.0,512,512,512.0,189.35356462496566,85.49842845799867,6.473483376874356,9.935941497853491,0.03801805479452014,0.027973330084932968,2.608249841083307,19.77297114213079,50.5740888818309,3612,3612,False,,,False
official_ruler_niah_single_qwen25_7b,20260611_225910,11,mlx-community/Qwen2.5-7B-Instruct-4bit,qwen,mlx,4,l2_leverage,geometry,512,ruler,15684,,5.588456466628997,1.720703125,True,False,0.0,True,100.0,True,string_match_all,ruler_public_string_match,True,string_match_all,100.0,0.0,0.0,512,512,512.0,189.08930525000324,85.58169862499926,6.315889207820874,9.960109501000261,0.03804136108374223,0.028277774195885286,2.596369505219627,20.266346635957365,49.342884436100576,3612,3612,False,,,False
official_ruler_niah_single_qwen25_7b,20260611_225910,12,mlx-community/Qwen2.5-7B-Instruct-4bit,qwen,mlx,4,l2_leverage,geometry,512,ruler,15687,,6.007260073480564,1.79296875,True,False,0.0,True,100.0,True,string_match_all,ruler_public_string_match,True,string_match_all,100.0,0.0,0.0,512,512,512.0,188.46701008296805,85.41610729097738,5.842497208097484,9.986970036901766,0.03705482871737331,0.02679302083561197,2.5964150536456145,21.90844007979957,45.64450943826159,3612,3612,False,,,False
official_ruler_niah_single_qwen25_7b,20260611_225910,13,mlx-community/Qwen2.5-7B-Instruct-4bit,qwen,mlx,4,l2_leverage,geometry,512,ruler,15684,,5.3429677124787425,1.67578125,True,False,0.020202020202020204,True,100.0,True,string_match_all,ruler_public_string_match,True,string_match_all,100.0,0.0,0.0,512,512,512.0,188.3890752499865,85.33888312499039,5.881619715888519,9.946558697178261,0.0366165631567128,0.026668480917578563,2.6009866726526525,21.762712685116778,45.95015403037905,3612,3612,False,,,False
official_ruler_niah_single_qwen25_7b,20260611_225910,14,mlx-community/Qwen2.5-7B-Instruct-4bit,qwen,mlx,4,l2_leverage,geometry,512,ruler,15687,,4.960777586890675,1.6015625,True,False,0.0,True,100.0,True,string_match_all,ruler_public_string_match,True,string_match_all,100.0,0.0,0.0,512,512,512.0,188.45732983399648,85.33025329100201,5.861150331969839,9.94522132986458,0.037330611783545464,0.027080034953542054,2.606178530375473,21.838716420873862,45.790236968514364,3612,3612,False,,,False
official_ruler_niah_single_qwen25_7b,20260611_225910,15,mlx-community/Qwen2.5-7B-Instruct-4bit,qwen,mlx,4,l2_leverage,geometry,512,ruler,15684,,6.914313961501128,1.93359375,True,False,0.0,True,100.0,True,string_match_all,ruler_public_string_match,True,string_match_all,100.0,0.0,0.0,512,512,512.0,189.8865975830122,85.46992750000209,7.036571825970896,10.374586201098282,0.055189510487252846,0.04546578667941503,2.6910187426547054,18.190676250553125,54.97321739039762,3612,3612,False,,,False
official_ruler_niah_single_qwen25_7b,20260611_225910,16,mlx-community/Qwen2.5-7B-Instruct-4bit,qwen,mlx,4,l2_leverage,geometry,512,ruler,15684,,5.799736584178129,1.7578125,True,False,0.0,True,100.0,True,string_match_all,ruler_public_string_match,True,string_match_all,100.0,0.0,0.0,512,512,512.0,184.69922379101627,83.51046562500414,5.6718456611270085,10.12590116795036,0.037000531010562554,0.027492183435242623,2.787779718899401,22.567609848284572,44.311294227554754,3612,3612,False,,,False
official_ruler_niah_single_qwen25_7b,20260611_225910,17,mlx-community/Qwen2.5-7B-Instruct-4bit,qwen,mlx,4,l2_leverage,geometry,512,ruler,15684,,4.97047607371054,1.603515625,True,False,0.020833333333333332,True,100.0,True,string_match_all,ruler_public_string_match,True,string_match_all,100.0,0.0,0.0,512,512,512.0,185.0290634179837,83.65971954198903,5.671721787104616,10.110701925150352,0.03619795371196233,0.026867669395869598,2.801120981341228,22.56810273928181,44.31032646175481,3612,3612,False,,,False
official_ruler_niah_single_qwen25_7b,20260611_225910,18,mlx-community/Qwen2.5-7B-Instruct-4bit,qwen,mlx,4,l2_leverage,geometry,512,ruler,15696,,6.495396855827752,1.87109375,True,False,0.0,True,100.0,True,string_match_all,ruler_public_string_match,True,string_match_all,100.0,0.0,0.0,512,512,512.0,186.43760224897414,84.10617225000169,6.178136542061111,10.04837233183207,0.037586862192256376,0.02787965117022395,2.7209924480703194,20.7182212838076,48.26669173485243,3612,3612,False,,,False
official_ruler_niah_single_qwen25_7b,20260611_225910,19,mlx-community/Qwen2.5-7B-Instruct-4bit,qwen,mlx,4,l2_leverage,geometry,512,ruler,15687,,5.058620157678194,1.62109375,True,False,0.0,True,100.0,True,string_match_all,ruler_public_string_match,True,string_match_all,100.0,0.0,0.0,512,512,512.0,188.0065407079819,84.0890430000145,6.096369042090373,10.112473881978076,0.038030819880077615,0.027931750693824142,2.7403623776335735,20.99610425751232,47.62788314133104,3612,3612,False,,,False
official_ruler_niah_single_qwen25_7b,20260611_225910,0,mlx-community/Qwen2.5-7B-Instruct-4bit,qwen,mlx,4,l1_prefill_only,geometry,512,ruler,15687,,5.9025863838522366,1.775390625,True,False,0.02197802197802198,True,100.0,True,string_match_all,ruler_public_string_match,True,string_match_all,100.0,0.0,0.0,512,512,512.0,176.98687833396252,84.03707083300105,5.68124958203407,2.536127660656348,0.2727944339858368,0.02686666088993661,1.0338807490770705,22.53025468283896,44.38476235964117,3612,3612,False,,,False
official_ruler_niah_single_qwen25_7b,20260611_225910,1,mlx-community/Qwen2.5-7B-Instruct-4bit,qwen,mlx,4,l1_prefill_only,geometry,512,ruler,15693,,6.873918863717232,1.927734375,True,False,0.0,True,100.0,True,string_match_all,ruler_public_string_match,True,string_match_all,100.0,0.0,0.0,512,512,512.0,177.54178966596373,84.25789795798482,6.10321141325403,2.565889532706933,0.32527512600063346,0.026674438558984548,1.0363161132845562,20.97256531570068,47.68133916604711,3612,3612,False,,,False
official_ruler_niah_single_qwen25_7b,20260611_225910,2,mlx-community/Qwen2.5-7B-Instruct-4bit,qwen,mlx,4,l1_prefill_only,geometry,512,ruler,15687,,5.427107211002928,1.69140625,True,False,0.021276595744680854,True,100.0,True,string_match_all,ruler_public_string_match,True,string_match_all,100.0,0.0,0.0,512,512,512.0,175.0526865410211,83.25393929198617,5.668212542892434,2.530542425782187,0.2473886939114891,0.026370064850198105,1.0254189636325464,22.5820748660005,44.28291049134714,3612,3612,False,,,False
official_ruler_niah_single_qwen25_7b,20260611_225910,3,mlx-community/Qwen2.5-7B-Instruct-4bit,qwen,mlx,4,l1_prefill_only,geometry,512,ruler,15687,,5.209014200987607,1.650390625,True,False,0.0,True,100.0,True,string_match_all,ruler_public_string_match,True,string_match_all,100.0,0.0,0.0,512,512,512.0,175.4959112929937,83.14340299999458,5.664148957992438,2.5149220948806033,0.24355910855229013,0.02592188643757254,1.0211068297212478,22.59827574262232,44.251163734315924,3612,3612,False,,,False
official_ruler_niah_single_qwen25_7b,20260611_225910,4,mlx-community/Qwen2.5-7B-Instruct-4bit,qwen,mlx,4,l1_prefill_only,geometry,512,ruler,15687,,6.941375821197036,1.9375,True,False,0.0,True,100.0,True,string_match_all,ruler_public_string_match,True,string_match_all,100.0,0.0,0.0,512,512,512.0,179.4634533749777,83.37373254200793,5.6732658009568695,2.571746206842363,0.24508370624971576,0.026244438340654597,1.029537550843088,22.561960692624545,44.32238906997554,3612,3612,False,,,False
official_ruler_niah_single_qwen25_7b,20260611_225910,5,mlx-community/Qwen2.5-7B-Instruct-4bit,qwen,mlx,4,l1_prefill_only,geometry,512,ruler,15690,,5.811075264019165,1.759765625,True,False,0.0,True,100.0,True,string_match_all,ruler_public_string_match,True,string_match_all,100.0,0.0,0.0,512,512,512.0,185.30634887499036,88.31031695799902,5.851864834956359,2.5296887040603906,0.2525344054447487,0.025707459630211815,1.0162064718606416,21.873369192566898,45.717694023096556,3612,3612,False,,,False
official_ruler_niah_single_qwen25_7b,20260611_225910,6,mlx-community/Qwen2.5-7B-Instruct-4bit,qwen,mlx,4,l1_prefill_only,geometry,512,ruler,15690,,5.588456466628997,1.720703125,True,False,0.0,True,100.0,True,string_match_all,ruler_public_string_match,True,string_match_all,100.0,0.0,0.0,512,512,512.0,186.55962899999577,88.79601758299395,5.838849344319897,2.5682392898306716,0.2513186222349759,0.0260996526631061,1.035265309677925,21.922127537769054,45.61601050249919,3612,3612,False,,,False
official_ruler_niah_single_qwen25_7b,20260611_225910,7,mlx-community/Qwen2.5-7B-Instruct-4bit,qwen,mlx,4,l1_prefill_only,geometry,512,ruler,15687,,4.687605393544834,1.544921875,True,False,0.020408163265306124,True,100.0,True,string_match_all,ruler_public_string_match,True,string_match_all,100.0,0.0,0.0,512,512,512.0,185.47208462501294,88.2546905830095,5.8354906179592945,2.5400858380598947,0.2470235758810304,0.025841780443442985,1.026895237097051,21.9347452305154,45.58977045280699,3612,3612,False,,,False
official_ruler_niah_single_qwen25_7b,20260611_225910,8,mlx-community/Qwen2.5-7B-Instruct-4bit,qwen,mlx,4,l1_prefill_only,geometry,512,ruler,15693,,5.777125554065775,1.75390625,True,False,0.0,True,100.0,True,string_match_all,ruler_public_string_match,True,string_match_all,100.0,0.0,0.0,512,512,512.0,187.85963874997105,89.39882962498814,6.26094449518132,2.5666310387896374,0.3053424824611284,0.02638761352864094,1.0204915988142602,20.444199768663346,48.913628868604064,3612,3612,False,,,False
official_ruler_niah_single_qwen25_7b,20260611_225910,9,mlx-community/Qwen2.5-7B-Instruct-4bit,qwen,mlx,4,l1_prefill_only,geometry,512,ruler,15690,,6.137718694555804,1.814453125,True,False,0.023255813953488372,True,100.0,True,string_match_all,ruler_public_string_match,True,string_match_all,100.0,0.0,0.0,512,512,512.0,187.53342479100684,89.20642833400052,6.305782955838367,2.611741876899032,0.3046561977826059,0.026594822498736903,1.0410055036481936,20.298827424988993,49.263929342487245,3612,3612,False,,,False
official_ruler_niah_single_qwen25_7b,20260611_225910,10,mlx-community/Qwen2.5-7B-Instruct-4bit,qwen,mlx,4,l1_prefill_only,geometry,512,ruler,15687,,5.599382086743113,1.72265625,True,False,0.022727272727272724,True,100.0,True,string_match_all,ruler_public_string_match,True,string_match_all,100.0,0.0,0.0,512,512,512.0,186.20641024998622,88.68904654198559,6.295922254037578,2.577114370011259,0.3088155407458544,0.026538989623077214,1.033192485658219,20.330619539959145,49.186892609668575,3612,3612,False,,,False
official_ruler_niah_single_qwen25_7b,20260611_225910,11,mlx-community/Qwen2.5-7B-Instruct-4bit,qwen,mlx,4,l1_prefill_only,geometry,512,ruler,15684,,5.46967254040864,1.69921875,True,False,0.0,True,100.0,True,string_match_all,ruler_public_string_match,True,string_match_all,100.0,0.0,0.0,512,512,512.0,186.9628207499918,88.79246575001162,6.287882664066274,2.5962212039448787,0.34652426550746895,0.02666745299939066,1.0346643461671192,20.356613957109758,49.12408331301776,3612,3612,False,,,False
official_ruler_niah_single_qwen25_7b,20260611_225910,12,mlx-community/Qwen2.5-7B-Instruct-4bit,qwen,mlx,4,l1_prefill_only,geometry,512,ruler,15687,,6.3325508001919495,1.845703125,True,False,0.0,True,100.0,True,string_match_all,ruler_public_string_match,True,string_match_all,100.0,0.0,0.0,512,512,512.0,185.55046091700206,88.38158000001567,5.840015788853634,2.5986727070703637,0.25831242522690445,0.026351273845648393,1.035165330977179,21.917748962991375,45.62512335041902,3612,3612,False,,,False
official_ruler_niah_single_qwen25_7b,20260611_225910,13,mlx-community/Qwen2.5-7B-Instruct-4bit,qwen,mlx,4,l1_prefill_only,geometry,512,ruler,15684,,4.951098023941522,1.599609375,True,False,0.020202020202020204,True,100.0,True,string_match_all,ruler_public_string_match,True,string_match_all,100.0,0.0,0.0,512,512,512.0,185.6769464579993,88.47416170799988,5.878257498843595,2.5560308323183563,0.25153052477980964,0.025891345081618056,1.0292730602668598,21.775160415340924,45.92388670971559,3612,3612,False,,,False
official_ruler_niah_single_qwen25_7b,20260611_225910,14,mlx-community/Qwen2.5-7B-Instruct-4bit,qwen,mlx,4,l1_prefill_only,geometry,512,ruler,15687,,5.188706179193045,1.646484375,True,False,0.0,True,100.0,True,string_match_all,ruler_public_string_match,True,string_match_all,100.0,0.0,0.0,512,512,512.0,185.42695337496116,88.39169270798448,5.851998286001617,2.563443119142903,0.25403833552263677,0.02574476072913967,1.0374600717623252,21.872870384494952,45.71873660938763,3612,3612,False,,,False
official_ruler_niah_single_qwen25_7b,20260611_225910,15,mlx-community/Qwen2.5-7B-Instruct-4bit,qwen,mlx,4,l1_prefill_only,geometry,512,ruler,15684,,6.995817706509171,1.9453125,True,False,0.020202020202020204,True,100.0,True,string_match_all,ruler_public_string_match,True,string_match_all,100.0,0.0,0.0,512,512,512.0,185.84081729201716,88.3847745420062,6.423183540959144,2.53377950398135,0.29815688950475305,0.02665394835639745,1.0248639348137658,19.927812926997,50.18112141374331,3612,3612,False,,,False
official_ruler_niah_single_qwen25_7b,20260611_225910,16,mlx-community/Qwen2.5-7B-Instruct-4bit,qwen,mlx,4,l1_prefill_only,geometry,512,ruler,15684,,5.868102043759899,1.76953125,True,False,0.0,True,100.0,True,string_match_all,ruler_public_string_match,True,string_match_all,100.0,0.0,0.0,512,512,512.0,186.19087654197938,88.31668354201247,5.8524706228636205,2.584583281102823,0.24970739518175833,0.025863841321552172,1.0355143512424547,21.87110508508105,45.722426741122035,3612,3612,False,,,False
official_ruler_niah_single_qwen25_7b,20260611_225910,17,mlx-community/Qwen2.5-7B-Instruct-4bit,qwen,mlx,4,l1_prefill_only,geometry,512,ruler,15684,,5.599382086743113,1.72265625,True,False,0.0,True,100.0,True,string_match_all,ruler_public_string_match,True,string_match_all,100.0,0.0,0.0,512,512,512.0,186.6566700830299,88.61760749999667,5.883547417150112,2.58508996386081,0.2814181000867393,0.027569541678531095,1.0264011240797117,21.75558229154223,45.96521419648525,3612,3612,False,,,False
official_ruler_niah_single_qwen25_7b,20260611_225910,18,mlx-community/Qwen2.5-7B-Instruct-4bit,qwen,mlx,4,l1_prefill_only,geometry,512,ruler,15696,,6.44484927647148,1.86328125,True,False,0.0,True,100.0,True,string_match_all,ruler_public_string_match,True,string_match_all,100.0,0.0,0.0,512,512,512.0,190.2288928340131,90.60213008301798,6.513928127998952,2.362377374985954,0.3107330219645519,0.02674948758794926,0.9606727321806829,19.650201458289807,50.89006349999181,3612,3612,False,,,False
official_ruler_niah_single_qwen25_7b,20260611_225910,19,mlx-community/Qwen2.5-7B-Instruct-4bit,qwen,mlx,4,l1_prefill_only,geometry,512,ruler,15687,,5.260132675970259,1.66015625,True,False,0.0,True,100.0,True,string_match_all,ruler_public_string_match,True,string_match_all,100.0,0.0,0.0,512,512,512.0,187.69866816699505,89.24232900000061,6.301609624992125,2.579537588811945,0.31666667346144095,0.02646494295913726,1.0309994182607625,20.31227061294835,49.231325195250975,3612,3612,False,,,False
official_ruler_niah_single_qwen25_7b,20260611_225910,0,mlx-community/Qwen2.5-7B-Instruct-4bit,qwen,mlx,4,l1_leverage,geometry,512,ruler,15687,,5.9025863838522366,1.775390625,True,False,0.0,True,100.0,True,string_match_all,ruler_public_string_match,True,string_match_all,100.0,0.0,0.0,512,512,512.0,188.16170904200408,89.22903587497422,5.89518170899828,3.12063066122937,0.4750417295144871,0.026401054084999487,1.089711020962568,21.71264709357873,46.05610710154906,3612,3612,False,,,False
official_ruler_niah_single_qwen25_7b,20260611_225910,1,mlx-community/Qwen2.5-7B-Instruct-4bit,qwen,mlx,4,l1_leverage,geometry,512,ruler,15693,,6.873918863717232,1.927734375,True,False,0.0,True,100.0,True,string_match_all,ruler_public_string_match,True,string_match_all,100.0,0.0,0.0,512,512,512.0,190.3772496250167,90.32134166697506,6.322648003173526,3.1174511620774865,0.5456197522289585,0.026750976190669462,1.0725870072492398,20.244682281182342,49.395687524793175,3612,3612,False,,,False
official_ruler_niah_single_qwen25_7b,20260611_225910,2,mlx-community/Qwen2.5-7B-Instruct-4bit,qwen,mlx,4,l1_leverage,geometry,512,ruler,15687,,5.427107211002928,1.69140625,True,False,0.02,True,100.0,True,string_match_all,ruler_public_string_match,True,string_match_all,100.0,0.0,0.0,512,512,512.0,190.5845251250139,90.48230962501839,6.242413634026889,3.1051934122515377,0.5348810095747467,0.027719818230252713,1.0569981206499506,20.50488921501171,48.76885651583507,3612,3612,False,,,False
official_ruler_niah_single_qwen25_7b,20260611_225910,3,mlx-community/Qwen2.5-7B-Instruct-4bit,qwen,mlx,4,l1_leverage,geometry,512,ruler,15687,,5.209014200987607,1.650390625,True,False,0.0,True,100.0,True,string_match_all,ruler_public_string_match,True,string_match_all,100.0,0.0,0.0,512,512,512.0,191.08833683401463,90.57855733297765,5.845481086260406,3.0890065002604388,0.47030488957534544,0.026318123564124107,1.0621776434127241,21.897256720385155,45.667820986409424,3612,3612,False,,,False
official_ruler_niah_single_qwen25_7b,20260611_225910,4,mlx-community/Qwen2.5-7B-Instruct-4bit,qwen,mlx,4,l1_leverage,geometry,512,ruler,15687,,6.941375821197036,1.9375,True,False,0.0,True,100.0,True,string_match_all,ruler_public_string_match,True,string_match_all,100.0,0.0,0.0,512,512,512.0,191.77757500001462,90.26174595797784,5.957077133352868,3.0995021679555066,0.48043316090479493,0.026588709646603093,1.0611744516936596,21.48704761322383,46.53966510431928,3612,3612,False,,,False
official_ruler_niah_single_qwen25_7b,20260611_225910,5,mlx-community/Qwen2.5-7B-Instruct-4bit,qwen,mlx,4,l1_leverage,geometry,512,ruler,15690,,5.811075264019165,1.759765625,True,False,0.0,True,100.0,True,string_match_all,ruler_public_string_match,True,string_match_all,100.0,0.0,0.0,512,512,512.0,187.69252558297012,92.95838179098791,6.033342501905281,3.045160661014961,0.49936727099702694,0.026603336271364242,1.0471318260824773,21.21543737316067,47.13548829613501,3612,3612,False,,,False
official_ruler_niah_single_qwen25_7b,20260611_225910,6,mlx-community/Qwen2.5-7B-Instruct-4bit,qwen,mlx,4,l1_leverage,geometry,512,ruler,15690,,5.588456466628997,1.720703125,True,False,0.0,True,100.0,True,string_match_all,ruler_public_string_match,True,string_match_all,100.0,0.0,0.0,512,512,512.0,182.42288349897717,85.7224417499965,5.796320293768076,3.014126876107184,0.46843566704774275,0.02643799185170792,1.0303551767137833,22.082975666065146,45.283752295063096,3612,3612,False,,,False
official_ruler_niah_single_qwen25_7b,20260611_225910,7,mlx-community/Qwen2.5-7B-Instruct-4bit,qwen,mlx,4,l1_leverage,geometry,512,ruler,15687,,4.687605393544834,1.544921875,True,False,0.02,True,100.0,True,string_match_all,ruler_public_string_match,True,string_match_all,100.0,0.0,0.0,512,512,512.0,187.8016678749991,88.69974024998373,5.73815129805007,3.036115133727435,0.47097387586836703,0.025763380428543314,1.0454805116169155,22.30683600892447,44.82930701601617,3612,3612,False,,,False
official_ruler_niah_single_qwen25_7b,20260611_225910,8,mlx-community/Qwen2.5-7B-Instruct-4bit,qwen,mlx,4,l1_leverage,geometry,512,ruler,15693,,5.777125554065775,1.75390625,True,False,0.020408163265306124,True,100.0,True,string_match_all,ruler_public_string_match,True,string_match_all,100.0,0.0,0.0,512,512,512.0,183.63171924999915,88.43700841601822,6.254000922344858,3.0453412921051495,0.5511115996341687,0.03321163199143484,1.047604336956283,20.466898164768423,48.8593822058192,3612,3612,False,,,False
official_ruler_niah_single_qwen25_7b,20260611_225910,9,mlx-community/Qwen2.5-7B-Instruct-4bit,qwen,mlx,4,l1_leverage,geometry,512,ruler,15690,,6.137718694555804,1.814453125,True,False,0.0,True,100.0,True,string_match_all,ruler_public_string_match,True,string_match_all,100.0,0.0,0.0,512,512,512.0,177.71774212500895,83.93712312498246,5.785786457039649,3.0190095812722575,0.4667790121457074,0.026523258886300027,1.0496218655025586,22.123180824321743,45.201456695622255,3612,3612,False,,,False
official_ruler_niah_single_qwen25_7b,20260611_225910,10,mlx-community/Qwen2.5-7B-Instruct-4bit,qwen,mlx,4,l1_leverage,geometry,512,ruler,15687,,5.599382086743113,1.72265625,True,False,0.02173913043478261,True,100.0,True,string_match_all,ruler_public_string_match,True,string_match_all,100.0,0.0,0.0,512,512,512.0,177.0713620420138,83.80773362499895,6.177722878026543,3.0532916261581704,0.5577773867407814,0.026538163278019056,1.041023861413123,20.719608588349182,48.26345998458237,3612,3612,False,,,False
official_ruler_niah_single_qwen25_7b,20260611_225910,11,mlx-community/Qwen2.5-7B-Instruct-4bit,qwen,mlx,4,l1_leverage,geometry,512,ruler,15684,,5.46967254040864,1.69921875,True,False,0.0,True,100.0,True,string_match_all,ruler_public_string_match,True,string_match_all,100.0,0.0,0.0,512,512,512.0,179.53886312400573,84.65296566599864,6.273533622123068,3.1588504577521235,0.5208527772629168,0.026645176258170977,1.0700762366177514,20.40317430492748,49.01198142283647,3612,3612,False,,,False
official_ruler_niah_single_qwen25_7b,20260611_225910,12,mlx-community/Qwen2.5-7B-Instruct-4bit,qwen,mlx,4,l1_leverage,geometry,512,ruler,15687,,6.3325508001919495,1.845703125,True,False,0.0,True,100.0,True,string_match_all,ruler_public_string_match,True,string_match_all,100.0,0.0,0.0,512,512,512.0,179.0498815419851,84.79702704100055,5.832303872070042,3.0933919989620335,0.4694943599461112,0.025756610237294808,1.0616575254243799,21.94673028148812,45.564874000547206,3612,3612,False,,,False
official_ruler_niah_single_qwen25_7b,20260611_225910,13,mlx-community/Qwen2.5-7B-Instruct-4bit,qwen,mlx,4,l1_leverage,geometry,512,ruler,15684,,4.951098023941522,1.599609375,True,False,0.02,True,100.0,True,string_match_all,ruler_public_string_match,True,string_match_all,100.0,0.0,0.0,512,512,512.0,178.92582900001435,84.68214120800258,5.8365935891342815,3.1252624060725793,0.4709784364385996,0.02587485231924802,1.0589903486834373,21.93060010864757,45.598387415111574,3612,3612,False,,,False
official_ruler_niah_single_qwen25_7b,20260611_225910,14,mlx-community/Qwen2.5-7B-Instruct-4bit,qwen,mlx,4,l1_leverage,geometry,512,ruler,15687,,5.188706179193045,1.646484375,True,False,0.0196078431372549,True,100.0,True,string_match_all,ruler_public_string_match,True,string_match_all,100.0,0.0,0.0,512,512,512.0,178.80942945898278,84.6602032079827,5.829733334976481,3.0876432510267477,0.4680169180210214,0.025836729852017015,1.0580084749672096,21.956407376653427,45.54479167950376,3612,3612,False,,,False
official_ruler_niah_single_qwen25_7b,20260611_225910,15,mlx-community/Qwen2.5-7B-Instruct-4bit,qwen,mlx,4,l1_leverage,geometry,512,ruler,15684,,6.995817706509171,1.9453125,True,False,0.020202020202020204,True,100.0,True,string_match_all,ruler_public_string_match,True,string_match_all,100.0,0.0,0.0,512,512,512.0,178.75632549999864,84.61175408298732,5.854183795017889,3.0853449612041004,0.4759094331820961,0.026530976057983935,1.0522152656922117,21.8647047106605,45.735810898577256,3612,3612,False,,,False
official_ruler_niah_single_qwen25_7b,20260611_225910,16,mlx-community/Qwen2.5-7B-Instruct-4bit,qwen,mlx,4,l1_leverage,geometry,512,ruler,15684,,5.868102043759899,1.76953125,True,False,0.0,True,100.0,True,string_match_all,ruler_public_string_match,True,string_match_all,100.0,0.0,0.0,512,512,512.0,178.6665426660038,84.55958320799982,5.821977702114964,3.1418859128898475,0.4664437130850274,0.025721754966070876,1.0971838390978519,21.9856561720429,45.484200797773156,3612,3612,False,,,False
official_ruler_niah_single_qwen25_7b,20260611_225910,17,mlx-community/Qwen2.5-7B-Instruct-4bit,qwen,mlx,4,l1_leverage,geometry,512,ruler,15684,,5.599382086743113,1.72265625,True,False,0.0,True,100.0,True,string_match_all,ruler_public_string_match,True,string_match_all,100.0,0.0,0.0,512,512,512.0,178.6625071669987,84.53160887499689,5.826771704072598,3.143940495705465,0.47080150604597293,0.026090852450579405,1.0994471223384608,21.967567377066604,45.521653938067175,3612,3612,False,,,False
official_ruler_niah_single_qwen25_7b,20260611_225910,18,mlx-community/Qwen2.5-7B-Instruct-4bit,qwen,mlx,4,l1_leverage,geometry,512,ruler,15696,,6.44484927647148,1.86328125,True,False,0.0,True,100.0,True,string_match_all,ruler_public_string_match,True,string_match_all,100.0,0.0,0.0,512,512,512.0,180.1253218750062,85.27662104100455,6.274708376091439,3.1541196731559467,0.5194152396579739,0.026437990280101076,1.1136708676349372,20.399354412663893,49.02115918821437,3612,3612,False,,,False
official_ruler_niah_single_qwen25_7b,20260611_225910,19,mlx-community/Qwen2.5-7B-Instruct-4bit,qwen,mlx,4,l1_leverage,geometry,512,ruler,15687,,5.260132675970259,1.66015625,True,False,0.0,True,100.0,True,string_match_all,ruler_public_string_match,True,string_match_all,100.0,0.0,0.0,512,512,512.0,179.33741304199793,84.73642945900792,6.303145670128288,3.0845138767908793,0.5315365351852961,0.02782266223221086,1.0649192161799874,20.307320613993493,49.24332554787725,3612,3612,False,,,False
official_ruler_niah_single_qwen25_7b,20260611_225910,0,mlx-community/Qwen2.5-7B-Instruct-4bit,qwen,mlx,4,attention_l2,hybrid,512,ruler,15687,,5.709820002693286,1.7421875,True,False,0.021052631578947368,True,100.0,True,string_match_all,ruler_public_string_match,True,string_match_all,100.0,0.0,0.0,512,512,512.0,256.8856689579843,84.64942845801124,10.430113287991844,24.352005874330644,37.33707147944369,10.476214599126251,1.3081878152152058,12.272158169879706,81.48526006243628,3612,3612,False,,,False
official_ruler_niah_single_qwen25_7b,20260611_225910,1,mlx-community/Qwen2.5-7B-Instruct-4bit,qwen,mlx,4,attention_l2,hybrid,512,ruler,15693,,6.369764508102507,1.8515625,True,False,0.0,True,100.0,True,string_match_all,ruler_public_string_match,True,string_match_all,100.0,0.0,0.0,512,512,512.0,252.3716127910011,84.10885454202071,8.149038718111115,24.180085422995035,34.418015594710596,10.188291420898167,1.2743483165977523,15.70737413672142,63.66436498524308,3612,3612,False,,,False
official_ruler_niah_single_qwen25_7b,20260611_225910,2,mlx-community/Qwen2.5-7B-Instruct-4bit,qwen,mlx,4,attention_l2,hybrid,512,ruler,15687,,5.1483273473571085,1.638671875,True,False,0.01923076923076923,True,100.0,True,string_match_all,ruler_public_string_match,True,string_match_all,100.0,0.0,0.0,512,512,512.0,259.70311445900006,84.55152462501428,8.152787875995273,24.252384369203355,34.94732270692475,12.8905652849935,1.2979818485619035,15.700150911184362,63.69365528121307,3612,3612,False,,,False
official_ruler_niah_single_qwen25_7b,20260611_225910,3,mlx-community/Qwen2.5-7B-Instruct-4bit,qwen,mlx,4,attention_l2,hybrid,512,ruler,15687,,5.038898466692391,1.6171875,True,False,0.0,True,100.0,True,string_match_all,ruler_public_string_match,True,string_match_all,100.0,0.0,0.0,512,512,512.0,259.28618075101986,84.7126052500098,11.17158019708586,24.20460425093188,35.87480207585031,10.197739227674901,1.275727579195518,11.4576450011422,87.27797028973328,3612,3612,False,,,False
official_ruler_niah_single_qwen25_7b,20260611_225910,4,mlx-community/Qwen2.5-7B-Instruct-4bit,qwen,mlx,4,attention_l2,hybrid,512,ruler,15687,,6.662430613808609,1.896484375,True,False,0.0,True,100.0,True,string_match_all,ruler_public_string_match,True,string_match_all,100.0,0.0,0.0,512,512,512.0,250.80294433402014,84.86747470800765,7.523483873956138,24.25664948229678,34.060275369818555,10.201725587248802,1.2772315452166367,17.01339461138403,58.77721776528233,3612,3612,False,,,False
official_ruler_niah_single_qwen25_7b,20260611_225910,5,mlx-community/Qwen2.5-7B-Instruct-4bit,qwen,mlx,4,attention_l2,hybrid,512,ruler,15690,,6.054375598181287,1.80078125,True,False,0.0,True,100.0,True,string_match_all,ruler_public_string_match,True,string_match_all,100.0,0.0,0.0,512,512,512.0,256.2886913330003,85.19550070900004,8.320814331033034,24.29957425178145,34.632194954989245,10.220035889942665,1.2859262621495873,15.383109742350028,65.00636196119558,3612,3612,False,,,False
official_ruler_niah_single_qwen25_7b,20260611_225910,6,mlx-community/Qwen2.5-7B-Instruct-4bit,qwen,mlx,4,attention_l2,hybrid,512,ruler,15690,,5.363879496843748,1.6796875,True,False,0.0,True,100.0,True,string_match_all,ruler_public_string_match,True,string_match_all,100.0,0.0,0.0,512,512,512.0,259.7094370839768,84.91610929102171,10.202304831007496,24.05624529198394,35.33196076753666,10.106126343016513,1.2772606650250964,12.546184623985576,79.70550649224606,3612,3612,False,,,False
official_ruler_niah_single_qwen25_7b,20260611_225910,7,mlx-community/Qwen2.5-7B-Instruct-4bit,qwen,mlx,4,attention_l2,hybrid,512,ruler,15687,,4.570082466823121,1.51953125,True,False,0.0,True,100.0,True,string_match_all,ruler_public_string_match,True,string_match_all,100.0,0.0,0.0,512,512,512.0,257.0961794590112,84.67818037499092,9.718925284949364,24.102968458813848,36.79842828787514,10.169961489620619,1.2833803638641257,13.170180472342924,75.92910378866691,3612,3612,False,,,False
official_ruler_niah_single_qwen25_7b,20260611_225910,8,mlx-community/Qwen2.5-7B-Instruct-4bit,qwen,mlx,4,attention_l2,hybrid,512,ruler,15693,,5.448348308054142,1.6953125,True,False,0.0,True,100.0,True,string_match_all,ruler_public_string_match,True,string_match_all,100.0,0.0,0.0,512,512,512.0,254.96871516600368,85.07635333298822,9.812084993085591,24.144518879649695,34.183574233640684,10.128905965335434,1.2784206292417366,13.045137714379708,76.65691400848118,3612,3612,False,,,False
official_ruler_niah_single_qwen25_7b,20260611_225910,9,mlx-community/Qwen2.5-7B-Instruct-4bit,qwen,mlx,4,attention_l2,hybrid,512,ruler,15690,,5.995538594132881,1.791015625,True,False,0.0,True,100.0,True,string_match_all,ruler_public_string_match,True,string_match_all,100.0,0.0,0.0,512,512,512.0,258.400533292006,85.0568075409974,9.88713458404527,24.043819252052344,34.78278079678421,10.130428568285424,1.2800206015526783,12.94611688674207,77.24323893785368,3612,3612,False,,,False
official_ruler_niah_single_qwen25_7b,20260611_225910,10,mlx-community/Qwen2.5-7B-Instruct-4bit,qwen,mlx,4,attention_l2,hybrid,512,ruler,15687,,5.374366061438169,1.681640625,True,False,0.0,True,100.0,True,string_match_all,ruler_public_string_match,True,string_match_all,100.0,0.0,0.0,512,512,512.0,261.8912073329848,84.737767832994,11.092480621940922,24.132489011011785,37.620728913956555,10.193188793899026,1.2710066130384803,11.53934853370995,86.66000485891345,3612,3612,False,,,False
official_ruler_niah_single_qwen25_7b,20260611_225910,11,mlx-community/Qwen2.5-7B-Instruct-4bit,qwen,mlx,4,attention_l2,hybrid,512,ruler,15684,,5.491080233448797,1.703125,True,False,0.0,True,100.0,True,string_match_all,ruler_public_string_match,True,string_match_all,100.0,0.0,0.0,512,512,512.0,255.08682599998428,84.7793669590028,9.733302913082298,24.1838281682285,34.95506622371613,10.199759723065654,1.2724138958146796,13.150726032368548,76.04142900845545,3612,3612,False,,,False
official_ruler_niah_single_qwen25_7b,20260611_225910,12,mlx-community/Qwen2.5-7B-Instruct-4bit,qwen,mlx,4,attention_l2,hybrid,512,ruler,15687,,5.972164204326706,1.787109375,True,False,0.0,True,100.0,True,string_match_all,ruler_public_string_match,True,string_match_all,100.0,0.0,0.0,512,512,512.0,253.1619297930156,84.90133487500134,8.49726241704775,24.23205711619812,34.31412756218924,10.221282284182962,1.2731738961010706,15.063675065889248,66.38486263318555,3612,3612,False,,,False
official_ruler_niah_single_qwen25_7b,20260611_225910,13,mlx-community/Qwen2.5-7B-Instruct-4bit,qwen,mlx,4,attention_l2,hybrid,512,ruler,15684,,5.188706179193045,1.646484375,True,False,0.0196078431372549,True,100.0,True,string_match_all,ruler_public_string_match,True,string_match_all,100.0,0.0,0.0,512,512,512.0,258.8186655009922,84.8939963330049,9.91998196489294,23.917135869443882,35.50138723780401,9.969220413448056,1.2683862222183961,12.903249265270354,77.4998591007261,3612,3612,False,,,False
official_ruler_niah_single_qwen25_7b,20260611_225910,14,mlx-community/Qwen2.5-7B-Instruct-4bit,qwen,mlx,4,attention_l2,hybrid,512,ruler,15687,,4.951098023941522,1.599609375,True,False,0.02,True,100.0,True,string_match_all,ruler_public_string_match,True,string_match_all,100.0,0.0,0.0,512,512,512.0,259.7035772500094,84.66954741702648,8.12859204018605,24.18884241496562,37.1155786512827,10.234978952124948,1.2798149336595088,15.746884499455124,63.50462531395351,3612,3612,False,,,False
official_ruler_niah_single_qwen25_7b,20260611_225910,15,mlx-community/Qwen2.5-7B-Instruct-4bit,qwen,mlx,4,attention_l2,hybrid,512,ruler,15684,,6.701582885090683,1.90234375,True,False,0.0,True,100.0,True,string_match_all,ruler_public_string_match,True,string_match_all,100.0,0.0,0.0,512,512,512.0,254.56632266601082,84.72681179200299,8.861659874004545,24.25416862498969,34.334339522814844,10.204685567761771,1.2874794578820001,14.44424654296254,69.2317177656605,3612,3612,False,,,False
official_ruler_niah_single_qwen25_7b,20260611_225910,16,mlx-community/Qwen2.5-7B-Instruct-4bit,qwen,mlx,4,attention_l2,hybrid,512,ruler,15684,,5.555807349639592,1.71484375,True,False,0.02,True,100.0,True,string_match_all,ruler_public_string_match,True,string_match_all,100.0,0.0,0.0,512,512,512.0,257.41316979096155,84.85440279199975,9.996049829933327,24.180363040126394,34.65573152212892,10.200409095763462,1.2940540795098059,12.805058215766593,78.09413929635411,3612,3612,False,,,False
official_ruler_niah_single_qwen25_7b,20260611_225910,17,mlx-community/Qwen2.5-7B-Instruct-4bit,qwen,mlx,4,attention_l2,hybrid,512,ruler,15684,,4.922172509432291,1.59375,True,False,0.0,True,100.0,True,string_match_all,ruler_public_string_match,True,string_match_all,100.0,0.0,0.0,512,512,512.0,255.88528670798405,84.74502045899862,9.596123045223067,23.9914790019684,34.90897436160594,10.069532961875666,1.268200313730631,13.338720168216078,74.96971129080521,3612,3612,False,,,False
official_ruler_niah_single_qwen25_7b,20260611_225910,18,mlx-community/Qwen2.5-7B-Instruct-4bit,qwen,mlx,4,attention_l2,hybrid,512,ruler,15696,,6.44484927647148,1.86328125,True,False,0.0,True,100.0,True,string_match_all,ruler_public_string_match,True,string_match_all,100.0,0.0,0.0,512,512,512.0,260.8680293330108,84.9179839999997,10.56418882199796,24.26199775087298,37.70181851397501,10.205653935059672,1.2870232175046112,12.11640592162304,82.53272517185906,3612,3612,False,,,False
official_ruler_niah_single_qwen25_7b,20260611_225910,19,mlx-community/Qwen2.5-7B-Instruct-4bit,qwen,mlx,4,attention_l2,hybrid,512,ruler,15687,,4.951098023941522,1.599609375,True,False,0.0,True,100.0,True,string_match_all,ruler_public_string_match,True,string_match_all,100.0,0.0,0.0,512,512,512.0,258.1735270830104,84.8542460000026,10.079160502005834,24.244078299525427,37.03161922527943,10.23675210683723,1.2816376423288602,12.69947035514783,78.74344142192058,3612,3612,False,,,False
official_ruler_niah_single_qwen25_7b,20260611_225910,0,mlx-community/Qwen2.5-7B-Instruct-4bit,qwen,mlx,4,attention_l1,hybrid,512,ruler,15687,,5.687559524110652,1.73828125,True,False,0.021052631578947368,True,100.0,True,string_match_all,ruler_public_string_match,True,string_match_all,100.0,0.0,0.0,512,512,512.0,249.3138804170012,84.91980495801545,10.756346618989483,15.903529662173241,26.80713770678267,9.586286146892235,1.2005356112786103,11.89995121336329,84.03395796085533,3612,3612,False,,,False
official_ruler_niah_single_qwen25_7b,20260611_225910,1,mlx-community/Qwen2.5-7B-Instruct-4bit,qwen,mlx,4,attention_l1,hybrid,512,ruler,15693,,6.394695061498554,1.85546875,True,False,0.0,True,100.0,True,string_match_all,ruler_public_string_match,True,string_match_all,100.0,0.0,0.0,512,512,512.0,248.16937883396167,84.94661812501727,10.220405621919781,16.16952799601131,28.141798259108327,9.896426773048006,1.200466009468073,12.523964775475978,79.84691892124829,3612,3612,False,,,False
official_ruler_niah_single_qwen25_7b,20260611_225910,2,mlx-community/Qwen2.5-7B-Instruct-4bit,qwen,mlx,4,attention_l1,hybrid,512,ruler,15687,,5.128255921182873,1.634765625,True,False,0.0,True,100.0,True,string_match_all,ruler_public_string_match,True,string_match_all,100.0,0.0,0.0,512,512,512.0,246.84152012501727,84.79176200000802,7.756802377087297,16.252628961607115,26.999371869897004,9.946124807582237,1.2047370946384035,16.501645108053456,60.60001857099451,3612,3612,False,,,False
official_ruler_niah_single_qwen25_7b,20260611_225910,3,mlx-community/Qwen2.5-7B-Instruct-4bit,qwen,mlx,4,attention_l1,hybrid,512,ruler,15687,,5.009460000718975,1.611328125,True,False,0.0,True,100.0,True,string_match_all,ruler_public_string_match,True,string_match_all,100.0,0.0,0.0,512,512,512.0,252.61483895900892,84.64393662501243,10.97984683298273,16.032862332009245,28.70153442985611,9.808630897547118,1.185925803380087,11.65772181953363,85.78005338267758,3612,3612,False,,,False
official_ruler_niah_single_qwen25_7b,20260611_225910,4,mlx-community/Qwen2.5-7B-Instruct-4bit,qwen,mlx,4,attention_l1,hybrid,512,ruler,15687,,6.701582885090683,1.90234375,True,False,0.0,True,100.0,True,string_match_all,ruler_public_string_match,True,string_match_all,100.0,0.0,0.0,512,512,512.0,249.0921267500089,84.63004499999806,10.867639202042483,16.204138289991533,27.49692320349277,9.920056278730044,1.1902750293666031,11.778086999423339,84.9034312659569,3612,3612,False,,,False
official_ruler_niah_single_qwen25_7b,20260611_225910,5,mlx-community/Qwen2.5-7B-Instruct-4bit,qwen,mlx,4,attention_l1,hybrid,512,ruler,15690,,5.948880942630247,1.783203125,True,False,0.0,True,100.0,True,string_match_all,ruler_public_string_match,True,string_match_all,100.0,0.0,0.0,512,512,512.0,243.58269225002732,84.97307474998524,9.204078259237576,16.266769779263996,26.08571453683544,9.96374980697874,1.199681312777102,13.906878711242394,71.90686140029356,3612,3612,False,,,False
official_ruler_niah_single_qwen25_7b,20260611_225910,6,mlx-community/Qwen2.5-7B-Instruct-4bit,qwen,mlx,4,attention_l1,hybrid,512,ruler,15690,,5.363879496843748,1.6796875,True,False,0.0,True,100.0,True,string_match_all,ruler_public_string_match,True,string_match_all,100.0,0.0,0.0,512,512,512.0,242.78185383300297,85.0637154589931,9.150258787121857,16.120913745864527,25.75215649913298,9.845092452742392,1.1977844994398765,13.98867540010433,71.4863967743895,3612,3612,False,,,False
official_ruler_niah_single_qwen25_7b,20260611_225910,7,mlx-community/Qwen2.5-7B-Instruct-4bit,qwen,mlx,4,attention_l1,hybrid,512,ruler,15687,,4.552265403793883,1.515625,True,False,0.0,True,100.0,True,string_match_all,ruler_public_string_match,True,string_match_all,100.0,0.0,0.0,512,512,512.0,246.93554987502284,84.82821412498015,7.788101790996734,16.252631001872942,26.5839145394566,9.985345512832282,1.1935266501968727,16.435327045670054,60.844545242161985,3612,3612,False,,,False
official_ruler_niah_single_qwen25_7b,20260611_225910,8,mlx-community/Qwen2.5-7B-Instruct-4bit,qwen,mlx,4,attention_l1,hybrid,512,ruler,15693,,5.480365933956924,1.701171875,True,False,0.0,True,100.0,True,string_match_all,ruler_public_string_match,True,string_match_all,100.0,0.0,0.0,512,512,512.0,252.54283266700804,84.86468329199124,11.124732214899268,16.182815835054498,27.464318636222742,9.91701140924124,1.1977289414207917,11.505894930987246,86.91197042890053,3612,3612,False,,,False
official_ruler_niah_single_qwen25_7b,20260611_225910,9,mlx-community/Qwen2.5-7B-Instruct-4bit,qwen,mlx,4,attention_l1,hybrid,512,ruler,15690,,5.983839985957149,1.7890625,True,False,0.0,True,100.0,True,string_match_all,ruler_public_string_match,True,string_match_all,100.0,0.0,0.0,512,512,512.0,248.66373449901585,84.77554508400499,10.540947742149001,16.190447485889308,28.635127564280992,9.896419395168778,1.1971454121230636,12.143120631191406,82.35115423553907,3612,3612,False,,,False
official_ruler_niah_single_qwen25_7b,20260611_225910,10,mlx-community/Qwen2.5-7B-Instruct-4bit,qwen,mlx,4,attention_l1,hybrid,512,ruler,15687,,5.363879496843748,1.6796875,True,False,0.0,True,100.0,True,string_match_all,ruler_public_string_match,True,string_match_all,100.0,0.0,0.0,512,512,512.0,249.14974649998476,84.9356945840118,10.350163084251108,16.266314290929586,27.861254810268292,9.96450420448673,1.2030054795905016,12.366954893180944,80.86064909571178,3612,3612,False,,,False
official_ruler_niah_single_qwen25_7b,20260611_225910,11,mlx-community/Qwen2.5-7B-Instruct-4bit,qwen,mlx,4,attention_l1,hybrid,512,ruler,15684,,5.46967254040864,1.69921875,True,False,0.0,True,100.0,True,string_match_all,ruler_public_string_match,True,string_match_all,100.0,0.0,0.0,512,512,512.0,247.7545852919866,84.80563074999372,9.439016126038041,16.077366380981402,27.42571691478952,9.82860676990822,1.192583585419925,13.560735387124195,73.7423134846722,3612,3612,False,,,False
official_ruler_niah_single_qwen25_7b,20260611_225910,12,mlx-community/Qwen2.5-7B-Instruct-4bit,qwen,mlx,4,attention_l1,hybrid,512,ruler,15687,,6.019004468714109,1.794921875,True,False,0.0,True,100.0,True,string_match_all,ruler_public_string_match,True,string_match_all,100.0,0.0,0.0,512,512,512.0,248.23591212398605,84.7464611250034,9.779513875953853,16.19343703397317,26.957963106193347,9.907563932007179,1.1972781050717458,13.088585140691915,76.40245215588948,3612,3612,False,,,False
official_ruler_niah_single_qwen25_7b,20260611_225910,13,mlx-community/Qwen2.5-7B-Instruct-4bit,qwen,mlx,4,attention_l1,hybrid,512,ruler,15684,,5.168477330872253,1.642578125,True,False,0.0,True,100.0,True,string_match_all,ruler_public_string_match,True,string_match_all,100.0,0.0,0.0,512,512,512.0,251.50830879202113,84.74143637498491,11.687381047202507,16.182189947459847,28.39100299263373,9.886553127726074,1.1941818803898059,10.951983124622954,91.30766443126959,3612,3612,False,,,False
official_ruler_niah_single_qwen25_7b,20260611_225910,14,mlx-community/Qwen2.5-7B-Instruct-4bit,qwen,mlx,4,attention_l1,hybrid,512,ruler,15687,,4.922172509432291,1.59375,True,False,0.0,True,100.0,True,string_match_all,ruler_public_string_match,True,string_match_all,100.0,0.0,0.0,512,512,512.0,248.20316337500117,84.79909508299897,8.586350209050579,16.24168475207989,28.191565374378115,9.947985090082511,1.222251276660245,14.907381702772799,67.08086100820765,3612,3612,False,,,False
official_ruler_niah_single_qwen25_7b,20260611_225910,15,mlx-community/Qwen2.5-7B-Instruct-4bit,qwen,mlx,4,attention_l1,hybrid,512,ruler,15684,,6.688506629955475,1.900390625,True,False,0.0,True,100.0,True,string_match_all,ruler_public_string_match,True,string_match_all,100.0,0.0,0.0,512,512,512.0,246.0737092079944,84.7435159170127,10.191983415948926,16.19969328783918,27.160069146571914,9.92771319343592,1.1976452064118348,12.558890137095316,79.62487043710098,3612,3612,False,,,False
official_ruler_niah_single_qwen25_7b,20260611_225910,16,mlx-community/Qwen2.5-7B-Instruct-4bit,qwen,mlx,4,attention_l1,hybrid,512,ruler,15684,,5.491080233448797,1.703125,True,False,0.0,True,100.0,True,string_match_all,ruler_public_string_match,True,string_match_all,100.0,0.0,0.0,512,512,512.0,243.4377566250041,84.84971662500175,9.275698958954308,16.232773504860234,26.003962261107517,9.927900896669598,1.2094219030695967,13.799499160808256,72.46639811683053,3612,3612,False,,,False
official_ruler_niah_single_qwen25_7b,20260611_225910,17,mlx-community/Qwen2.5-7B-Instruct-4bit,qwen,mlx,4,attention_l1,hybrid,512,ruler,15684,,4.864827462730874,1.58203125,True,False,0.0,True,100.0,True,string_match_all,ruler_public_string_match,True,string_match_all,100.0,0.0,0.0,512,512,512.0,244.81570349997492,84.84417187498184,9.078763994999463,16.110117467615055,26.947975297109224,9.841248572949553,1.1974676912941504,14.09883548801376,70.9278437109333,3612,3612,False,,,False
official_ruler_niah_single_qwen25_7b,20260611_225910,18,mlx-community/Qwen2.5-7B-Instruct-4bit,qwen,mlx,4,attention_l1,hybrid,512,ruler,15696,,6.4071969051480036,1.857421875,True,False,0.0,True,100.0,True,string_match_all,ruler_public_string_match,True,string_match_all,100.0,0.0,0.0,512,512,512.0,252.2276769169839,84.99427395898965,10.050016798020806,16.011315914132865,26.841211034246953,11.183503570238827,1.183358662383398,12.73629711994189,78.51575623453755,3612,3612,False,,,False
official_ruler_niah_single_qwen25_7b,20260611_225910,19,mlx-community/Qwen2.5-7B-Instruct-4bit,qwen,mlx,4,attention_l1,hybrid,512,ruler,15687,,4.980193521397919,1.60546875,True,False,0.020408163265306124,True,100.0,True,string_match_all,ruler_public_string_match,True,string_match_all,100.0,0.0,0.0,512,512,512.0,248.23620520799886,84.63032091700006,9.285501746810041,16.30231775989523,28.68950079070055,9.996679518546443,1.2065340208355337,13.784930905211812,72.54298239695345,3612,3612,False,,,False
